
/*!40101 SET @OLD_CHARACTER_SET_CLIENT=@@CHARACTER_SET_CLIENT */;
/*!40101 SET @OLD_CHARACTER_SET_RESULTS=@@CHARACTER_SET_RESULTS */;
/*!40101 SET @OLD_COLLATION_CONNECTION=@@COLLATION_CONNECTION */;
/*!40101 SET NAMES utf8mb4 */;
/*!40103 SET @OLD_TIME_ZONE=@@TIME_ZONE */;
/*!40103 SET TIME_ZONE='+00:00' */;
/*!40014 SET @OLD_UNIQUE_CHECKS=@@UNIQUE_CHECKS, UNIQUE_CHECKS=0 */;
/*!40014 SET @OLD_FOREIGN_KEY_CHECKS=@@FOREIGN_KEY_CHECKS, FOREIGN_KEY_CHECKS=0 */;
/*!40101 SET @OLD_SQL_MODE=@@SQL_MODE, SQL_MODE='NO_AUTO_VALUE_ON_ZERO' */;
/*!40111 SET @OLD_SQL_NOTES=@@SQL_NOTES, SQL_NOTES=0 */;
DROP TABLE IF EXISTS `failed_jobs`;
/*!40101 SET @saved_cs_client     = @@character_set_client */;
/*!40101 SET character_set_client = utf8 */;
CREATE TABLE `failed_jobs` (
  `id` bigint(20) unsigned NOT NULL AUTO_INCREMENT,
  `uuid` varchar(255) COLLATE utf8mb4_unicode_ci NOT NULL,
  `connection` text COLLATE utf8mb4_unicode_ci NOT NULL,
  `queue` text COLLATE utf8mb4_unicode_ci NOT NULL,
  `payload` longtext COLLATE utf8mb4_unicode_ci NOT NULL,
  `exception` longtext COLLATE utf8mb4_unicode_ci NOT NULL,
  `failed_at` timestamp NOT NULL DEFAULT CURRENT_TIMESTAMP,
  PRIMARY KEY (`id`),
  UNIQUE KEY `failed_jobs_uuid_unique` (`uuid`)
) ENGINE=InnoDB DEFAULT CHARSET=utf8mb4 COLLATE=utf8mb4_unicode_ci;
/*!40101 SET character_set_client = @saved_cs_client */;

LOCK TABLES `failed_jobs` WRITE;
/*!40000 ALTER TABLE `failed_jobs` DISABLE KEYS */;
/*!40000 ALTER TABLE `failed_jobs` ENABLE KEYS */;
UNLOCK TABLES;
DROP TABLE IF EXISTS `guru`;
/*!40101 SET @saved_cs_client     = @@character_set_client */;
/*!40101 SET character_set_client = utf8 */;
CREATE TABLE `guru` (
  `id` bigint(20) unsigned NOT NULL AUTO_INCREMENT,
  `user_id` bigint(20) unsigned NOT NULL,
  `nama` varchar(255) COLLATE utf8mb4_unicode_ci NOT NULL,
  `nik` varchar(255) COLLATE utf8mb4_unicode_ci NOT NULL,
  `nip` varchar(255) COLLATE utf8mb4_unicode_ci DEFAULT NULL,
  `created_at` timestamp NULL DEFAULT NULL,
  `updated_at` timestamp NULL DEFAULT NULL,
  PRIMARY KEY (`id`)
) ENGINE=InnoDB AUTO_INCREMENT=52 DEFAULT CHARSET=utf8mb4 COLLATE=utf8mb4_unicode_ci;
/*!40101 SET character_set_client = @saved_cs_client */;

LOCK TABLES `guru` WRITE;
/*!40000 ALTER TABLE `guru` DISABLE KEYS */;
INSERT INTO `guru` VALUES (5,21,'Adi Prabowo, S.Pd','3326181603610001','196103161988031008','2020-09-28 07:29:31','2020-09-28 10:43:54'),(6,22,'Agus Arintono','3375031205660004','196605121989011005','2020-09-28 07:29:31','2020-09-28 07:29:31'),(7,23,'Agus Ciptono','3326150901660001','196601092002121001','2020-09-28 07:29:31','2020-09-28 07:29:31'),(8,24,'Agus Mintoro','3326141907650001','196507191989011002','2020-09-28 07:29:31','2020-09-28 07:29:31'),(9,25,'Akhmad Faisal','3326161403890041','','2020-09-28 07:29:31','2020-09-28 07:29:31'),(10,26,'Alimah','3375034303690005','196903032002122004','2020-09-28 07:29:32','2020-09-28 07:29:32'),(11,27,'Anis Ekawati','3302036208920002','199208222019022011','2020-09-28 07:29:32','2020-09-28 07:29:32'),(12,28,'Anita Notonegoro','3375014909680007','196809092002122003','2020-09-28 07:29:32','2020-09-28 07:29:32'),(13,29,'Ashfarah Karina Dewi, S. Pd','3325114112910002','199112012019022007','2020-09-28 07:29:32','2020-09-28 07:29:32'),(14,30,'Bianca Noorma Meydita','3375017105830004','','2020-09-28 07:29:32','2020-09-28 07:29:32'),(15,31,'Budi Setiyatmi','3375014405680004','196805041997022002','2020-09-28 07:29:32','2020-09-28 07:29:32'),(16,32,'C Wiwik Haryanti','3375035412670002','196712142006042004','2020-09-28 07:29:32','2020-09-28 07:29:32'),(17,33,'Cipto Suwarno','3326190103830002','198303012006041008','2020-09-28 07:29:32','2020-09-28 07:29:32'),(18,34,'Dadang Irwanto','3326080711900003','','2020-09-28 07:29:33','2020-09-28 07:29:33'),(19,35,'Dian Rochmaningsih','3375034212800006','198012022010012006','2020-09-28 07:29:33','2020-09-28 07:29:33'),(20,36,'Dina Oktaviana','3326135010780021','197810102003122007','2020-09-28 07:29:33','2020-09-28 07:29:33'),(21,37,'Dyah Catur Rachmintarti','3375016109620005','196209212000122001','2020-09-28 07:29:33','2020-09-28 07:29:33'),(22,38,'Edi Setiarso','3375032006680005','196806202002121001','2020-09-28 07:29:33','2020-09-28 07:29:33'),(23,39,'Edie Sochib El Samah','3326132401700001','197001242014061001','2020-09-28 07:29:33','2020-09-28 07:29:33'),(24,40,'Fauriana','3326136411800062','198011242009032002','2020-09-28 07:29:33','2020-09-28 07:29:33'),(25,41,'Heri Sutrisno','3375010406790003','197906042006041009','2020-09-28 07:29:33','2020-09-28 07:29:33'),(26,42,'Ike Dekawati Susiloningrum','3325124401830003','','2020-09-28 07:29:33','2020-09-28 07:29:33'),(27,43,'Jazuli','3326162603640022','196403261989011001','2020-09-28 07:29:34','2020-09-28 07:29:34'),(28,44,'Kasmali','3325112001650003','196501202003121002','2020-09-28 07:29:34','2020-09-28 07:29:34'),(29,45,'Kholidin','3325122711760001','197611272005011006','2020-09-28 07:29:34','2020-09-28 07:29:34'),(30,46,'Malikus Solekha','3375025209630001','196309121984052002','2020-09-28 07:29:34','2020-09-28 07:29:34'),(31,47,'Mardiyanto','3326150401660001','196601042002121001','2020-09-28 07:29:34','2020-09-28 07:29:34'),(32,48,'Mulyono','3375012311610005','196111231987031006','2020-09-28 07:29:34','2020-09-28 07:29:34'),(33,49,'Peter Sugiyanto','3375123456789012','','2020-09-28 07:29:34','2020-09-28 07:29:34'),(34,50,'Prabandari Diah Ayu P','3375024805880002','','2020-09-28 07:29:34','2020-09-28 07:29:34'),(35,51,'Purtriyekti','3326154202700001','197002022006042005','2020-09-28 07:29:34','2020-09-28 07:29:34'),(36,52,'Rachmatiyah','3375014411690003','196911041997022002','2020-09-28 07:29:35','2020-09-28 07:29:35'),(37,53,'Ratna Puspitasari','3375016302940007','','2020-09-28 07:29:35','2020-09-28 07:29:35'),(38,54,'Saiful Fallah','3375031601760012','197601162002121002','2020-09-28 07:29:35','2020-09-28 07:29:35'),(39,55,'Shyam Bintoro Aji','3327131505880003','','2020-09-28 07:29:35','2020-09-28 07:29:35'),(40,56,'Sintawati','3375016602640004','196402261987032001','2020-09-28 07:29:35','2020-09-28 07:29:35'),(41,57,'Siti Aisah Henny','3375014405670004','196705042008012013','2020-09-28 07:29:35','2020-09-28 07:29:35'),(42,58,'Siti Rikhanah','3375024805630003','196305082002122001','2020-09-28 07:29:35','2020-09-28 07:29:35'),(43,59,'Sri Hartini','3375035403750004','197503142006042009','2020-09-28 07:29:35','2020-09-28 07:29:35'),(44,60,'Sri Kurniah','3375026203730004','','2020-09-28 07:29:36','2020-09-28 07:29:36'),(45,61,'Steffi Dian Kemalasari','3325114305890005','198905032011012004','2020-09-28 07:29:36','2020-09-28 07:29:36'),(46,62,'Suciati','3325114104750003','197504012006042022','2020-09-28 07:29:36','2020-09-28 07:29:36'),(47,63,'Sumartono','3375010503660008','196603051988031011','2020-09-28 07:29:36','2020-09-28 07:29:36'),(48,64,'Suyoto','3375012605620008','196205261988031003','2020-09-28 07:29:36','2020-09-28 07:29:36'),(49,65,'Tatik Orbaningsih','3326166810680002','196810281994122004','2020-09-28 07:29:36','2020-09-28 07:29:36'),(50,66,'Tri Yuli Raharjo','3325110808650001','196508081989031016','2020-09-28 07:29:36','2020-09-28 07:29:36'),(51,67,'Yustina Kunari','3326145009760004','197609102006042022','2020-09-28 07:29:36','2020-09-28 07:29:36');
/*!40000 ALTER TABLE `guru` ENABLE KEYS */;
UNLOCK TABLES;
DROP TABLE IF EXISTS `jurusan`;
/*!40101 SET @saved_cs_client     = @@character_set_client */;
/*!40101 SET character_set_client = utf8 */;
CREATE TABLE `jurusan` (
  `id` bigint(20) unsigned NOT NULL AUTO_INCREMENT,
  `nama` varchar(255) COLLATE utf8mb4_unicode_ci NOT NULL,
  `singkat` varchar(255) COLLATE utf8mb4_unicode_ci NOT NULL,
  `tingkat` int(11) NOT NULL,
  `created_at` timestamp NULL DEFAULT NULL,
  `updated_at` timestamp NULL DEFAULT NULL,
  PRIMARY KEY (`id`)
) ENGINE=InnoDB AUTO_INCREMENT=8 DEFAULT CHARSET=utf8mb4 COLLATE=utf8mb4_unicode_ci;
/*!40101 SET character_set_client = @saved_cs_client */;

LOCK TABLES `jurusan` WRITE;
/*!40000 ALTER TABLE `jurusan` DISABLE KEYS */;
INSERT INTO `jurusan` VALUES (2,'Matematika & Ilmu Pengetahuan Alam','MIPA',10,'2020-09-26 09:33:53','2020-09-26 09:33:53'),(3,'Matematika & Ilmu Pengetahuan Alam','MIPA',11,'2020-09-26 10:07:13','2020-09-26 10:07:13'),(4,'Matematika & Ilmu Pengetahuan Alam','MIPA',12,'2020-09-26 10:07:20','2020-09-26 10:07:20'),(5,'Ilmu Pengetahuan Sosial','IPS',10,'2020-09-28 11:07:38','2020-09-28 11:07:38'),(6,'Ilmu Pengetahuan Sosial','IPS',11,'2020-09-28 11:07:45','2020-09-28 11:07:45'),(7,'Ilmu Pengetahuan Sosial','IPS',12,'2020-09-28 11:07:52','2020-09-28 11:07:52');
/*!40000 ALTER TABLE `jurusan` ENABLE KEYS */;
UNLOCK TABLES;
DROP TABLE IF EXISTS `kelas`;
/*!40101 SET @saved_cs_client     = @@character_set_client */;
/*!40101 SET character_set_client = utf8 */;
CREATE TABLE `kelas` (
  `id` bigint(20) unsigned NOT NULL AUTO_INCREMENT,
  `nama` varchar(255) COLLATE utf8mb4_unicode_ci NOT NULL,
  `jurusan_id` bigint(20) unsigned NOT NULL,
  `author_id` bigint(20) unsigned NOT NULL,
  `created_at` timestamp NULL DEFAULT NULL,
  `updated_at` timestamp NULL DEFAULT NULL,
  PRIMARY KEY (`id`)
) ENGINE=InnoDB AUTO_INCREMENT=13 DEFAULT CHARSET=utf8mb4 COLLATE=utf8mb4_unicode_ci;
/*!40101 SET character_set_client = @saved_cs_client */;

LOCK TABLES `kelas` WRITE;
/*!40000 ALTER TABLE `kelas` DISABLE KEYS */;
INSERT INTO `kelas` VALUES (1,'X MIPA 1',2,1,'2020-09-26 18:14:06','2020-09-26 18:14:06'),(2,'X MIPA 2',2,1,'2020-09-28 11:08:19','2020-09-28 11:08:19'),(3,'X MIPA 3',2,1,'2020-09-28 11:09:26','2020-09-28 11:09:26'),(4,'X MIPA 4',2,1,'2020-09-28 11:09:37','2020-09-28 11:09:37'),(5,'X MIPA 5',2,1,'2020-09-28 11:09:56','2020-09-28 11:09:56'),(6,'X IPS 1',5,1,'2020-09-28 11:10:52','2020-09-28 11:10:52'),(7,'X IPS 2',5,1,'2020-09-28 11:11:04','2020-09-28 11:11:04'),(8,'XI MPA 1',3,1,'2020-09-28 11:18:15','2020-09-28 11:18:15'),(9,'XI MIPA 2',3,1,'2020-09-28 11:18:26','2020-09-28 11:18:26'),(10,'XI MIPA 3',3,1,'2020-09-28 11:18:34','2020-09-28 11:18:34'),(11,'XI MIPA 4',3,1,'2020-09-28 11:18:44','2020-09-28 11:18:44'),(12,'XI MIPA 5',3,1,'2020-09-28 11:18:52','2020-09-28 11:18:52');
/*!40000 ALTER TABLE `kelas` ENABLE KEYS */;
UNLOCK TABLES;
DROP TABLE IF EXISTS `mapel`;
/*!40101 SET @saved_cs_client     = @@character_set_client */;
/*!40101 SET character_set_client = utf8 */;
CREATE TABLE `mapel` (
  `id` bigint(20) unsigned NOT NULL AUTO_INCREMENT,
  `guru_id` bigint(20) unsigned NOT NULL,
  `author_id` bigint(20) unsigned NOT NULL,
  `nama` varchar(255) COLLATE utf8mb4_unicode_ci NOT NULL,
  `created_at` timestamp NULL DEFAULT NULL,
  `updated_at` timestamp NULL DEFAULT NULL,
  PRIMARY KEY (`id`)
) ENGINE=InnoDB AUTO_INCREMENT=5 DEFAULT CHARSET=utf8mb4 COLLATE=utf8mb4_unicode_ci;
/*!40101 SET character_set_client = @saved_cs_client */;

LOCK TABLES `mapel` WRITE;
/*!40000 ALTER TABLE `mapel` DISABLE KEYS */;
INSERT INTO `mapel` VALUES (4,3,1,'Biologi','2020-09-27 02:43:19','2020-09-27 02:43:19');
/*!40000 ALTER TABLE `mapel` ENABLE KEYS */;
UNLOCK TABLES;
DROP TABLE IF EXISTS `migrations`;
/*!40101 SET @saved_cs_client     = @@character_set_client */;
/*!40101 SET character_set_client = utf8 */;
CREATE TABLE `migrations` (
  `id` int(10) unsigned NOT NULL AUTO_INCREMENT,
  `migration` varchar(255) COLLATE utf8mb4_unicode_ci NOT NULL,
  `batch` int(11) NOT NULL,
  PRIMARY KEY (`id`)
) ENGINE=InnoDB AUTO_INCREMENT=15 DEFAULT CHARSET=utf8mb4 COLLATE=utf8mb4_unicode_ci;
/*!40101 SET character_set_client = @saved_cs_client */;

LOCK TABLES `migrations` WRITE;
/*!40000 ALTER TABLE `migrations` DISABLE KEYS */;
INSERT INTO `migrations` VALUES (1,'2014_10_12_000000_create_users_table',1),(2,'2014_10_12_100000_create_password_resets_table',1),(3,'2019_08_19_000000_create_failed_jobs_table',1),(4,'2020_09_22_044749_laratrust_setup_tables',1),(5,'2020_09_23_014010_create_thajaran_table',2),(6,'2020_09_23_020516_add_status_to_thajaran_table',2),(7,'2020_09_25_070238_create_guru_table',3),(8,'2020_09_26_082947_create_siswa_table',4),(9,'2020_09_26_160829_create_jurusan_table',5),(10,'2020_09_26_224307_create_mapel_table',6),(12,'2020_09_26_230243_rename_mapel_column',7),(13,'2020_09_27_004848_create_kelas_table',7),(14,'2020_09_27_160813_create_pembelajaran_table',8);
/*!40000 ALTER TABLE `migrations` ENABLE KEYS */;
UNLOCK TABLES;
DROP TABLE IF EXISTS `password_resets`;
/*!40101 SET @saved_cs_client     = @@character_set_client */;
/*!40101 SET character_set_client = utf8 */;
CREATE TABLE `password_resets` (
  `email` varchar(255) COLLATE utf8mb4_unicode_ci NOT NULL,
  `token` varchar(255) COLLATE utf8mb4_unicode_ci NOT NULL,
  `created_at` timestamp NULL DEFAULT NULL,
  KEY `password_resets_email_index` (`email`)
) ENGINE=InnoDB DEFAULT CHARSET=utf8mb4 COLLATE=utf8mb4_unicode_ci;
/*!40101 SET character_set_client = @saved_cs_client */;

LOCK TABLES `password_resets` WRITE;
/*!40000 ALTER TABLE `password_resets` DISABLE KEYS */;
/*!40000 ALTER TABLE `password_resets` ENABLE KEYS */;
UNLOCK TABLES;
DROP TABLE IF EXISTS `pembelajaran`;
/*!40101 SET @saved_cs_client     = @@character_set_client */;
/*!40101 SET character_set_client = utf8 */;
CREATE TABLE `pembelajaran` (
  `id` bigint(20) unsigned NOT NULL AUTO_INCREMENT,
  `mapel_id` bigint(20) unsigned NOT NULL,
  `kelas_id` bigint(20) unsigned NOT NULL,
  `author_id` bigint(20) unsigned NOT NULL,
  `thajaran` varchar(255) COLLATE utf8mb4_unicode_ci NOT NULL,
  `created_at` timestamp NULL DEFAULT NULL,
  `updated_at` timestamp NULL DEFAULT NULL,
  PRIMARY KEY (`id`)
) ENGINE=InnoDB DEFAULT CHARSET=utf8mb4 COLLATE=utf8mb4_unicode_ci;
/*!40101 SET character_set_client = @saved_cs_client */;

LOCK TABLES `pembelajaran` WRITE;
/*!40000 ALTER TABLE `pembelajaran` DISABLE KEYS */;
/*!40000 ALTER TABLE `pembelajaran` ENABLE KEYS */;
UNLOCK TABLES;
DROP TABLE IF EXISTS `permission_role`;
/*!40101 SET @saved_cs_client     = @@character_set_client */;
/*!40101 SET character_set_client = utf8 */;
CREATE TABLE `permission_role` (
  `permission_id` bigint(20) unsigned NOT NULL,
  `role_id` bigint(20) unsigned NOT NULL,
  PRIMARY KEY (`permission_id`,`role_id`),
  KEY `permission_role_role_id_foreign` (`role_id`),
  CONSTRAINT `permission_role_permission_id_foreign` FOREIGN KEY (`permission_id`) REFERENCES `permissions` (`id`) ON DELETE CASCADE ON UPDATE CASCADE,
  CONSTRAINT `permission_role_role_id_foreign` FOREIGN KEY (`role_id`) REFERENCES `roles` (`id`) ON DELETE CASCADE ON UPDATE CASCADE
) ENGINE=InnoDB DEFAULT CHARSET=utf8mb4 COLLATE=utf8mb4_unicode_ci;
/*!40101 SET character_set_client = @saved_cs_client */;

LOCK TABLES `permission_role` WRITE;
/*!40000 ALTER TABLE `permission_role` DISABLE KEYS */;
INSERT INTO `permission_role` VALUES (1,1),(2,1),(3,1),(4,1),(5,1),(6,1),(1,2),(2,2),(3,2),(4,2),(5,2),(6,2),(5,3),(6,3),(5,4),(6,4),(5,5),(6,5);
/*!40000 ALTER TABLE `permission_role` ENABLE KEYS */;
UNLOCK TABLES;
DROP TABLE IF EXISTS `permission_user`;
/*!40101 SET @saved_cs_client     = @@character_set_client */;
/*!40101 SET character_set_client = utf8 */;
CREATE TABLE `permission_user` (
  `permission_id` bigint(20) unsigned NOT NULL,
  `user_id` bigint(20) unsigned NOT NULL,
  `user_type` varchar(255) COLLATE utf8mb4_unicode_ci NOT NULL,
  PRIMARY KEY (`user_id`,`permission_id`,`user_type`),
  KEY `permission_user_permission_id_foreign` (`permission_id`),
  CONSTRAINT `permission_user_permission_id_foreign` FOREIGN KEY (`permission_id`) REFERENCES `permissions` (`id`) ON DELETE CASCADE ON UPDATE CASCADE
) ENGINE=InnoDB DEFAULT CHARSET=utf8mb4 COLLATE=utf8mb4_unicode_ci;
/*!40101 SET character_set_client = @saved_cs_client */;

LOCK TABLES `permission_user` WRITE;
/*!40000 ALTER TABLE `permission_user` DISABLE KEYS */;
/*!40000 ALTER TABLE `permission_user` ENABLE KEYS */;
UNLOCK TABLES;
DROP TABLE IF EXISTS `permissions`;
/*!40101 SET @saved_cs_client     = @@character_set_client */;
/*!40101 SET character_set_client = utf8 */;
CREATE TABLE `permissions` (
  `id` bigint(20) unsigned NOT NULL AUTO_INCREMENT,
  `name` varchar(255) COLLATE utf8mb4_unicode_ci NOT NULL,
  `display_name` varchar(255) COLLATE utf8mb4_unicode_ci DEFAULT NULL,
  `description` varchar(255) COLLATE utf8mb4_unicode_ci DEFAULT NULL,
  `created_at` timestamp NULL DEFAULT NULL,
  `updated_at` timestamp NULL DEFAULT NULL,
  PRIMARY KEY (`id`),
  UNIQUE KEY `permissions_name_unique` (`name`)
) ENGINE=InnoDB AUTO_INCREMENT=7 DEFAULT CHARSET=utf8mb4 COLLATE=utf8mb4_unicode_ci;
/*!40101 SET character_set_client = @saved_cs_client */;

LOCK TABLES `permissions` WRITE;
/*!40000 ALTER TABLE `permissions` DISABLE KEYS */;
INSERT INTO `permissions` VALUES (1,'users-create','Create Users','Create Users','2020-09-25 02:02:55','2020-09-25 02:02:55'),(2,'users-read','Read Users','Read Users','2020-09-25 02:02:55','2020-09-25 02:02:55'),(3,'users-update','Update Users','Update Users','2020-09-25 02:02:55','2020-09-25 02:02:55'),(4,'users-delete','Delete Users','Delete Users','2020-09-25 02:02:55','2020-09-25 02:02:55'),(5,'profile-read','Read Profile','Read Profile','2020-09-25 02:02:55','2020-09-25 02:02:55'),(6,'profile-update','Update Profile','Update Profile','2020-09-25 02:02:55','2020-09-25 02:02:55');
/*!40000 ALTER TABLE `permissions` ENABLE KEYS */;
UNLOCK TABLES;
DROP TABLE IF EXISTS `role_user`;
/*!40101 SET @saved_cs_client     = @@character_set_client */;
/*!40101 SET character_set_client = utf8 */;
CREATE TABLE `role_user` (
  `role_id` bigint(20) unsigned NOT NULL,
  `user_id` bigint(20) unsigned NOT NULL,
  `user_type` varchar(255) COLLATE utf8mb4_unicode_ci NOT NULL,
  PRIMARY KEY (`user_id`,`role_id`,`user_type`),
  KEY `role_user_role_id_foreign` (`role_id`),
  CONSTRAINT `role_user_role_id_foreign` FOREIGN KEY (`role_id`) REFERENCES `roles` (`id`) ON DELETE CASCADE ON UPDATE CASCADE
) ENGINE=InnoDB DEFAULT CHARSET=utf8mb4 COLLATE=utf8mb4_unicode_ci;
/*!40101 SET character_set_client = @saved_cs_client */;

LOCK TABLES `role_user` WRITE;
/*!40000 ALTER TABLE `role_user` DISABLE KEYS */;
INSERT INTO `role_user` VALUES (1,1,'App\\Models\\User'),(1,20,'App\\Models\\User'),(2,2,'App\\Models\\User'),(3,3,'App\\Models\\User'),(3,21,'App\\Models\\User'),(3,22,'App\\Models\\User'),(3,23,'App\\Models\\User'),(3,24,'App\\Models\\User'),(3,25,'App\\Models\\User'),(3,26,'App\\Models\\User'),(3,27,'App\\Models\\User'),(3,28,'App\\Models\\User'),(3,29,'App\\Models\\User'),(3,30,'App\\Models\\User'),(3,31,'App\\Models\\User'),(3,32,'App\\Models\\User'),(3,33,'App\\Models\\User'),(3,34,'App\\Models\\User'),(3,35,'App\\Models\\User'),(3,36,'App\\Models\\User'),(3,37,'App\\Models\\User'),(3,38,'App\\Models\\User'),(3,39,'App\\Models\\User'),(3,40,'App\\Models\\User'),(3,41,'App\\Models\\User'),(3,42,'App\\Models\\User'),(3,43,'App\\Models\\User'),(3,44,'App\\Models\\User'),(3,45,'App\\Models\\User'),(3,46,'App\\Models\\User'),(3,47,'App\\Models\\User'),(3,48,'App\\Models\\User'),(3,49,'App\\Models\\User'),(3,50,'App\\Models\\User'),(3,51,'App\\Models\\User'),(3,52,'App\\Models\\User'),(3,53,'App\\Models\\User'),(3,54,'App\\Models\\User'),(3,55,'App\\Models\\User'),(3,56,'App\\Models\\User'),(3,57,'App\\Models\\User'),(3,58,'App\\Models\\User'),(3,59,'App\\Models\\User'),(3,60,'App\\Models\\User'),(3,61,'App\\Models\\User'),(3,62,'App\\Models\\User'),(3,63,'App\\Models\\User'),(3,64,'App\\Models\\User'),(3,65,'App\\Models\\User'),(3,66,'App\\Models\\User'),(3,67,'App\\Models\\User'),(4,4,'App\\Models\\User'),(4,1003,'App\\Models\\User'),(4,1004,'App\\Models\\User'),(4,1005,'App\\Models\\User'),(4,1006,'App\\Models\\User'),(4,1007,'App\\Models\\User'),(4,1008,'App\\Models\\User'),(4,1009,'App\\Models\\User'),(4,1010,'App\\Models\\User'),(4,1011,'App\\Models\\User'),(4,1012,'App\\Models\\User'),(4,1013,'App\\Models\\User'),(4,1014,'App\\Models\\User'),(4,1015,'App\\Models\\User'),(4,1016,'App\\Models\\User'),(4,1017,'App\\Models\\User'),(4,1018,'App\\Models\\User'),(4,1019,'App\\Models\\User'),(4,1020,'App\\Models\\User'),(4,1021,'App\\Models\\User'),(4,1022,'App\\Models\\User'),(4,1023,'App\\Models\\User'),(4,1024,'App\\Models\\User'),(4,1025,'App\\Models\\User'),(4,1026,'App\\Models\\User'),(4,1027,'App\\Models\\User'),(4,1028,'App\\Models\\User'),(4,1029,'App\\Models\\User'),(4,1030,'App\\Models\\User'),(4,1031,'App\\Models\\User'),(4,1032,'App\\Models\\User'),(4,1033,'App\\Models\\User'),(4,1034,'App\\Models\\User'),(4,1035,'App\\Models\\User'),(4,1036,'App\\Models\\User'),(4,1037,'App\\Models\\User'),(4,1038,'App\\Models\\User'),(4,1039,'App\\Models\\User'),(4,1040,'App\\Models\\User'),(4,1041,'App\\Models\\User'),(4,1042,'App\\Models\\User'),(4,1043,'App\\Models\\User'),(4,1044,'App\\Models\\User'),(4,1045,'App\\Models\\User'),(4,1046,'App\\Models\\User'),(4,1047,'App\\Models\\User'),(4,1048,'App\\Models\\User'),(4,1049,'App\\Models\\User'),(4,1050,'App\\Models\\User'),(4,1051,'App\\Models\\User'),(4,1052,'App\\Models\\User'),(4,1053,'App\\Models\\User'),(4,1054,'App\\Models\\User'),(4,1055,'App\\Models\\User'),(4,1056,'App\\Models\\User'),(4,1057,'App\\Models\\User'),(4,1058,'App\\Models\\User'),(4,1059,'App\\Models\\User'),(4,1060,'App\\Models\\User'),(4,1061,'App\\Models\\User'),(4,1062,'App\\Models\\User'),(4,1063,'App\\Models\\User'),(4,1064,'App\\Models\\User'),(4,1065,'App\\Models\\User'),(4,1066,'App\\Models\\User'),(4,1067,'App\\Models\\User'),(4,1068,'App\\Models\\User'),(4,1069,'App\\Models\\User'),(4,1070,'App\\Models\\User'),(4,1071,'App\\Models\\User'),(4,1072,'App\\Models\\User'),(4,1073,'App\\Models\\User'),(4,1074,'App\\Models\\User'),(4,1075,'App\\Models\\User'),(4,1076,'App\\Models\\User'),(4,1077,'App\\Models\\User'),(4,1078,'App\\Models\\User'),(4,1079,'App\\Models\\User'),(4,1080,'App\\Models\\User'),(4,1081,'App\\Models\\User'),(4,1082,'App\\Models\\User'),(4,1083,'App\\Models\\User'),(4,1084,'App\\Models\\User'),(4,1085,'App\\Models\\User'),(4,1086,'App\\Models\\User'),(4,1087,'App\\Models\\User'),(4,1088,'App\\Models\\User'),(4,1089,'App\\Models\\User'),(4,1090,'App\\Models\\User'),(4,1091,'App\\Models\\User'),(4,1092,'App\\Models\\User'),(4,1093,'App\\Models\\User'),(4,1094,'App\\Models\\User'),(4,1095,'App\\Models\\User'),(4,1096,'App\\Models\\User'),(4,1097,'App\\Models\\User'),(4,1098,'App\\Models\\User'),(4,1099,'App\\Models\\User'),(4,1100,'App\\Models\\User'),(4,1101,'App\\Models\\User'),(4,1102,'App\\Models\\User'),(4,1103,'App\\Models\\User'),(4,1104,'App\\Models\\User'),(4,1105,'App\\Models\\User'),(4,1106,'App\\Models\\User'),(4,1107,'App\\Models\\User'),(4,1108,'App\\Models\\User'),(4,1109,'App\\Models\\User'),(4,1110,'App\\Models\\User'),(4,1111,'App\\Models\\User'),(4,1112,'App\\Models\\User'),(4,1113,'App\\Models\\User'),(4,1114,'App\\Models\\User'),(4,1115,'App\\Models\\User'),(4,1116,'App\\Models\\User'),(4,1117,'App\\Models\\User'),(4,1118,'App\\Models\\User'),(4,1119,'App\\Models\\User'),(4,1120,'App\\Models\\User'),(4,1121,'App\\Models\\User'),(4,1122,'App\\Models\\User'),(4,1123,'App\\Models\\User'),(4,1124,'App\\Models\\User'),(4,1125,'App\\Models\\User'),(4,1126,'App\\Models\\User'),(4,1127,'App\\Models\\User'),(4,1128,'App\\Models\\User'),(4,1129,'App\\Models\\User'),(4,1130,'App\\Models\\User'),(4,1131,'App\\Models\\User'),(4,1132,'App\\Models\\User'),(4,1133,'App\\Models\\User'),(4,1134,'App\\Models\\User'),(4,1135,'App\\Models\\User'),(4,1136,'App\\Models\\User'),(4,1137,'App\\Models\\User'),(4,1138,'App\\Models\\User'),(4,1139,'App\\Models\\User'),(4,1140,'App\\Models\\User'),(4,1141,'App\\Models\\User'),(4,1142,'App\\Models\\User'),(4,1143,'App\\Models\\User'),(4,1144,'App\\Models\\User'),(4,1145,'App\\Models\\User'),(4,1146,'App\\Models\\User'),(4,1147,'App\\Models\\User'),(4,1148,'App\\Models\\User'),(4,1149,'App\\Models\\User'),(4,1150,'App\\Models\\User'),(4,1151,'App\\Models\\User'),(4,1152,'App\\Models\\User'),(4,1153,'App\\Models\\User'),(4,1154,'App\\Models\\User'),(4,1155,'App\\Models\\User'),(4,1156,'App\\Models\\User'),(4,1157,'App\\Models\\User'),(4,1158,'App\\Models\\User'),(4,1159,'App\\Models\\User'),(4,1160,'App\\Models\\User'),(4,1161,'App\\Models\\User'),(4,1162,'App\\Models\\User'),(4,1163,'App\\Models\\User'),(4,1164,'App\\Models\\User'),(4,1165,'App\\Models\\User'),(4,1166,'App\\Models\\User'),(4,1167,'App\\Models\\User'),(4,1168,'App\\Models\\User'),(4,1169,'App\\Models\\User'),(4,1170,'App\\Models\\User'),(4,1171,'App\\Models\\User'),(4,1172,'App\\Models\\User'),(4,1173,'App\\Models\\User'),(4,1174,'App\\Models\\User'),(4,1175,'App\\Models\\User'),(4,1176,'App\\Models\\User'),(4,1177,'App\\Models\\User'),(4,1178,'App\\Models\\User'),(4,1179,'App\\Models\\User'),(4,1180,'App\\Models\\User'),(4,1181,'App\\Models\\User'),(4,1182,'App\\Models\\User'),(4,1183,'App\\Models\\User'),(4,1184,'App\\Models\\User'),(4,1185,'App\\Models\\User'),(4,1186,'App\\Models\\User'),(4,1187,'App\\Models\\User'),(4,1188,'App\\Models\\User'),(4,1189,'App\\Models\\User'),(4,1190,'App\\Models\\User'),(4,1191,'App\\Models\\User'),(4,1192,'App\\Models\\User'),(4,1193,'App\\Models\\User'),(4,1194,'App\\Models\\User'),(4,1195,'App\\Models\\User'),(4,1196,'App\\Models\\User'),(4,1197,'App\\Models\\User'),(4,1198,'App\\Models\\User'),(4,1199,'App\\Models\\User'),(4,1200,'App\\Models\\User'),(4,1201,'App\\Models\\User'),(4,1202,'App\\Models\\User'),(4,1203,'App\\Models\\User'),(4,1204,'App\\Models\\User'),(4,1205,'App\\Models\\User'),(4,1206,'App\\Models\\User'),(4,1207,'App\\Models\\User'),(4,1208,'App\\Models\\User'),(4,1209,'App\\Models\\User'),(4,1210,'App\\Models\\User'),(4,1211,'App\\Models\\User'),(4,1212,'App\\Models\\User'),(4,1213,'App\\Models\\User'),(4,1214,'App\\Models\\User'),(4,1215,'App\\Models\\User'),(4,1216,'App\\Models\\User'),(4,1217,'App\\Models\\User'),(4,1218,'App\\Models\\User'),(4,1219,'App\\Models\\User'),(4,1220,'App\\Models\\User'),(4,1221,'App\\Models\\User'),(4,1222,'App\\Models\\User'),(4,1223,'App\\Models\\User'),(4,1224,'App\\Models\\User'),(4,1225,'App\\Models\\User'),(4,1226,'App\\Models\\User'),(4,1227,'App\\Models\\User'),(4,1228,'App\\Models\\User'),(4,1229,'App\\Models\\User'),(4,1230,'App\\Models\\User'),(4,1231,'App\\Models\\User'),(4,1232,'App\\Models\\User'),(4,1233,'App\\Models\\User'),(4,1234,'App\\Models\\User'),(4,1235,'App\\Models\\User'),(4,1236,'App\\Models\\User'),(4,1237,'App\\Models\\User'),(4,1238,'App\\Models\\User'),(4,1239,'App\\Models\\User'),(4,1240,'App\\Models\\User'),(4,1241,'App\\Models\\User'),(4,1242,'App\\Models\\User'),(4,1243,'App\\Models\\User'),(4,1244,'App\\Models\\User'),(4,1245,'App\\Models\\User'),(4,1246,'App\\Models\\User'),(4,1247,'App\\Models\\User'),(4,1248,'App\\Models\\User'),(4,1249,'App\\Models\\User'),(4,1250,'App\\Models\\User'),(4,1251,'App\\Models\\User'),(4,1252,'App\\Models\\User'),(4,1253,'App\\Models\\User'),(4,1254,'App\\Models\\User'),(4,1255,'App\\Models\\User'),(4,1256,'App\\Models\\User'),(4,1257,'App\\Models\\User'),(4,1258,'App\\Models\\User'),(4,1259,'App\\Models\\User'),(4,1260,'App\\Models\\User'),(4,1261,'App\\Models\\User'),(4,1262,'App\\Models\\User'),(4,1263,'App\\Models\\User'),(4,1264,'App\\Models\\User'),(4,1265,'App\\Models\\User'),(4,1266,'App\\Models\\User'),(4,1267,'App\\Models\\User'),(4,1268,'App\\Models\\User'),(4,1269,'App\\Models\\User'),(4,1270,'App\\Models\\User'),(4,1271,'App\\Models\\User'),(4,1272,'App\\Models\\User'),(4,1273,'App\\Models\\User'),(4,1274,'App\\Models\\User'),(4,1275,'App\\Models\\User'),(4,1276,'App\\Models\\User'),(4,1277,'App\\Models\\User'),(4,1278,'App\\Models\\User'),(4,1279,'App\\Models\\User'),(4,1280,'App\\Models\\User'),(4,1281,'App\\Models\\User'),(4,1282,'App\\Models\\User'),(4,1283,'App\\Models\\User'),(4,1284,'App\\Models\\User'),(4,1285,'App\\Models\\User'),(4,1286,'App\\Models\\User'),(4,1287,'App\\Models\\User'),(4,1288,'App\\Models\\User'),(4,1289,'App\\Models\\User'),(4,1290,'App\\Models\\User'),(4,1291,'App\\Models\\User'),(4,1292,'App\\Models\\User'),(4,1293,'App\\Models\\User'),(4,1294,'App\\Models\\User'),(4,1295,'App\\Models\\User'),(4,1296,'App\\Models\\User'),(4,1297,'App\\Models\\User'),(4,1298,'App\\Models\\User'),(4,1299,'App\\Models\\User'),(4,1300,'App\\Models\\User'),(4,1301,'App\\Models\\User'),(4,1302,'App\\Models\\User'),(4,1303,'App\\Models\\User'),(4,1304,'App\\Models\\User'),(4,1305,'App\\Models\\User'),(4,1306,'App\\Models\\User'),(4,1307,'App\\Models\\User'),(4,1308,'App\\Models\\User'),(4,1309,'App\\Models\\User'),(4,1310,'App\\Models\\User'),(4,1311,'App\\Models\\User'),(4,1312,'App\\Models\\User'),(4,1313,'App\\Models\\User'),(4,1314,'App\\Models\\User'),(4,1315,'App\\Models\\User'),(4,1316,'App\\Models\\User'),(4,1317,'App\\Models\\User'),(4,1318,'App\\Models\\User'),(4,1319,'App\\Models\\User'),(4,1320,'App\\Models\\User'),(4,1321,'App\\Models\\User'),(4,1322,'App\\Models\\User'),(4,1323,'App\\Models\\User'),(4,1324,'App\\Models\\User'),(4,1325,'App\\Models\\User'),(4,1326,'App\\Models\\User'),(4,1327,'App\\Models\\User'),(4,1328,'App\\Models\\User'),(4,1329,'App\\Models\\User'),(4,1330,'App\\Models\\User'),(4,1331,'App\\Models\\User'),(4,1332,'App\\Models\\User'),(4,1333,'App\\Models\\User'),(4,1334,'App\\Models\\User'),(4,1335,'App\\Models\\User'),(4,1336,'App\\Models\\User'),(4,1337,'App\\Models\\User'),(4,1338,'App\\Models\\User'),(4,1339,'App\\Models\\User'),(4,1340,'App\\Models\\User'),(4,1341,'App\\Models\\User'),(4,1342,'App\\Models\\User'),(4,1343,'App\\Models\\User'),(4,1344,'App\\Models\\User'),(4,1345,'App\\Models\\User'),(4,1346,'App\\Models\\User'),(4,1347,'App\\Models\\User'),(4,1348,'App\\Models\\User'),(4,1349,'App\\Models\\User'),(4,1350,'App\\Models\\User'),(4,1351,'App\\Models\\User'),(4,1352,'App\\Models\\User'),(4,1353,'App\\Models\\User'),(4,1354,'App\\Models\\User'),(4,1355,'App\\Models\\User'),(4,1356,'App\\Models\\User'),(4,1357,'App\\Models\\User'),(4,1358,'App\\Models\\User'),(4,1359,'App\\Models\\User'),(4,1360,'App\\Models\\User'),(4,1361,'App\\Models\\User'),(4,1362,'App\\Models\\User'),(4,1363,'App\\Models\\User'),(4,1364,'App\\Models\\User'),(4,1365,'App\\Models\\User'),(4,1366,'App\\Models\\User'),(4,1367,'App\\Models\\User'),(4,1368,'App\\Models\\User'),(4,1369,'App\\Models\\User'),(4,1370,'App\\Models\\User'),(4,1371,'App\\Models\\User'),(4,1372,'App\\Models\\User'),(4,1373,'App\\Models\\User'),(4,1374,'App\\Models\\User'),(4,1375,'App\\Models\\User'),(4,1376,'App\\Models\\User'),(4,1377,'App\\Models\\User'),(4,1378,'App\\Models\\User'),(4,1379,'App\\Models\\User'),(4,1380,'App\\Models\\User'),(4,1381,'App\\Models\\User'),(4,1382,'App\\Models\\User'),(4,1383,'App\\Models\\User'),(4,1384,'App\\Models\\User'),(4,1385,'App\\Models\\User'),(4,1386,'App\\Models\\User'),(4,1387,'App\\Models\\User'),(4,1388,'App\\Models\\User'),(4,1389,'App\\Models\\User'),(4,1390,'App\\Models\\User'),(4,1391,'App\\Models\\User'),(4,1392,'App\\Models\\User'),(4,1393,'App\\Models\\User'),(4,1394,'App\\Models\\User'),(4,1395,'App\\Models\\User'),(4,1396,'App\\Models\\User'),(4,1397,'App\\Models\\User'),(4,1398,'App\\Models\\User'),(4,1399,'App\\Models\\User'),(4,1400,'App\\Models\\User'),(4,1401,'App\\Models\\User'),(4,1402,'App\\Models\\User'),(4,1403,'App\\Models\\User'),(4,1404,'App\\Models\\User'),(4,1405,'App\\Models\\User'),(4,1406,'App\\Models\\User'),(4,1407,'App\\Models\\User'),(4,1408,'App\\Models\\User'),(4,1409,'App\\Models\\User'),(4,1410,'App\\Models\\User'),(4,1411,'App\\Models\\User'),(4,1412,'App\\Models\\User'),(4,1413,'App\\Models\\User'),(4,1414,'App\\Models\\User'),(4,1415,'App\\Models\\User'),(4,1416,'App\\Models\\User'),(4,1417,'App\\Models\\User'),(4,1418,'App\\Models\\User'),(4,1419,'App\\Models\\User'),(4,1420,'App\\Models\\User'),(4,1421,'App\\Models\\User'),(4,1422,'App\\Models\\User'),(4,1423,'App\\Models\\User'),(4,1424,'App\\Models\\User'),(4,1425,'App\\Models\\User'),(4,1426,'App\\Models\\User'),(4,1427,'App\\Models\\User'),(4,1428,'App\\Models\\User'),(4,1429,'App\\Models\\User'),(4,1430,'App\\Models\\User'),(4,1431,'App\\Models\\User'),(4,1432,'App\\Models\\User'),(4,1433,'App\\Models\\User'),(4,1434,'App\\Models\\User'),(4,1435,'App\\Models\\User'),(4,1436,'App\\Models\\User'),(4,1437,'App\\Models\\User'),(4,1438,'App\\Models\\User'),(4,1439,'App\\Models\\User'),(4,1440,'App\\Models\\User'),(4,1441,'App\\Models\\User'),(4,1442,'App\\Models\\User'),(4,1443,'App\\Models\\User'),(4,1444,'App\\Models\\User'),(4,1445,'App\\Models\\User'),(4,1446,'App\\Models\\User'),(4,1447,'App\\Models\\User'),(4,1448,'App\\Models\\User'),(4,1449,'App\\Models\\User'),(4,1450,'App\\Models\\User'),(4,1451,'App\\Models\\User'),(4,1452,'App\\Models\\User'),(4,1453,'App\\Models\\User'),(4,1454,'App\\Models\\User'),(4,1455,'App\\Models\\User'),(4,1456,'App\\Models\\User'),(4,1457,'App\\Models\\User'),(4,1458,'App\\Models\\User'),(4,1459,'App\\Models\\User'),(4,1460,'App\\Models\\User'),(4,1461,'App\\Models\\User'),(4,1462,'App\\Models\\User'),(4,1463,'App\\Models\\User'),(4,1464,'App\\Models\\User'),(4,1465,'App\\Models\\User'),(4,1466,'App\\Models\\User'),(4,1467,'App\\Models\\User'),(4,1468,'App\\Models\\User'),(4,1469,'App\\Models\\User'),(4,1470,'App\\Models\\User'),(4,1471,'App\\Models\\User'),(4,1472,'App\\Models\\User'),(4,1473,'App\\Models\\User'),(4,1474,'App\\Models\\User'),(4,1475,'App\\Models\\User'),(4,1476,'App\\Models\\User'),(4,1477,'App\\Models\\User'),(4,1478,'App\\Models\\User'),(4,1479,'App\\Models\\User'),(4,1480,'App\\Models\\User'),(4,1481,'App\\Models\\User'),(4,1482,'App\\Models\\User'),(4,1483,'App\\Models\\User'),(4,1484,'App\\Models\\User'),(4,1485,'App\\Models\\User'),(4,1486,'App\\Models\\User'),(4,1487,'App\\Models\\User'),(4,1488,'App\\Models\\User'),(4,1489,'App\\Models\\User'),(4,1490,'App\\Models\\User'),(4,1491,'App\\Models\\User'),(4,1492,'App\\Models\\User'),(4,1493,'App\\Models\\User'),(4,1494,'App\\Models\\User'),(4,1495,'App\\Models\\User'),(4,1496,'App\\Models\\User'),(4,1497,'App\\Models\\User'),(4,1498,'App\\Models\\User'),(4,1499,'App\\Models\\User'),(4,1500,'App\\Models\\User'),(4,1501,'App\\Models\\User'),(4,1502,'App\\Models\\User'),(4,1503,'App\\Models\\User'),(4,1504,'App\\Models\\User'),(4,1505,'App\\Models\\User'),(4,1506,'App\\Models\\User'),(4,1507,'App\\Models\\User'),(4,1508,'App\\Models\\User'),(4,1509,'App\\Models\\User'),(4,1510,'App\\Models\\User'),(4,1511,'App\\Models\\User'),(4,1512,'App\\Models\\User'),(4,1513,'App\\Models\\User'),(4,1514,'App\\Models\\User'),(4,1515,'App\\Models\\User'),(4,1516,'App\\Models\\User'),(4,1517,'App\\Models\\User'),(4,1518,'App\\Models\\User'),(4,1519,'App\\Models\\User'),(4,1520,'App\\Models\\User'),(4,1521,'App\\Models\\User'),(4,1522,'App\\Models\\User'),(4,1523,'App\\Models\\User'),(4,1524,'App\\Models\\User'),(4,1525,'App\\Models\\User'),(4,1526,'App\\Models\\User'),(4,1527,'App\\Models\\User'),(4,1528,'App\\Models\\User'),(4,1529,'App\\Models\\User'),(4,1530,'App\\Models\\User'),(4,1531,'App\\Models\\User'),(4,1532,'App\\Models\\User'),(4,1533,'App\\Models\\User'),(4,1534,'App\\Models\\User'),(4,1535,'App\\Models\\User'),(4,1536,'App\\Models\\User'),(4,1537,'App\\Models\\User'),(4,1538,'App\\Models\\User'),(4,1539,'App\\Models\\User'),(4,1540,'App\\Models\\User'),(4,1541,'App\\Models\\User'),(4,1542,'App\\Models\\User'),(4,1543,'App\\Models\\User'),(4,1544,'App\\Models\\User'),(4,1545,'App\\Models\\User'),(4,1546,'App\\Models\\User'),(4,1547,'App\\Models\\User'),(4,1548,'App\\Models\\User'),(4,1549,'App\\Models\\User'),(4,1550,'App\\Models\\User'),(4,1551,'App\\Models\\User'),(4,1552,'App\\Models\\User'),(4,1553,'App\\Models\\User'),(4,1554,'App\\Models\\User'),(4,1555,'App\\Models\\User'),(4,1556,'App\\Models\\User'),(4,1557,'App\\Models\\User'),(4,1558,'App\\Models\\User'),(4,1559,'App\\Models\\User'),(4,1560,'App\\Models\\User'),(4,1561,'App\\Models\\User'),(4,1562,'App\\Models\\User'),(4,1563,'App\\Models\\User'),(4,1564,'App\\Models\\User'),(4,1565,'App\\Models\\User'),(4,1566,'App\\Models\\User'),(4,1567,'App\\Models\\User'),(4,1568,'App\\Models\\User'),(4,1569,'App\\Models\\User'),(4,1570,'App\\Models\\User'),(4,1571,'App\\Models\\User'),(4,1572,'App\\Models\\User'),(4,1573,'App\\Models\\User'),(4,1574,'App\\Models\\User'),(4,1575,'App\\Models\\User'),(4,1576,'App\\Models\\User'),(4,1577,'App\\Models\\User'),(4,1578,'App\\Models\\User'),(4,1579,'App\\Models\\User'),(4,1580,'App\\Models\\User'),(4,1581,'App\\Models\\User'),(4,1582,'App\\Models\\User'),(4,1583,'App\\Models\\User'),(4,1584,'App\\Models\\User'),(4,1585,'App\\Models\\User'),(4,1586,'App\\Models\\User'),(4,1587,'App\\Models\\User'),(4,1588,'App\\Models\\User'),(4,1589,'App\\Models\\User'),(4,1590,'App\\Models\\User'),(4,1591,'App\\Models\\User'),(4,1592,'App\\Models\\User'),(4,1593,'App\\Models\\User'),(4,1594,'App\\Models\\User'),(4,1595,'App\\Models\\User'),(4,1596,'App\\Models\\User'),(4,1597,'App\\Models\\User'),(4,1598,'App\\Models\\User'),(4,1599,'App\\Models\\User'),(4,1600,'App\\Models\\User'),(4,1601,'App\\Models\\User'),(4,1602,'App\\Models\\User'),(4,1603,'App\\Models\\User'),(4,1604,'App\\Models\\User'),(4,1605,'App\\Models\\User'),(4,1606,'App\\Models\\User'),(4,1607,'App\\Models\\User'),(4,1608,'App\\Models\\User'),(4,1609,'App\\Models\\User'),(4,1610,'App\\Models\\User'),(4,1611,'App\\Models\\User'),(4,1612,'App\\Models\\User'),(4,1613,'App\\Models\\User'),(4,1614,'App\\Models\\User'),(4,1615,'App\\Models\\User'),(4,1616,'App\\Models\\User'),(4,1617,'App\\Models\\User'),(4,1618,'App\\Models\\User'),(4,1619,'App\\Models\\User'),(4,1620,'App\\Models\\User'),(4,1621,'App\\Models\\User'),(4,1622,'App\\Models\\User'),(4,1623,'App\\Models\\User'),(4,1624,'App\\Models\\User'),(4,1625,'App\\Models\\User'),(4,1626,'App\\Models\\User'),(4,1627,'App\\Models\\User'),(4,1628,'App\\Models\\User'),(4,1629,'App\\Models\\User'),(4,1630,'App\\Models\\User'),(4,1631,'App\\Models\\User'),(4,1632,'App\\Models\\User'),(4,1633,'App\\Models\\User'),(4,1634,'App\\Models\\User'),(4,1635,'App\\Models\\User'),(4,1636,'App\\Models\\User'),(4,1637,'App\\Models\\User'),(4,1638,'App\\Models\\User'),(4,1639,'App\\Models\\User'),(4,1640,'App\\Models\\User'),(4,1641,'App\\Models\\User'),(4,1642,'App\\Models\\User'),(4,1643,'App\\Models\\User'),(4,1644,'App\\Models\\User'),(4,1645,'App\\Models\\User'),(4,1646,'App\\Models\\User'),(4,1647,'App\\Models\\User'),(4,1648,'App\\Models\\User'),(4,1649,'App\\Models\\User'),(4,1650,'App\\Models\\User'),(4,1651,'App\\Models\\User'),(4,1652,'App\\Models\\User'),(4,1653,'App\\Models\\User'),(4,1654,'App\\Models\\User'),(4,1655,'App\\Models\\User'),(4,1656,'App\\Models\\User'),(4,1657,'App\\Models\\User'),(4,1658,'App\\Models\\User'),(4,1659,'App\\Models\\User'),(4,1660,'App\\Models\\User'),(4,1661,'App\\Models\\User'),(4,1662,'App\\Models\\User'),(4,1663,'App\\Models\\User'),(4,1664,'App\\Models\\User'),(4,1665,'App\\Models\\User'),(4,1666,'App\\Models\\User'),(4,1667,'App\\Models\\User'),(4,1668,'App\\Models\\User'),(4,1669,'App\\Models\\User'),(4,1670,'App\\Models\\User'),(4,1671,'App\\Models\\User'),(4,1672,'App\\Models\\User'),(4,1673,'App\\Models\\User'),(4,1674,'App\\Models\\User'),(4,1675,'App\\Models\\User'),(4,1676,'App\\Models\\User'),(4,1677,'App\\Models\\User'),(4,1678,'App\\Models\\User'),(4,1679,'App\\Models\\User'),(4,1680,'App\\Models\\User'),(4,1681,'App\\Models\\User'),(4,1682,'App\\Models\\User'),(4,1683,'App\\Models\\User'),(4,1684,'App\\Models\\User'),(4,1685,'App\\Models\\User'),(4,1686,'App\\Models\\User'),(4,1687,'App\\Models\\User'),(4,1688,'App\\Models\\User'),(4,1689,'App\\Models\\User'),(4,1690,'App\\Models\\User'),(4,1691,'App\\Models\\User'),(4,1692,'App\\Models\\User'),(4,1693,'App\\Models\\User'),(4,1694,'App\\Models\\User'),(4,1695,'App\\Models\\User'),(4,1696,'App\\Models\\User'),(4,1697,'App\\Models\\User'),(4,1698,'App\\Models\\User'),(4,1699,'App\\Models\\User'),(4,1700,'App\\Models\\User'),(4,1701,'App\\Models\\User'),(4,1702,'App\\Models\\User'),(4,1703,'App\\Models\\User'),(4,1704,'App\\Models\\User'),(4,1705,'App\\Models\\User'),(4,1706,'App\\Models\\User'),(4,1707,'App\\Models\\User'),(4,1708,'App\\Models\\User'),(4,1709,'App\\Models\\User'),(4,1710,'App\\Models\\User'),(4,1711,'App\\Models\\User'),(4,1712,'App\\Models\\User'),(4,1713,'App\\Models\\User'),(4,1714,'App\\Models\\User'),(4,1715,'App\\Models\\User'),(4,1716,'App\\Models\\User'),(4,1717,'App\\Models\\User'),(4,1718,'App\\Models\\User'),(4,1719,'App\\Models\\User'),(4,1720,'App\\Models\\User'),(4,1721,'App\\Models\\User'),(4,1722,'App\\Models\\User'),(4,1723,'App\\Models\\User'),(4,1724,'App\\Models\\User'),(4,1725,'App\\Models\\User'),(4,1726,'App\\Models\\User'),(4,1727,'App\\Models\\User'),(4,1728,'App\\Models\\User'),(4,1729,'App\\Models\\User'),(4,1730,'App\\Models\\User'),(4,1731,'App\\Models\\User'),(4,1732,'App\\Models\\User'),(4,1733,'App\\Models\\User'),(4,1734,'App\\Models\\User'),(4,1735,'App\\Models\\User'),(4,1736,'App\\Models\\User'),(4,1737,'App\\Models\\User'),(4,1738,'App\\Models\\User'),(4,1739,'App\\Models\\User'),(4,1740,'App\\Models\\User'),(4,1741,'App\\Models\\User'),(4,1742,'App\\Models\\User'),(4,1743,'App\\Models\\User'),(4,1744,'App\\Models\\User'),(4,1745,'App\\Models\\User'),(4,1746,'App\\Models\\User'),(4,1747,'App\\Models\\User'),(4,1748,'App\\Models\\User'),(4,1749,'App\\Models\\User'),(4,1750,'App\\Models\\User'),(4,1751,'App\\Models\\User'),(4,1752,'App\\Models\\User'),(5,5,'App\\Models\\User');
/*!40000 ALTER TABLE `role_user` ENABLE KEYS */;
UNLOCK TABLES;
DROP TABLE IF EXISTS `roles`;
/*!40101 SET @saved_cs_client     = @@character_set_client */;
/*!40101 SET character_set_client = utf8 */;
CREATE TABLE `roles` (
  `id` bigint(20) unsigned NOT NULL AUTO_INCREMENT,
  `name` varchar(255) COLLATE utf8mb4_unicode_ci NOT NULL,
  `display_name` varchar(255) COLLATE utf8mb4_unicode_ci DEFAULT NULL,
  `description` varchar(255) COLLATE utf8mb4_unicode_ci DEFAULT NULL,
  `created_at` timestamp NULL DEFAULT NULL,
  `updated_at` timestamp NULL DEFAULT NULL,
  PRIMARY KEY (`id`),
  UNIQUE KEY `roles_name_unique` (`name`)
) ENGINE=InnoDB AUTO_INCREMENT=6 DEFAULT CHARSET=utf8mb4 COLLATE=utf8mb4_unicode_ci;
/*!40101 SET character_set_client = @saved_cs_client */;

LOCK TABLES `roles` WRITE;
/*!40000 ALTER TABLE `roles` DISABLE KEYS */;
INSERT INTO `roles` VALUES (1,'admin','Admin','Admin','2020-09-25 02:02:55','2020-09-25 02:02:55'),(2,'taus','Taus','Taus','2020-09-25 02:02:55','2020-09-25 02:02:55'),(3,'guru','Guru','Guru','2020-09-25 02:02:56','2020-09-25 02:02:56'),(4,'siswa','Siswa','Siswa','2020-09-25 02:02:56','2020-09-25 02:02:56'),(5,'ortu','Ortu','Ortu','2020-09-25 02:02:56','2020-09-25 02:02:56');
/*!40000 ALTER TABLE `roles` ENABLE KEYS */;
UNLOCK TABLES;
DROP TABLE IF EXISTS `siswa`;
/*!40101 SET @saved_cs_client     = @@character_set_client */;
/*!40101 SET character_set_client = utf8 */;
CREATE TABLE `siswa` (
  `id` bigint(20) unsigned NOT NULL AUTO_INCREMENT,
  `user_id` bigint(20) unsigned NOT NULL,
  `kelas_id` bigint(20) unsigned NOT NULL,
  `nama` varchar(255) COLLATE utf8mb4_unicode_ci NOT NULL,
  `nis` varchar(255) COLLATE utf8mb4_unicode_ci NOT NULL,
  `jenkel` varchar(255) COLLATE utf8mb4_unicode_ci NOT NULL,
  `tgl_lahir` date NOT NULL,
  `created_at` timestamp NULL DEFAULT NULL,
  `updated_at` timestamp NULL DEFAULT NULL,
  PRIMARY KEY (`id`),
  UNIQUE KEY `siswa_nis_unique` (`nis`)
) ENGINE=InnoDB AUTO_INCREMENT=1686 DEFAULT CHARSET=utf8mb4 COLLATE=utf8mb4_unicode_ci;
/*!40101 SET character_set_client = @saved_cs_client */;

LOCK TABLES `siswa` WRITE;
/*!40000 ALTER TABLE `siswa` DISABLE KEYS */;
INSERT INTO `siswa` VALUES (936,1003,0,'ADIRA SAFITRI','6840','P','2005-11-07','2020-09-28 10:12:38','2020-09-28 10:12:38'),(937,1004,0,'ANDIRA SEPTIA WULANDARI','6841','P','2004-09-10','2020-09-28 10:12:38','2020-09-28 10:12:38'),(938,1005,0,'ANGELIA STEVANI','6842','P','2004-06-30','2020-09-28 10:12:38','2020-09-28 10:12:38'),(939,1006,0,'ANISA BILA SEPTIANA','6843','P','2005-09-27','2020-09-28 10:12:38','2020-09-28 10:12:38'),(940,1007,0,'APRILIA KARTIKA MUHTAR','6844','P','2005-04-04','2020-09-28 10:12:38','2020-09-28 10:12:38'),(941,1008,0,'ARIQ ARSALAN','6845','L','2005-01-09','2020-09-28 10:12:39','2020-09-28 10:12:39'),(942,1009,0,'ARSELIA BELLA ANANTA','6846','P','2004-11-18','2020-09-28 10:12:39','2020-09-28 10:12:39'),(943,1010,0,'ASHILAH AYU RIZQI','6847','P','2005-02-27','2020-09-28 10:12:39','2020-09-28 10:12:39'),(944,1011,0,'ASWIDAH FARADISA','6848','P','2004-12-28','2020-09-28 10:12:39','2020-09-28 10:12:39'),(945,1012,0,'AURA LARAS HATI','6849','P','2005-06-22','2020-09-28 10:12:39','2020-09-28 10:12:39'),(946,1013,0,'AZIZAH ARGUBI','6850','P','2004-10-22','2020-09-28 10:12:39','2020-09-28 10:12:39'),(947,1014,0,'BARLIANA ASH HABIYA CHOLIK','6851','P','2005-04-22','2020-09-28 10:12:39','2020-09-28 10:12:39'),(948,1015,0,'CORNELLIA RAGIL SUSENA','6852','P','2005-09-14','2020-09-28 10:12:39','2020-09-28 10:12:39'),(949,1016,0,'DARREN KURNIAWAN YOUNG','6853','L','2005-05-13','2020-09-28 10:12:40','2020-09-28 10:12:40'),(950,1017,0,'DIANA KHAIRUNA','6854','P','2005-08-24','2020-09-28 10:12:40','2020-09-28 10:12:40'),(951,1018,0,'EFIA NURUL FADILA','6855','P','2004-09-11','2020-09-28 10:12:40','2020-09-28 10:12:40'),(952,1019,0,'ELZA FATIKA','6856','P','2005-01-26','2020-09-28 10:12:40','2020-09-28 10:12:40'),(953,1020,0,'KHARIQOTUL AQLIYAH','6857','P','2005-01-12','2020-09-28 10:12:40','2020-09-28 10:12:40'),(954,1021,0,'LUTFI ANANDA NUGRAHA','6858','L','2005-01-31','2020-09-28 10:12:40','2020-09-28 10:12:40'),(955,1022,0,'MUHAMAD HATA','6859','L','2005-04-26','2020-09-28 10:12:40','2020-09-28 10:12:40'),(956,1023,0,'MUHAMMAD NAFIL','6860','L','2005-06-21','2020-09-28 10:12:40','2020-09-28 10:12:40'),(957,1024,0,'MUHAMMAD RIDWAN FATHURRAHMAN','6861','L','2005-04-05','2020-09-28 10:12:40','2020-09-28 10:12:40'),(958,1025,0,'MUHAMMAD SYAKIF ARSILAN','6862','L','2004-09-29','2020-09-28 10:12:41','2020-09-28 10:12:41'),(959,1026,0,'MUHAMMAD UMAR AZIF','6863','L','2004-10-13','2020-09-28 10:12:41','2020-09-28 10:12:41'),(960,1027,0,'MUTIARA NASYA ARIFIANTI','6864','P','2004-09-24','2020-09-28 10:12:41','2020-09-28 10:12:41'),(961,1028,0,'NADIA OKTAFIANI','6865','P','2004-10-08','2020-09-28 10:12:41','2020-09-28 10:12:41'),(962,1029,0,'NAJMI ALI','6866','L','2005-09-13','2020-09-28 10:12:41','2020-09-28 10:12:41'),(963,1030,0,'NANDA DWI ALFANDI','6867','L','2005-03-25','2020-09-28 10:12:41','2020-09-28 10:12:41'),(964,1031,0,'NAVILA SYIVA DWI MAULIDIANA','6868','P','2005-04-06','2020-09-28 10:12:41','2020-09-28 10:12:41'),(965,1032,0,'NAZIKHA LAURA DWISANTY','6869','P','2005-02-09','2020-09-28 10:12:41','2020-09-28 10:12:41'),(966,1033,0,'NIRINA DELLA AYU QONITA','6870','P','2005-05-28','2020-09-28 10:12:41','2020-09-28 10:12:41'),(967,1034,0,'NUR FADILAH','6871','P','2004-07-11','2020-09-28 10:12:42','2020-09-28 10:12:42'),(968,1035,0,'R. ZIMAM WAFI LELAKI','6872','L','2005-10-24','2020-09-28 10:12:42','2020-09-28 10:12:42'),(969,1036,0,'RADITYA BERNANDA','6873','L','2005-07-09','2020-09-28 10:12:42','2020-09-28 10:12:42'),(970,1037,0,'VATRI','6874','P','2005-04-24','2020-09-28 10:12:42','2020-09-28 10:12:42'),(971,1038,0,'YUDHA PANJI NUGROHO','6875','L','2005-08-31','2020-09-28 10:12:42','2020-09-28 10:12:42'),(972,1039,0,'ADE AYU MUSLIMAH','6876','P','2006-06-30','2020-09-28 10:12:42','2020-09-28 10:12:42'),(973,1040,0,'ADRIAN NATHANAEL KURNIAWAN','6877','L','2005-04-19','2020-09-28 10:12:42','2020-09-28 10:12:42'),(974,1041,0,'AHMAD MUTSAQQIF','6878','L','2005-08-10','2020-09-28 10:12:42','2020-09-28 10:12:42'),(975,1042,0,'ANDREW HARLI YUWONO','6879','L','2005-02-24','2020-09-28 10:12:42','2020-09-28 10:12:42'),(976,1043,0,'ANGGRAENI PUSPITA DEWI','6880','P','2005-04-01','2020-09-28 10:12:43','2020-09-28 10:12:43'),(977,1044,0,'AURA A\'IMMATUL UMMAH','6881','P','2005-04-01','2020-09-28 10:12:43','2020-09-28 10:12:43'),(978,1045,0,'AYU ANDI NUR ISTIQOMAH','6882','P','2004-11-24','2020-09-28 10:12:43','2020-09-28 10:12:43'),(979,1046,0,'AZZAHRO NABILA','6883','P','2005-05-01','2020-09-28 10:12:43','2020-09-28 10:12:43'),(980,1047,0,'BERNADETA KENYO SERENA','6884','P','2005-04-27','2020-09-28 10:12:43','2020-09-28 10:12:43'),(981,1048,0,'CALISTA OTNIEL FRANSISKA','6885','P','2005-04-08','2020-09-28 10:12:43','2020-09-28 10:12:43'),(982,1049,0,'CALLISTA NATALIA RAHARJO PRAWIRO','6886','P','2005-12-17','2020-09-28 10:12:43','2020-09-28 10:12:43'),(983,1050,0,'DERIL AUFA FERDI ANANDIKA','6887','L','2005-04-27','2020-09-28 10:12:43','2020-09-28 10:12:43'),(984,1051,0,'DIANI SYAHRANI','6888','P','2005-08-24','2020-09-28 10:12:44','2020-09-28 10:12:44'),(985,1052,0,'FORTUNATUS DAVID LIYANTO','6889','L','2005-09-01','2020-09-28 10:12:44','2020-09-28 10:12:44'),(986,1053,0,'HANIF ABDUSY SYAKUR','6890','L','2005-01-03','2020-09-28 10:12:44','2020-09-28 10:12:44'),(987,1054,0,'INDAH KURNIATI','6891','P','2003-06-28','2020-09-28 10:12:44','2020-09-28 10:12:44'),(988,1055,0,'LIVIA AYU FEBRINA','6892','P','2005-02-28','2020-09-28 10:12:44','2020-09-28 10:12:44'),(989,1056,0,'LUDYA YUMNA','6893','P','2006-04-07','2020-09-28 10:12:44','2020-09-28 10:12:44'),(990,1057,0,'M. RIZKI OCTAVIAN RAMADHAN','6894','L','2005-10-26','2020-09-28 10:12:44','2020-09-28 10:12:44'),(991,1058,0,'MISBAH UDIN','6895','L','2005-05-15','2020-09-28 10:12:44','2020-09-28 10:12:44'),(992,1059,0,'MUHAMMAD RAISA SATRIA ABHIRAMA','6896','L','2005-06-01','2020-09-28 10:12:45','2020-09-28 10:12:45'),(993,1060,0,'MUHAMMAD RASHKY DZAYANRANA','6897','L','2005-04-18','2020-09-28 10:12:45','2020-09-28 10:12:45'),(994,1061,0,'MUHAMMAD SHODIQUL \'AMALI','6898','L','2005-01-02','2020-09-28 10:12:45','2020-09-28 10:12:45'),(995,1062,0,'NADZIFATUZZAHRO','6899','P','2004-06-18','2020-09-28 10:12:45','2020-09-28 10:12:45'),(996,1063,0,'NAILUL KHASANAH ROFIQI','6900','P','2005-05-13','2020-09-28 10:12:45','2020-09-28 10:12:45'),(997,1064,0,'NAJMA HANIN FADIASARI','6901','P','2005-05-14','2020-09-28 10:12:45','2020-09-28 10:12:45'),(998,1065,0,'NAWAL MUMTAZA JINAN ASYAHRA','6902','P','2005-03-16','2020-09-28 10:12:45','2020-09-28 10:12:45'),(999,1066,0,'NAZALA DHAVI ARIFIANA SAKHI','6903','P','2005-07-09','2020-09-28 10:12:45','2020-09-28 10:12:45'),(1000,1067,0,'OKKY ALLEYDA YAHYA','6904','L','2005-06-22','2020-09-28 10:12:46','2020-09-28 10:12:46'),(1001,1068,0,'RAKARA SURYA AJI PRATAMA','6905','L','2004-12-06','2020-09-28 10:12:46','2020-09-28 10:12:46'),(1002,1069,0,'RIFAN HUTABARAT','6906','L','2005-01-28','2020-09-28 10:12:46','2020-09-28 10:12:46'),(1003,1070,0,'RIO RIZQI QITFIRUL AZIZ PRIBOWO','6907','L','2005-03-24','2020-09-28 10:12:46','2020-09-28 10:12:46'),(1004,1071,0,'SOTYA MAULIDA LESTARI','6908','P','2006-04-08','2020-09-28 10:12:46','2020-09-28 10:12:46'),(1005,1072,0,'TRI KURNIA SANDY NUGROHO','6909','L','2005-04-21','2020-09-28 10:12:46','2020-09-28 10:12:46'),(1006,1073,0,'YUSMAR AMALIA SOLEKHA','6910','P','2005-10-21','2020-09-28 10:12:46','2020-09-28 10:12:46'),(1007,1074,0,'ZHAHEILA NAFISA','6911','P','2005-03-05','2020-09-28 10:12:46','2020-09-28 10:12:46'),(1008,1075,0,'ABELIA INTANI','6912','P','2005-05-08','2020-09-28 10:12:46','2020-09-28 10:12:46'),(1009,1076,0,'ACHMAD YASSIN','6913','L','2004-07-18','2020-09-28 10:12:47','2020-09-28 10:12:47'),(1010,1077,0,'AFKAAR PRIO PRAYOGA','6914','L','2005-07-13','2020-09-28 10:12:47','2020-09-28 10:12:47'),(1011,1078,0,'AFNA ADDINA','6915','P','2005-02-07','2020-09-28 10:12:47','2020-09-28 10:12:47'),(1012,1079,0,'AINA MAHARANI','6916','P','2005-06-04','2020-09-28 10:12:47','2020-09-28 10:12:47'),(1013,1080,0,'ANGGER GILANG PURWOKO','6917','L','2005-09-19','2020-09-28 10:12:47','2020-09-28 10:12:47'),(1014,1081,0,'ARMETHA ARDYA GARINI','6918','P','2005-01-16','2020-09-28 10:12:47','2020-09-28 10:12:47'),(1015,1082,0,'AUDREY ADELIA SUNTIARKO','6919','P','2005-05-13','2020-09-28 10:12:47','2020-09-28 10:12:47'),(1016,1083,0,'BILKIS IZZA UKHFIYA','6920','P','2005-03-18','2020-09-28 10:12:47','2020-09-28 10:12:47'),(1017,1084,0,'CHELSEA ARANTZA PHOEBE','6921','P','2005-09-26','2020-09-28 10:12:48','2020-09-28 10:12:48'),(1018,1085,0,'EGIESKA BRIPTANIA MUSTOFA','6922','P','2005-07-01','2020-09-28 10:12:48','2020-09-28 10:12:48'),(1019,1086,0,'FARAH SALSABILA','6923','P','2005-11-17','2020-09-28 10:12:48','2020-09-28 10:12:48'),(1020,1087,0,'GERRA ELDIANA AULIA MAHSA','6924','P','2005-03-13','2020-09-28 10:12:48','2020-09-28 10:12:48'),(1021,1088,0,'ILHAM IZZUDDIN ADAM','6925','L','2004-10-15','2020-09-28 10:12:48','2020-09-28 10:12:48'),(1022,1089,0,'LEONARDUS YOSSA PRATHAMA','6926','L','2005-05-09','2020-09-28 10:12:48','2020-09-28 10:12:48'),(1023,1090,0,'M. ARVYANDA DAVA SANGGA PRATAMA','6927','L','2005-05-22','2020-09-28 10:12:48','2020-09-28 10:12:48'),(1024,1091,0,'MIRANDA MILATINA','6928','P','2006-01-26','2020-09-28 10:12:48','2020-09-28 10:12:48'),(1025,1092,0,'MOHAMAD ALIEF ARKANNABIL','6929','L','2004-01-03','2020-09-28 10:12:48','2020-09-28 10:12:48'),(1026,1093,0,'MOHAMAD FAREL KHANSA ADIZA','6930','L','2005-09-07','2020-09-28 10:12:49','2020-09-28 10:12:49'),(1027,1094,0,'MOHAMMAD GALANG DWI CAHYO','6931','L','2005-05-23','2020-09-28 10:12:49','2020-09-28 10:12:49'),(1028,1095,0,'MOHAMMAD RIZKY IKHSANDY DARMAWAN','6932','L','2005-05-29','2020-09-28 10:12:49','2020-09-28 10:12:49'),(1029,1096,0,'MUCHAMAD SOLEH','6933','L','2005-02-22','2020-09-28 10:12:49','2020-09-28 10:12:49'),(1030,1097,0,'MUHAMMAD FAQIH AKBAR','6934','L','2005-01-22','2020-09-28 10:12:49','2020-09-28 10:12:49'),(1031,1098,0,'MUHAMMAD FARHAN HILMAN','6935','L','2005-09-01','2020-09-28 10:12:49','2020-09-28 10:12:49'),(1032,1099,0,'MUHAMMAD HAFIDH','6936','L','2004-08-14','2020-09-28 10:12:49','2020-09-28 10:12:49'),(1033,1100,0,'NADHIFATUZ MUTIARAISLAM','6937','P','2005-03-16','2020-09-28 10:12:49','2020-09-28 10:12:49'),(1034,1101,0,'NAJWA TRISARI','6938','P','2004-12-25','2020-09-28 10:12:50','2020-09-28 10:12:50'),(1035,1102,0,'NASYWA ISCA NABILA','6939','P','2005-04-28','2020-09-28 10:12:50','2020-09-28 10:12:50'),(1036,1103,0,'NUR AZIZAH','6940','P','2003-05-16','2020-09-28 10:28:18','2020-09-28 10:28:18'),(1037,1104,0,'PRAMATA YUNDIKA','6941','L','2005-01-04','2020-09-28 10:28:18','2020-09-28 10:28:18'),(1038,1105,0,'PUTRI FARA FAIRUSKA','6942','P','2005-04-30','2020-09-28 10:28:18','2020-09-28 10:28:18'),(1039,1106,0,'PUTRI SUKARDI','6943','P','2004-11-28','2020-09-28 10:28:18','2020-09-28 10:28:18'),(1040,1107,0,'SALMA DIENA SYAKIRA','6944','P','2005-05-01','2020-09-28 10:28:18','2020-09-28 10:28:18'),(1041,1108,0,'TAZKIA ANNA IMANIA','6945','P','2005-07-26','2020-09-28 10:28:19','2020-09-28 10:28:19'),(1042,1109,0,'VINSENSIUS ADIV NUGROHO','6946','L','2005-09-14','2020-09-28 10:28:19','2020-09-28 10:28:19'),(1043,1110,0,'ZIDA RIZQIANA','6947','P','2005-01-25','2020-09-28 10:28:19','2020-09-28 10:28:19'),(1044,1111,0,'ABIMANYU BINTANG RAHUTAMA','6948','L','2005-10-23','2020-09-28 10:28:19','2020-09-28 10:28:19'),(1045,1112,0,'ACHMAD ROMADHON','6949','L','2005-10-21','2020-09-28 10:28:19','2020-09-28 10:28:19'),(1046,1113,0,'ADI PRANATA','6950','L','2005-04-22','2020-09-28 10:28:19','2020-09-28 10:28:19'),(1047,1114,0,'A\'ILA VILLADY','6951','P','2005-08-17','2020-09-28 10:28:19','2020-09-28 10:28:19'),(1048,1115,0,'AKILLA FISDIARNDA SHAQINNA','6952','P','2005-09-13','2020-09-28 10:28:19','2020-09-28 10:28:19'),(1049,1116,0,'ATHADEVA HADYAN ACHMAD','6953','L','2004-12-18','2020-09-28 10:28:19','2020-09-28 10:28:19'),(1050,1117,0,'ATHAYA CANDRAKANTA','6954','P','2004-12-22','2020-09-28 10:28:20','2020-09-28 10:28:20'),(1051,1118,0,'DWI AMINAH','6955','P','2005-06-03','2020-09-28 10:28:20','2020-09-28 10:28:20'),(1052,1119,0,'FARAH TSANI MAULIDA','6956','P','2005-05-04','2020-09-28 10:28:20','2020-09-28 10:28:20'),(1053,1120,0,'FARHAN ARDEN WIDYADHANA','6957','L','2005-07-29','2020-09-28 10:28:20','2020-09-28 10:28:20'),(1054,1121,0,'FERDY ARIESTYANTO NUGROHO','6958','L','2005-04-13','2020-09-28 10:28:20','2020-09-28 10:28:20'),(1055,1122,0,'HASYA DESWITA SADIDA','6959','P','2004-12-08','2020-09-28 10:28:20','2020-09-28 10:28:20'),(1056,1123,0,'HENNI FARIYANINGRUM','6960','P','2004-10-13','2020-09-28 10:28:20','2020-09-28 10:28:20'),(1057,1124,0,'INDAH KUSUMA WARDANI','6961','P','2005-06-14','2020-09-28 10:28:20','2020-09-28 10:28:20'),(1058,1125,0,'ISABELLE PUTRI ARDINI','6962','P','2006-02-10','2020-09-28 10:28:21','2020-09-28 10:28:21'),(1059,1126,0,'JASON ABEL SUGIARTO','6963','L','2006-01-11','2020-09-28 10:28:21','2020-09-28 10:28:21'),(1060,1127,0,'KHALIFATUN NISA','6964','P','2005-09-12','2020-09-28 10:28:21','2020-09-28 10:28:21'),(1061,1128,0,'LOISA GABRIEL KRISTINA PURBA','6965','P','2005-04-27','2020-09-28 10:28:21','2020-09-28 10:28:21'),(1062,1129,0,'M. AERIKO ADIJAYA','6966','L','2004-11-19','2020-09-28 10:28:21','2020-09-28 10:28:21'),(1063,1130,0,'M. FARHAN HAQIQI','6967','L','2004-11-29','2020-09-28 10:28:21','2020-09-28 10:28:21'),(1064,1131,0,'MOCH. SYABBI KAUTSAR','6968','L','2005-05-23','2020-09-28 10:28:21','2020-09-28 10:28:21'),(1065,1132,0,'MOH. ADITYA PAMUNGKAS','6969','L','2005-04-19','2020-09-28 10:28:21','2020-09-28 10:28:21'),(1066,1133,0,'MUHAMMAD AQIL SAPUTRA','6970','L','2005-03-16','2020-09-28 10:28:21','2020-09-28 10:28:21'),(1067,1134,0,'MUHAMMAD MIQDAD FAWWAS','6971','L','2005-08-15','2020-09-28 10:28:22','2020-09-28 10:28:22'),(1068,1135,0,'NAILUS SYARIFAH','6972','P','2005-05-16','2020-09-28 10:28:22','2020-09-28 10:28:22'),(1069,1136,0,'NANDA SAGITA IMAYA','6973','P','2005-04-19','2020-09-28 10:28:22','2020-09-28 10:28:22'),(1070,1137,0,'NATASHA JIHAN ALAYA','6974','P','2005-09-29','2020-09-28 10:28:22','2020-09-28 10:28:22'),(1071,1138,0,'NAURA AMELIA PUTRI','6975','P','2005-10-12','2020-09-28 10:28:22','2020-09-28 10:28:22'),(1072,1139,0,'NAZHIFA NUR ZAHIRA','6976','P','2005-09-08','2020-09-28 10:28:22','2020-09-28 10:28:22'),(1073,1140,0,'RAHMA TANZILA','6977','P','2006-02-23','2020-09-28 10:28:22','2020-09-28 10:28:22'),(1074,1141,0,'RICKO DINA DZAKWAN','6978','L','2005-03-20','2020-09-28 10:28:22','2020-09-28 10:28:22'),(1075,1142,0,'SHERIN SUNGKAR','6979','P','2004-09-11','2020-09-28 10:28:23','2020-09-28 10:28:23'),(1076,1143,0,'TEGAR YOGA WICAKSANA','6980','L','2005-03-31','2020-09-28 10:28:23','2020-09-28 10:28:23'),(1077,1144,0,'VALENSIUS VASTUVONDRA','6981','L','2006-01-06','2020-09-28 10:28:23','2020-09-28 10:28:23'),(1078,1145,0,'YESENIA IKFA SHAHLA','6982','P','2004-12-30','2020-09-28 10:28:23','2020-09-28 10:28:23'),(1079,1146,0,'ZACKY ARYA YUSTICIO','6983','L','2005-09-09','2020-09-28 10:28:23','2020-09-28 10:28:23'),(1080,1147,0,'ANGGITA DIAS NURFANDILA','6984','P','2005-02-01','2020-09-28 10:28:24','2020-09-28 10:28:24'),(1081,1148,0,'ANGWIN MEILISA AULIA','6985','P','2005-05-03','2020-09-28 10:28:24','2020-09-28 10:28:24'),(1082,1149,0,'ARELY ANINDA MULYO','6986','P','2004-12-22','2020-09-28 10:28:24','2020-09-28 10:28:24'),(1083,1150,0,'BELLA BESTARI','6987','P','2005-05-02','2020-09-28 10:28:24','2020-09-28 10:28:24'),(1084,1151,0,'DEWI SAFITRI','6988','P','2004-10-11','2020-09-28 10:28:24','2020-09-28 10:28:24'),(1085,1152,0,'DIANA LESTARI','6989','P','2005-08-24','2020-09-28 10:28:24','2020-09-28 10:28:24'),(1086,1153,0,'FAJAR SHIDIQ PRATAMA','6990','L','2005-04-29','2020-09-28 10:28:24','2020-09-28 10:28:24'),(1087,1154,0,'FAREL ARYA PRAMANDA','6991','L','2004-12-30','2020-09-28 10:28:24','2020-09-28 10:28:24'),(1088,1155,0,'FARIDHO','6992','L','2005-03-19','2020-09-28 10:28:25','2020-09-28 10:28:25'),(1089,1156,0,'FIONA WIJAYA','6993','P','2005-02-01','2020-09-28 10:28:25','2020-09-28 10:28:25'),(1090,1157,0,'GEBY ADELY BINTARY','6994','P','2005-07-11','2020-09-28 10:28:25','2020-09-28 10:28:25'),(1091,1158,0,'HALIZA RIFATUNNISA','6995','P','2005-02-17','2020-09-28 10:28:25','2020-09-28 10:28:25'),(1092,1159,0,'HANUM FINISHA MORBIDEZZA','6996','P','2005-04-23','2020-09-28 10:28:25','2020-09-28 10:28:25'),(1093,1160,0,'HANUM SALSABIELLAH','6997','P','2004-07-28','2020-09-28 10:28:25','2020-09-28 10:28:25'),(1094,1161,0,'INDAH PUJIARTI','6998','P','2005-09-08','2020-09-28 10:28:25','2020-09-28 10:28:25'),(1095,1162,0,'IRGI AKHMAD FARRERY','6999','L','2005-10-21','2020-09-28 10:28:25','2020-09-28 10:28:25'),(1096,1163,0,'JUSTIN EDUARDO LUCIUS','7000','L','2005-10-15','2020-09-28 10:28:26','2020-09-28 10:28:26'),(1097,1164,0,'KENDRICK GREGORYUS VALENTINO KARIM','7001','L','2004-05-20','2020-09-28 10:28:26','2020-09-28 10:28:26'),(1098,1165,0,'M. DAVA ARDANA','7002','L','2004-11-28','2020-09-28 10:28:26','2020-09-28 10:28:26'),(1099,1166,0,'MUHAMMAD AZIZ SATRIA SANTOSO','7003','L','2004-10-04','2020-09-28 10:28:26','2020-09-28 10:28:26'),(1100,1167,0,'MUHAMMAD FAHLEVI SYAHRIAL','7004','L','2004-10-24','2020-09-28 10:28:26','2020-09-28 10:28:26'),(1101,1168,0,'MUHAMMAD IRAWAN','7005','L','2005-05-03','2020-09-28 10:28:26','2020-09-28 10:28:26'),(1102,1169,0,'MUSYAFA\' AKMAL','7006','L','2005-07-08','2020-09-28 10:28:26','2020-09-28 10:28:26'),(1103,1170,0,'NABILA AZZAHRA','7007','P','2005-07-11','2020-09-28 10:28:26','2020-09-28 10:28:26'),(1104,1171,0,'NAJWA SAKINAH','7008','P','2005-01-28','2020-09-28 10:28:27','2020-09-28 10:28:27'),(1105,1172,0,'NAUFEL AHMAD HAYDAR','7009','L','2005-04-23','2020-09-28 10:28:27','2020-09-28 10:28:27'),(1106,1173,0,'NICOLAS KRISNA PRAWIRAJATI','7010','L','2005-05-16','2020-09-28 10:28:27','2020-09-28 10:28:27'),(1107,1174,0,'RABBILA TADZARNI FARDA','7011','P','2005-05-12','2020-09-28 10:28:27','2020-09-28 10:28:27'),(1108,1175,0,'RAHMA ZELIKA PUTRI','7012','P','2006-12-26','2020-09-28 10:28:27','2020-09-28 10:28:27'),(1109,1176,0,'RIFDAH ALVIONITA HARBELUBUN','7013','P','2005-08-06','2020-09-28 10:28:27','2020-09-28 10:28:27'),(1110,1177,0,'SALMA PUTRI AFIYANI','7014','P','2005-03-17','2020-09-28 10:28:27','2020-09-28 10:28:27'),(1111,1178,0,'SATIVA DENA ALYA LUTHFIYANI','7015','P','2005-01-01','2020-09-28 10:28:27','2020-09-28 10:28:27'),(1112,1179,0,'SELLI NOVITASARI','7016','P','2003-11-22','2020-09-28 10:28:28','2020-09-28 10:28:28'),(1113,1180,0,'VICTOR ANTONIO COLIN','7017','L','2005-12-26','2020-09-28 10:28:28','2020-09-28 10:28:28'),(1114,1181,0,'VIKY NAURA KAMALIA','7018','P','2005-01-10','2020-09-28 10:28:28','2020-09-28 10:28:28'),(1115,1182,0,'VIRA AULIA UTHMA','7019','P','2005-01-25','2020-09-28 10:28:28','2020-09-28 10:28:28'),(1116,1183,0,'AHMAD NAQI ASSEGAF','7020','L','2005-04-21','2020-09-28 10:28:28','2020-09-28 10:28:28'),(1117,1184,0,'AKMAL ADMAJA GANDI','7021','L','2005-10-03','2020-09-28 10:28:28','2020-09-28 10:28:28'),(1118,1185,0,'ALMA PUTRI ANDIRA','7022','P','2004-11-16','2020-09-28 10:28:28','2020-09-28 10:28:28'),(1119,1186,0,'ANGGUN SEKAR MELATI','7023','P','2004-05-07','2020-09-28 10:28:28','2020-09-28 10:28:28'),(1120,1187,0,'CANTIKA RIZKI PERMATASARI','7024','P','2005-05-14','2020-09-28 10:28:29','2020-09-28 10:28:29'),(1121,1188,0,'DEVEN KHOSTYA','7025','L','2004-06-11','2020-09-28 10:28:29','2020-09-28 10:28:29'),(1122,1189,0,'DONI SULISTIYAWAN','7026','L','2004-10-08','2020-09-28 10:28:29','2020-09-28 10:28:29'),(1123,1190,0,'EKA SALMA AULIA','7027','P','2005-05-30','2020-09-28 10:28:29','2020-09-28 10:28:29'),(1124,1191,0,'FIDA NABILA ILAL ULYA','7028','P','2003-06-06','2020-09-28 10:28:29','2020-09-28 10:28:29'),(1125,1192,0,'GIZKA JIHAN NAFISAH','7029','P','2006-01-02','2020-09-28 10:28:29','2020-09-28 10:28:29'),(1126,1193,0,'HAURA\' FARAH SYIFA','7030','P','2005-06-01','2020-09-28 10:28:29','2020-09-28 10:28:29'),(1127,1194,0,'ISA FAHLEFI','7031','L','2005-03-18','2020-09-28 10:28:29','2020-09-28 10:28:29'),(1128,1195,0,'JORDAN WILLIAM PANGEMANAN','7032','L','2005-05-27','2020-09-28 10:28:29','2020-09-28 10:28:29'),(1129,1196,0,'Kesya Febriyanti Valentina','7033','P','2006-02-07','2020-09-28 10:28:30','2020-09-28 10:28:30'),(1130,1197,0,'LIDWINA NOVIANI','7034','P','2005-11-17','2020-09-28 10:28:30','2020-09-28 10:28:30'),(1131,1198,0,'LYDIA ALBERTA','7035','P','2005-09-16','2020-09-28 10:28:30','2020-09-28 10:28:30'),(1132,1199,0,'MAHATMA ADI RAHADIAN','7036','L','2004-10-14','2020-09-28 10:28:30','2020-09-28 10:28:30'),(1133,1200,0,'MEI HANNA WIDIASTUTI','7037','P','2005-05-09','2020-09-28 10:28:30','2020-09-28 10:28:30'),(1134,1201,0,'MUHAMMAD SAIFUL ISLAMI','7038','L','2004-04-17','2020-09-28 10:28:30','2020-09-28 10:28:30'),(1135,1202,0,'MUNGZILIN TIRTA DILAGA','7039','L','2004-01-01','2020-09-28 10:28:30','2020-09-28 10:28:30'),(1136,1203,0,'NABILA SALSABILA','7040','P','2006-04-09','2020-09-28 10:28:30','2020-09-28 10:28:30'),(1137,1204,0,'NAFISA ZUNILOVA','7041','P','2005-06-23','2020-09-28 10:28:31','2020-09-28 10:28:31'),(1138,1205,0,'NAILI SA\'ADAH','7042','P','2005-07-27','2020-09-28 10:28:31','2020-09-28 10:28:31'),(1139,1206,0,'NAJLA\' HUWAIDA','7043','P','2005-07-11','2020-09-28 10:28:31','2020-09-28 10:28:31'),(1140,1207,0,'NISRINA SALWA PUTRI','7044','P','2005-02-20','2020-09-28 10:28:31','2020-09-28 10:28:31'),(1141,1208,0,'PARWATI PARNOTO','7045','P','2005-03-24','2020-09-28 10:28:31','2020-09-28 10:28:31'),(1142,1209,0,'RENATA CANDRA HANINGTYAS','7046','P','2005-02-26','2020-09-28 10:28:31','2020-09-28 10:28:31'),(1143,1210,0,'REVALDO DAVA ARYA SANTOSO','7047','L','2004-12-22','2020-09-28 10:28:31','2020-09-28 10:28:31'),(1144,1211,0,'RUSDI ABULKHEIR ATTAMIMI','7048','L','2004-12-14','2020-09-28 10:28:31','2020-09-28 10:28:31'),(1145,1212,0,'RYAN NOVA SYAHIDA','7049','L','2004-11-27','2020-09-28 10:28:31','2020-09-28 10:28:31'),(1146,1213,0,'SATRIA BAGUS PAMBUDI','7050','L','2005-04-25','2020-09-28 10:28:32','2020-09-28 10:28:32'),(1147,1214,0,'SELVIRA YESENIA','7051','P','2005-02-17','2020-09-28 10:28:32','2020-09-28 10:28:32'),(1148,1215,0,'SUB\'HAN ALDY HAKIM','7052','L','2005-03-25','2020-09-28 10:28:32','2020-09-28 10:28:32'),(1149,1216,0,'THO\'IT HAMZAH','7053','L','2005-03-09','2020-09-28 10:28:32','2020-09-28 10:28:32'),(1150,1217,0,'TYO ALVIANTO UTAMA','7054','L','2003-01-11','2020-09-28 10:28:32','2020-09-28 10:28:32'),(1151,1218,0,'ZALFA\'A CHAERANI','7055','P','2005-08-08','2020-09-28 10:28:32','2020-09-28 10:28:32'),(1152,1219,0,'ALDINO ARDIYANSYAH HIDAYAT','7056','L','2005-02-21','2020-09-28 10:28:32','2020-09-28 10:28:32'),(1153,1220,0,'ALYSHA KAYLA ISNA IRAWAN','7057','P','2005-11-18','2020-09-28 10:28:32','2020-09-28 10:28:32'),(1154,1221,0,'ANANDA TRI AMELIA','7058','P','2005-02-19','2020-09-28 10:28:33','2020-09-28 10:28:33'),(1155,1222,0,'ANGELICA LIDYA SOESANTO','7059','P','2005-06-01','2020-09-28 10:28:33','2020-09-28 10:28:33'),(1156,1223,0,'ANGGUN RIZKI PERMATASARI','7060','P','2005-05-14','2020-09-28 10:28:33','2020-09-28 10:28:33'),(1157,1224,0,'DANDY RAKESRAY S KEMBAREN','7061','L','2004-09-28','2020-09-28 10:28:33','2020-09-28 10:28:33'),(1158,1225,0,'DEWINDA RATU EL FATIKA','7062','P','2005-03-04','2020-09-28 10:28:33','2020-09-28 10:28:33'),(1159,1226,0,'EGY SURYA HERMANSYAH','6809','L','2008-08-06','2020-09-28 10:28:33','2020-09-28 10:28:33'),(1160,1227,0,'ENGGAR AKHMAR NUGROHO','7063','L','2005-03-30','2020-09-28 10:28:33','2020-09-28 10:28:33'),(1161,1228,0,'FATIKHA CAHYA JANNAH','7064','P','2005-02-15','2020-09-28 10:28:33','2020-09-28 10:28:33'),(1162,1229,0,'GHINA NASYWA KAMILA','7065','P','2005-04-03','2020-09-28 10:28:33','2020-09-28 10:28:33'),(1163,1230,0,'HAMALAH AUNIL ILAH','7066','P','2006-01-17','2020-09-28 10:28:34','2020-09-28 10:28:34'),(1164,1231,0,'IMROATUL AULIA','7067','P','2005-01-18','2020-09-28 10:28:34','2020-09-28 10:28:34'),(1165,1232,0,'IQBAL MAULANA','7068','L','2004-06-07','2020-09-28 10:28:34','2020-09-28 10:28:34'),(1166,1233,0,'JALU MALCOLM SATRIA','7069','L','2005-03-15','2020-09-28 10:28:34','2020-09-28 10:28:34'),(1167,1234,0,'JEDIDAH CARLA ETHEL NANLOHY','7070','P','2005-07-14','2020-09-28 10:28:34','2020-09-28 10:28:34'),(1168,1235,0,'M. FADHIL KUMAR','7071','L','2004-07-09','2020-09-28 10:28:34','2020-09-28 10:28:34'),(1169,1236,0,'M. MUFID ALI KURNIAWAN','7072','L','2005-05-16','2020-09-28 10:28:34','2020-09-28 10:28:34'),(1170,1237,0,'MOHAMMAD ADNAN KHOLIZ NUGROHO','7073','L','2005-09-10','2020-09-28 10:28:34','2020-09-28 10:28:34'),(1171,1238,0,'MUHAMMAD FARREL ABIGAIL','7074','L','2004-10-15','2020-09-28 10:28:34','2020-09-28 10:28:34'),(1172,1239,0,'MUHAMMAD RIFKI SETIAWAN','7075','L','2005-06-05','2020-09-28 10:28:35','2020-09-28 10:28:35'),(1173,1240,0,'NAJWA LATHFA ASHILA','7076','P','2005-01-30','2020-09-28 10:28:35','2020-09-28 10:28:35'),(1174,1241,0,'NAWAL MAHDALUL HAMIDAH','7077','P','2005-11-25','2020-09-28 10:28:35','2020-09-28 10:28:35'),(1175,1242,0,'NOVITA ARISTIYA WIJAYA','7078','P','2005-11-25','2020-09-28 10:28:35','2020-09-28 10:28:35'),(1176,1243,0,'OLIVIA AZAHRO','7079','P','2004-12-27','2020-09-28 10:28:35','2020-09-28 10:28:35'),(1177,1244,0,'PANJI PRADANA YUDHA SAPUTRA','7080','L','2005-04-27','2020-09-28 10:28:35','2020-09-28 10:28:35'),(1178,1245,0,'RAMA ALDIANSYAH','7081','L','2005-03-19','2020-09-28 10:28:35','2020-09-28 10:28:35'),(1179,1246,0,'SALSABILA MEITA WULANDARI','7082','P','2005-05-14','2020-09-28 10:28:35','2020-09-28 10:28:35'),(1180,1247,0,'SALWA NASYWA NABILLA','7083','P','2004-05-24','2020-09-28 10:28:36','2020-09-28 10:28:36'),(1181,1248,0,'SEPTIAN GILANG PAMUNGKAS','7084','L','2004-09-02','2020-09-28 10:28:36','2020-09-28 10:28:36'),(1182,1249,0,'SYA\'BANA SALSABILA RAMADHANI','7085','L','2004-09-29','2020-09-28 10:28:36','2020-09-28 10:28:36'),(1183,1250,0,'TALITHA SAFA AZZAHRA SUPRIYONO','7086','P','2005-11-27','2020-09-28 10:28:36','2020-09-28 10:28:36'),(1184,1251,0,'TRI DYAH KURNIASIH','7087','P','2005-07-30','2020-09-28 10:28:36','2020-09-28 10:28:36'),(1185,1252,0,'YEMIMA GABRIELLA','7088','P','2005-03-21','2020-09-28 10:28:36','2020-09-28 10:28:36'),(1186,1253,0,'YUDIT ROVALINO','7089','L','2004-12-30','2020-09-28 10:28:36','2020-09-28 10:28:36'),(1187,1254,0,'YUNITA SETIANA','7090','P','2004-06-25','2020-09-28 10:28:36','2020-09-28 10:28:36'),(1188,1255,0,'ADRIAN PRADANA RULLYANTO','6696','L','2004-05-11','2020-09-28 10:28:36','2020-09-28 10:28:36'),(1189,1256,0,'ALDISAR GIBRAN','6661','L','2004-04-12','2020-09-28 10:28:37','2020-09-28 10:28:37'),(1190,1257,0,'ALENA YASMIN AZZAHRA','6662','P','2004-03-25','2020-09-28 10:28:37','2020-09-28 10:28:37'),(1191,1258,0,'ALIFIA BUDIYANI','6626','P','2004-04-14','2020-09-28 10:28:37','2020-09-28 10:28:37'),(1192,1259,0,'ANDIKA TRI PRASETYA PAMUNGKAS','6737','L','2004-01-05','2020-09-28 10:28:37','2020-09-28 10:28:37'),(1193,1260,0,'AUFA MUHAMMAD ISYFA\'LANA','6664','L','2004-06-25','2020-09-28 10:28:37','2020-09-28 10:28:37'),(1194,1261,0,'AYU MUTIARA AULIA','6702','P','2004-09-17','2020-09-28 10:28:37','2020-09-28 10:28:37'),(1195,1262,0,'BENNY MUHAMMED EDRES','6630','L','2004-04-25','2020-09-28 10:28:37','2020-09-28 10:28:37'),(1196,1263,0,'CAHYA DWIKI HARISTYA','6631','P','2004-07-09','2020-09-28 10:28:37','2020-09-28 10:28:37'),(1197,1264,0,'DAVID VIERI PURWANTO','6665','L','2004-03-04','2020-09-28 10:28:38','2020-09-28 10:28:38'),(1198,1265,0,'DEA SEPTI ANGGREINI','6704','P','2004-09-28','2020-09-28 10:28:38','2020-09-28 10:28:38'),(1199,1266,0,'FAZA MUNIFAH','6707','P','2004-10-06','2020-09-28 10:28:38','2020-09-28 10:28:38'),(1200,1267,0,'FRETI NAFA SAPUTRI','6669','P','2003-11-20','2020-09-28 10:28:38','2020-09-28 10:28:38'),(1201,1268,0,'GAINDRA ARTAWAN KUSDARMONO','6670','L','2005-02-17','2020-09-28 10:28:38','2020-09-28 10:28:38'),(1202,1269,0,'HANNA HAYU NIF\'ANA','6708','P','2004-08-11','2020-09-28 10:28:38','2020-09-28 10:28:38'),(1203,1270,0,'HASNA DEA RISTIVANIA','6672','P','2004-05-19','2020-09-28 10:28:38','2020-09-28 10:28:38'),(1204,1271,0,'HIKMAH ALFITRIANI','6635','P','2004-11-14','2020-09-28 10:28:38','2020-09-28 10:28:38'),(1205,1272,0,'KARINA ISMADILLA','6744','P','2004-06-17','2020-09-28 10:28:38','2020-09-28 10:28:38'),(1206,1273,0,'KARTIKA AMELYA AMIN','6676','P','2004-07-04','2020-09-28 10:28:39','2020-09-28 10:28:39'),(1207,1274,0,'MARSHA FEBRINA NOORSY','6678','P','2004-02-08','2020-09-28 10:28:39','2020-09-28 10:28:39'),(1208,1275,0,'MUHAMAD IVAN ASHIDDIQ','6715','L','2004-03-16','2020-09-28 10:28:39','2020-09-28 10:28:39'),(1209,1276,0,'MUHAMMAD ARIF DANENDRA','6747','L','2004-08-22','2020-09-28 10:28:39','2020-09-28 10:28:39'),(1210,1277,0,'MUTIARA RAMADHANTI','6610','P','2004-10-27','2020-09-28 10:28:39','2020-09-28 10:28:39'),(1211,1278,0,'NABILA PUTRI LARASATI','6611','P','2004-03-22','2020-09-28 10:28:39','2020-09-28 10:28:39'),(1212,1279,0,'NABILATUNNISAA','6643','P','2004-09-16','2020-09-28 10:28:39','2020-09-28 10:28:39'),(1213,1280,0,'NATHANAEL SANTOSO','6749','L','2004-12-10','2020-09-28 10:28:39','2020-09-28 10:28:39'),(1214,1281,0,'NINA RISKI INDRIANI','6613','P','2003-12-31','2020-09-28 10:28:39','2020-09-28 10:28:39'),(1215,1282,0,'NURAYUNING SEPTIANA MEGANANDA','6725','P','2003-09-13','2020-09-28 10:28:40','2020-09-28 10:28:40'),(1216,1283,0,'NYAR OSMI ARIANTI','6684','P','2004-09-05','2020-09-28 10:28:40','2020-09-28 10:28:40'),(1217,1284,0,'PESONA BIAS PELANGI KARINA PUTRI','6645','P','2004-10-30','2020-09-28 10:28:40','2020-09-28 10:28:40'),(1218,1285,0,'RAYHAN NANDA ADIPRAMANA','6727','L','2004-02-12','2020-09-28 10:28:40','2020-09-28 10:28:40'),(1219,1286,0,'SAFIKA MAULIDA AZZAHRA','6619','P','2005-04-19','2020-09-28 10:28:40','2020-09-28 10:28:40'),(1220,1287,0,'SANIA NAJMA ROSYADA','6689','P','2004-07-25','2020-09-28 10:28:40','2020-09-28 10:28:40'),(1221,1288,0,'SYIFA DESNITA','6620','P','2004-12-11','2020-09-28 10:28:40','2020-09-28 10:28:40'),(1222,1289,0,'TOHA ARROZAQ','6621','L','2003-11-14','2020-09-28 10:28:40','2020-09-28 10:28:40'),(1223,1290,0,'VITA RAHMA ANINDYA','6656','P','2004-06-01','2020-09-28 10:28:41','2020-09-28 10:28:41'),(1224,1291,0,'ABRAM DILLON SUGIANTO PUTRA','6731','L','2005-03-09','2020-09-28 10:28:41','2020-09-28 10:28:41'),(1225,1292,0,'ABYAN YURDIN KAMAL','6624','L','2003-07-11','2020-09-28 10:28:41','2020-09-28 10:28:41'),(1226,1293,0,'AGNES ANGGRAENI','6589','P','2004-04-04','2020-09-28 10:28:41','2020-09-28 10:28:41'),(1227,1294,0,'AINUN MUFIDAH','6734','P','2003-12-25','2020-09-28 10:28:41','2020-09-28 10:28:41'),(1228,1295,0,'ANISA SALSABILA','6592','P','2004-07-15','2020-09-28 10:28:41','2020-09-28 10:28:41'),(1229,1296,0,'APRILA ANASTASIA FLOREAN','6629','P','2004-04-12','2020-09-28 10:28:41','2020-09-28 10:28:41'),(1230,1297,0,'CATRINE GRACIELLA PUTRI PARHUSIP','6595','P','2004-12-19','2020-09-28 10:28:41','2020-09-28 10:28:41'),(1231,1298,0,'CETTA UGAMA','6703','L','2004-04-11','2020-09-28 10:28:41','2020-09-28 10:28:41'),(1232,1299,0,'DEVI SYAKIROTUL MAHFUDLOH','6740','P','2004-01-04','2020-09-28 10:28:42','2020-09-28 10:28:42'),(1233,1300,0,'DIAN RISKI SARASATI','6666','P','2004-07-12','2020-09-28 10:28:42','2020-09-28 10:28:42'),(1234,1301,0,'DINA KAMILA','6705','P','2004-04-13','2020-09-28 10:28:42','2020-09-28 10:28:42'),(1235,1302,0,'ELSA ELLISYA RAHMAHADI','6597','P','2004-02-25','2020-09-28 10:28:42','2020-09-28 10:28:42'),(1236,1303,0,'FAUSTINA FRISKA SITANGGANG','6706','P','2003-11-19','2020-09-28 10:31:02','2020-09-28 10:31:02'),(1237,1304,0,'FIJJAY NAUFAL AHMAD','6601','L','2004-08-13','2020-09-28 10:31:02','2020-09-28 10:31:02'),(1238,1305,0,'ICCA FEBITA PRAMESWARI','6742','P','2004-02-08','2020-09-28 10:31:02','2020-09-28 10:31:02'),(1239,1306,0,'IRFAN RAMADHANI','6602','L','2004-10-20','2020-09-28 10:31:03','2020-09-28 10:31:03'),(1240,1307,0,'LUTFIYAH','6677','P','2004-01-20','2020-09-28 10:31:03','2020-09-28 10:31:03'),(1241,1308,0,'M. INDRA ADI KUSUMA','6605','L','2004-09-01','2020-09-28 10:31:03','2020-09-28 10:31:03'),(1242,1309,0,'M. NAUFAL KURNIA RAMADHAN','6606','L','2003-11-07','2020-09-28 10:31:03','2020-09-28 10:31:03'),(1243,1310,0,'MUHAMMAD ADIL SURYA','6680','L','2004-05-13','2020-09-28 10:31:03','2020-09-28 10:31:03'),(1244,1311,0,'MUHAMMAD HUSSEIN','6681','L','2004-09-11','2020-09-28 10:31:03','2020-09-28 10:31:03'),(1245,1312,0,'MUHAMMAD IZZA AZKALHUDA','6717','L','2004-01-01','2020-09-28 10:31:03','2020-09-28 10:31:03'),(1246,1313,0,'MUHAMMAD KHANIF NAUFAL','6748','L','2004-09-13','2020-09-28 10:31:03','2020-09-28 10:31:03'),(1247,1314,0,'MUHAMMAD WIJDAN ANARGYA','6719','L','2003-09-10','2020-09-28 10:31:04','2020-09-28 10:31:04'),(1248,1315,0,'NATHANIA TRIXIE LIYANTO','6750','P','2004-04-06','2020-09-28 10:31:04','2020-09-28 10:31:04'),(1249,1316,0,'NIA NURUL IMANA','6683','P','2004-03-15','2020-09-28 10:31:04','2020-09-28 10:31:04'),(1250,1317,0,'PUTRI NABILLA','6726','P','2004-09-01','2020-09-28 10:31:04','2020-09-28 10:31:04'),(1251,1318,0,'RIFKA ELYSIA RAMADHANI','6728','P','2004-11-12','2020-09-28 10:31:04','2020-09-28 10:31:04'),(1252,1319,0,'RIYAN ADRIAN WIJAYANTO','6758','L','2004-09-27','2020-09-28 10:31:04','2020-09-28 10:31:04'),(1253,1320,0,'SABILA AHMAD','6759','P','2004-01-05','2020-09-28 10:31:04','2020-09-28 10:31:04'),(1254,1321,0,'SALSABILA CAHYA RAMADHANI','6762','P','2004-10-22','2020-09-28 10:31:04','2020-09-28 10:31:04'),(1255,1322,0,'SEKAR ARIANI QISTHIA','6690','P','2004-01-01','2020-09-28 10:31:04','2020-09-28 10:31:04'),(1256,1323,0,'SELA RISQI PUTRI WIBOWO','6652','P','2004-06-18','2020-09-28 10:31:05','2020-09-28 10:31:05'),(1257,1324,0,'SITI ANDRIANIS','6653','P','2004-04-01','2020-09-28 10:31:05','2020-09-28 10:31:05'),(1258,1325,0,'SURYA LESMANA','6654','L','2004-05-20','2020-09-28 10:31:05','2020-09-28 10:31:05'),(1259,1326,0,'YUSMALIA FAJRI TANAYA','6694','P','2004-08-20','2020-09-28 10:31:05','2020-09-28 10:31:05'),(1260,1327,0,'ABSANA MUTIARA NABILA','6659','P','2004-02-29','2020-09-28 10:31:05','2020-09-28 10:31:05'),(1261,1328,0,'ACHMAD IVAN YUGAVA','6695','L','2003-12-16','2020-09-28 10:31:05','2020-09-28 10:31:05'),(1262,1329,0,'ADELIA PUTRI YUNITA','6588','P','2004-06-06','2020-09-28 10:31:05','2020-09-28 10:31:05'),(1263,1330,0,'ADHE IMAN NUGRAHA','6660','L','2003-07-01','2020-09-28 10:31:05','2020-09-28 10:31:05'),(1264,1331,0,'ALIKA RISQI HANDAYANI','6697','P','2004-07-13','2020-09-28 10:31:06','2020-09-28 10:31:06'),(1265,1332,0,'ALLYA SOFIANA ASSYIFA','6663','P','2004-06-14','2020-09-28 10:31:06','2020-09-28 10:31:06'),(1266,1333,0,'AMANDA PUSPITA SARI ARIFIN','6698','P','2004-04-19','2020-09-28 10:31:06','2020-09-28 10:31:06'),(1267,1334,0,'APRILIANA SHELMA KARAMI','6699','P','2004-04-04','2020-09-28 10:31:06','2020-09-28 10:31:06'),(1268,1335,0,'AZANZI BAGUS PRATAMA','6593','L','2004-06-29','2020-09-28 10:31:06','2020-09-28 10:31:06'),(1269,1336,0,'BELA SABRINA','6594','P','2004-06-23','2020-09-28 10:31:06','2020-09-28 10:31:06'),(1270,1337,0,'DIMAS ADI PANGESTU','6667','L','2004-04-20','2020-09-28 10:31:06','2020-09-28 10:31:06'),(1271,1338,0,'EUNIKE SEFIANI IRAWAN','6633','P','2004-09-17','2020-09-28 10:31:06','2020-09-28 10:31:06'),(1272,1339,0,'FELENA DINDA SENTIKA','6600','P','2004-02-16','2020-09-28 10:31:06','2020-09-28 10:31:06'),(1273,1340,0,'KAFIN AKBAR','6743','L','2004-11-25','2020-09-28 10:31:07','2020-09-28 10:31:07'),(1274,1341,0,'LIA AGUSTINA','6711','P','2003-08-16','2020-09-28 10:31:07','2020-09-28 10:31:07'),(1275,1342,0,'LULUK RAHMAWATI','6712','P','2004-04-13','2020-09-28 10:31:07','2020-09-28 10:31:07'),(1276,1343,0,'NADYA MAYLA PUTRI RAHMADANI','6722','P','2004-05-29','2020-09-28 10:31:07','2020-09-28 10:31:07'),(1277,1344,0,'NAJWA AULIA','6723','P','2004-05-22','2020-09-28 10:31:07','2020-09-28 10:31:07'),(1278,1345,0,'NAYRA ARDANIA','6724','P','2004-06-28','2020-09-28 10:31:07','2020-09-28 10:31:07'),(1279,1346,0,'NILAM LINGGA ASTRYANI','6751','P','2003-12-15','2020-09-28 10:31:07','2020-09-28 10:31:07'),(1280,1347,0,'NUR AINI HANIFAH','6752','P','2004-12-24','2020-09-28 10:31:07','2020-09-28 10:31:07'),(1281,1348,0,'PUTRI AGNES CANDRANINGTYAS','6614','P','2004-08-29','2020-09-28 10:31:08','2020-09-28 10:31:08'),(1282,1349,0,'RACHEL SAVITRI','6755','P','2004-02-12','2020-09-28 10:31:08','2020-09-28 10:31:08'),(1283,1350,0,'RAYKHAN ZULFAR MUSYAFA\'','6685','L','2004-01-22','2020-09-28 10:31:08','2020-09-28 10:31:08'),(1284,1351,0,'REGITA AULIA KHANAFI','6615','P','2004-01-12','2020-09-28 10:31:08','2020-09-28 10:31:08'),(1285,1352,0,'RHEZNANDYA PRADIPTA','6616','L','2004-06-04','2020-09-28 10:31:08','2020-09-28 10:31:08'),(1286,1353,0,'ROSI ELSA MARIANA','6650','P','2004-03-22','2020-09-28 10:31:08','2020-09-28 10:31:08'),(1287,1354,0,'SABRINA WANDA OKTAVIANI','6760','P','2004-10-09','2020-09-28 10:31:08','2020-09-28 10:31:08'),(1288,1355,0,'SAHPUTRA DIMAS PRAKOSA','6761','L','2004-03-12','2020-09-28 10:31:08','2020-09-28 10:31:08'),(1289,1356,0,'SANDY RIZKASOFA','6688','L','2004-08-15','2020-09-28 10:31:08','2020-09-28 10:31:08'),(1290,1357,0,'SARAH NABILA LAILA','6763','P','2003-05-11','2020-09-28 10:31:09','2020-09-28 10:31:09'),(1291,1358,0,'SHINTA AULIA MAHARANI','6691','P','2004-06-02','2020-09-28 10:31:09','2020-09-28 10:31:09'),(1292,1359,0,'SYIFA AMALIA PUTRI','6692','P','2004-04-10','2020-09-28 10:31:09','2020-09-28 10:31:09'),(1293,1360,0,'TRIFENA','6693','P','2005-03-30','2020-09-28 10:31:09','2020-09-28 10:31:09'),(1294,1361,0,'WIDYA WAHYUNING WIJAYA','6765','P','2004-03-20','2020-09-28 10:31:09','2020-09-28 10:31:09'),(1295,1362,0,'YEREMIA NELSON KURNIAWAN','6657','L','2004-03-19','2020-09-28 10:31:09','2020-09-28 10:31:09'),(1296,1363,0,'ADITYA YUDHA AL SYAFIQ','6732','L','2004-10-22','2020-09-28 10:31:09','2020-09-28 10:31:09'),(1297,1364,0,'ADRIANO ABELIONATHAN','6733','L','2004-09-08','2020-09-28 10:31:09','2020-09-28 10:31:09'),(1298,1365,0,'AISYA NURUL FALLA','6590','P','2004-01-06','2020-09-28 10:31:10','2020-09-28 10:31:10'),(1299,1366,0,'AKHMAD RIZKI ARDISAPUTRA','6625','L','2004-03-26','2020-09-28 10:31:10','2020-09-28 10:31:10'),(1300,1367,0,'AKMALA DINA RAMADANI','6591','P','2004-08-07','2020-09-28 10:31:10','2020-09-28 10:31:10'),(1301,1368,0,'AMIRUL NUSWANTARA ADLI','6627','L','2004-02-28','2020-09-28 10:31:10','2020-09-28 10:31:10'),(1302,1369,0,'ANDHIKA PERMANA','6736','L','2004-03-24','2020-09-28 10:31:10','2020-09-28 10:31:10'),(1303,1370,0,'AWFIYAH AGHNA WIDYANDHARI','6701','P','2004-08-20','2020-09-28 10:31:10','2020-09-28 10:31:10'),(1304,1371,0,'CHANTIKA ARTAMEVIA','6632','P','2004-01-27','2020-09-28 10:31:10','2020-09-28 10:31:10'),(1305,1372,0,'CHELSY RACHEL DWINDASARI','6596','P','2004-03-11','2020-09-28 10:31:10','2020-09-28 10:31:10'),(1306,1373,0,'DIMAS RAHAYU SAPUTRA','6741','L','2004-04-14','2020-09-28 10:31:11','2020-09-28 10:31:11'),(1307,1374,0,'FANINA HUWAIDA','6599','P','2004-05-01','2020-09-28 10:31:11','2020-09-28 10:31:11'),(1308,1375,0,'GINA MUTIA NURROHMAH','6671','P','2005-06-08','2020-09-28 10:31:11','2020-09-28 10:31:11'),(1309,1376,0,'GITA FATIKASARI','6634','P','2004-08-08','2020-09-28 10:31:11','2020-09-28 10:31:11'),(1310,1377,0,'HENDRA FEBRIA DAMARA','6673','L','2004-02-21','2020-09-28 10:31:11','2020-09-28 10:31:11'),(1311,1378,0,'HILMY DANY RAIHAN','6674','L','2003-12-22','2020-09-28 10:31:11','2020-09-28 10:31:11'),(1312,1379,0,'HIMAWAN JOYO MAHARDIKO','6636','L','2005-06-21','2020-09-28 10:31:11','2020-09-28 10:31:11'),(1313,1380,0,'IMMANUEL NUGROHO','6710','L','2003-12-19','2020-09-28 10:31:11','2020-09-28 10:31:11'),(1314,1381,0,'KURNIAWAN DWI SANTOSO','6637','L','2004-12-22','2020-09-28 10:31:12','2020-09-28 10:31:12'),(1315,1382,0,'LEONARD CHRISTIANDRO NGORANUBUN','6638','L','2004-09-12','2020-09-28 10:31:12','2020-09-28 10:31:12'),(1316,1383,0,'M. ARIEL AL-FARIZ','6603','L','2004-04-09','2020-09-28 10:31:12','2020-09-28 10:31:12'),(1317,1384,0,'MARISKA ANDINI','6639','P','2004-03-31','2020-09-28 10:31:12','2020-09-28 10:31:12'),(1318,1385,0,'MAULINA SALIMA BISMIKA YA ADZIM','6679','P','2003-12-16','2020-09-28 10:31:12','2020-09-28 10:31:12'),(1319,1386,0,'MOHAMMAD DWI IRZA RAMADHAN','6607','L','2003-11-17','2020-09-28 10:31:12','2020-09-28 10:31:12'),(1320,1387,0,'MUHAMMAD RIZQI WIJAYA','6609','L','2004-04-10','2020-09-28 10:31:12','2020-09-28 10:31:12'),(1321,1388,0,'MUHAMMAD SA\'AD NUR FATHUDDIN','6682','L','2004-05-28','2020-09-28 10:31:12','2020-09-28 10:31:12'),(1322,1389,0,'PUTRI AMALIYA','6753','P','2004-01-22','2020-09-28 10:31:12','2020-09-28 10:31:12'),(1323,1390,0,'RATU ARINI ASTARI','6648','P','2004-01-11','2020-09-28 10:31:13','2020-09-28 10:31:13'),(1324,1391,0,'RINA RAMADHANI','6686','P','2004-10-19','2020-09-28 10:31:13','2020-09-28 10:31:13'),(1325,1392,0,'SABRINA ZAHWA KAMELIA AYUSTI','6651','P','2004-12-10','2020-09-28 10:31:13','2020-09-28 10:31:13'),(1326,1393,0,'SIERA RADINKA','6764','P','2004-03-08','2020-09-28 10:31:13','2020-09-28 10:31:13'),(1327,1394,0,'SYAIDAH SUNNIYAH','6655','P','2004-04-12','2020-09-28 10:31:13','2020-09-28 10:31:13'),(1328,1395,0,'TRI BUANA TUNGGA DEWI','6622','P','2004-04-28','2020-09-28 10:31:13','2020-09-28 10:31:13'),(1329,1396,0,'ZAHRRO NURSITA SARI','6623','P','2003-03-28','2020-09-28 10:31:13','2020-09-28 10:31:13'),(1330,1397,0,'AMALIA KUSUMA CANDRA DEWI PUTRIYANSYAH','6735','P','2003-11-18','2020-09-28 10:31:13','2020-09-28 10:31:13'),(1331,1398,0,'ANITA APRILLIA','6628','P','2004-04-19','2020-09-28 10:31:13','2020-09-28 10:31:13'),(1332,1399,0,'ARLYN KUMALA DWI HAPSA SULISTYA','6700','P','2004-07-26','2020-09-28 10:31:14','2020-09-28 10:31:14'),(1333,1400,0,'BALGIS RIZKI AULIA','6738','P','2003-12-15','2020-09-28 10:31:14','2020-09-28 10:31:14'),(1334,1401,0,'BRIGITA ADEILLA ZERRIN NAVIOLA','6739','P','2004-07-24','2020-09-28 10:31:14','2020-09-28 10:31:14'),(1335,1402,0,'EVIE SUSANTI','6598','P','2004-06-17','2020-09-28 10:31:14','2020-09-28 10:31:14'),(1336,1403,0,'FAREZA BALQIS','6668','P','2003-12-10','2020-09-28 10:31:14','2020-09-28 10:31:14'),(1337,1404,0,'HIDIER MANUMAYASA','6709','L','2004-06-06','2020-09-28 10:31:14','2020-09-28 10:31:14'),(1338,1405,0,'IMTIYAZ SALSABILA','6675','P','2004-03-14','2020-09-28 10:31:14','2020-09-28 10:31:14'),(1339,1406,0,'M. ARTHUR WIJAYA','6604','L','2004-04-20','2020-09-28 10:31:14','2020-09-28 10:31:14'),(1340,1407,0,'M. RYAN SETIAWAN','6713','L','2004-03-23','2020-09-28 10:31:15','2020-09-28 10:31:15'),(1341,1408,0,'MELANI LU\'LU\'A','6640','P','2004-12-26','2020-09-28 10:31:15','2020-09-28 10:31:15'),(1342,1409,0,'MESYA PUTRI HAPSARI','6714','P','2004-05-12','2020-09-28 10:31:15','2020-09-28 10:31:15'),(1343,1410,0,'MILADINNUR SALMA','6641','P','2004-03-13','2020-09-28 10:31:15','2020-09-28 10:31:15'),(1344,1411,0,'MOH. HARISUDDIN ZUL HILMI','6745','L','2004-04-22','2020-09-28 10:31:15','2020-09-28 10:31:15'),(1345,1412,0,'MOHAMMAD ADITYA NUGROHO','6746','L','2004-03-02','2020-09-28 10:31:15','2020-09-28 10:31:15'),(1346,1413,0,'MOKHAMAD MAULANA MAGRIBI','6608','L','2004-09-01','2020-09-28 10:31:15','2020-09-28 10:31:15'),(1347,1414,0,'MUCHAMMAD ILHAM NAJIB','6642','L','2005-03-18','2020-09-28 10:31:15','2020-09-28 10:31:15'),(1348,1415,0,'MUHAMMAD EPRILIANO SANTA ARWI','6716','L','2004-04-01','2020-09-28 10:31:16','2020-09-28 10:31:16'),(1349,1416,0,'MUHAMMAD SHOBRI','6718','L','2004-03-19','2020-09-28 10:31:16','2020-09-28 10:31:16'),(1350,1417,0,'MUHAMMAD ZHAFRAN PUTRA PRAKASA','6720','L','2004-11-12','2020-09-28 10:31:16','2020-09-28 10:31:16'),(1351,1418,0,'NADYA CAHYANI PUTRI','6721','P','2004-09-04','2020-09-28 10:31:16','2020-09-28 10:31:16'),(1352,1419,0,'NAELA SAADAH','6644','P','2004-02-20','2020-09-28 10:31:16','2020-09-28 10:31:16'),(1353,1420,0,'NASYWAA ANGGITA RAMADHANI','6612','P','2003-11-03','2020-09-28 10:31:16','2020-09-28 10:31:16'),(1354,1421,0,'QONITAH NAUFAL DAHBUL','6754','P','2004-09-26','2020-09-28 10:31:16','2020-09-28 10:31:16'),(1355,1422,0,'R. ALPHA MATIN ISTIFFAN PUTRA','6646','L','2004-03-04','2020-09-28 10:31:16','2020-09-28 10:31:16'),(1356,1423,0,'RAIHANU SHIFA MUSHAFA','6647','L','2004-03-15','2020-09-28 10:31:17','2020-09-28 10:31:17'),(1357,1424,0,'RAISYA ERACHMIA NASTITI','6757','P','2004-02-23','2020-09-28 10:31:17','2020-09-28 10:31:17'),(1358,1425,0,'REYVAN AVERYL FARADANA','6649','L','2004-04-10','2020-09-28 10:31:17','2020-09-28 10:31:17'),(1359,1426,0,'RIZIQ ASYSYA\'BANI','6687','L','2004-09-26','2020-09-28 10:31:17','2020-09-28 10:31:17'),(1360,1427,0,'ROHIMA CHOIRUL HANA','6617','P','2004-05-07','2020-09-28 10:31:17','2020-09-28 10:31:17'),(1361,1428,0,'RUT SETIA HERAWATI','6618','P','2004-07-18','2020-09-28 10:31:17','2020-09-28 10:31:17'),(1362,1429,0,'ZAIDAN NUR ADITAMA','6766','L','2004-10-04','2020-09-28 10:31:17','2020-09-28 10:31:17'),(1363,1430,0,'ZIDAN NABILA','6658','L','2004-05-18','2020-09-28 10:31:17','2020-09-28 10:31:17'),(1364,1431,0,'ZULFIKAR ALIF MAULANA','6730','L','2003-11-13','2020-09-28 10:31:17','2020-09-28 10:31:17'),(1365,1432,0,'AKMALIATUL KHASANAH','6767','P','2004-07-11','2020-09-28 10:31:18','2020-09-28 10:31:18'),(1366,1433,0,'AMIQOH TSANAULAILA','6768','P','2004-10-21','2020-09-28 10:31:18','2020-09-28 10:31:18'),(1367,1434,0,'AMMAR BAWAZIR','6769','L','2004-09-15','2020-09-28 10:31:18','2020-09-28 10:31:18'),(1368,1435,0,'ANDHINI YUNIARTIKA','6770','P','2004-06-21','2020-09-28 10:31:18','2020-09-28 10:31:18'),(1369,1436,0,'AULIA INSANI','6771','P','2004-09-10','2020-09-28 10:31:18','2020-09-28 10:31:18'),(1370,1437,0,'DINA NUR ADILLA','6773','P','2002-11-02','2020-09-28 10:31:18','2020-09-28 10:31:18'),(1371,1438,0,'DYAN WIDJOYANTI','6774','P','2004-05-27','2020-09-28 10:31:18','2020-09-28 10:31:18'),(1372,1439,0,'ISADA IKA NINGRUM','6775','P','2004-03-18','2020-09-28 10:31:18','2020-09-28 10:31:18'),(1373,1440,0,'IZUN NAJA NAHAR','6776','L','2003-09-12','2020-09-28 10:31:18','2020-09-28 10:31:18'),(1374,1441,0,'MAHARDIAN FAJRI','6778','L','2003-01-28','2020-09-28 10:31:19','2020-09-28 10:31:19'),(1375,1442,0,'MAR\'I HUSEIN','6779','L','2004-06-29','2020-09-28 10:31:19','2020-09-28 10:31:19'),(1376,1443,0,'MAULIDA RAHMA','6780','P','2004-05-20','2020-09-28 10:31:19','2020-09-28 10:31:19'),(1377,1444,0,'MU\'AMMAR RAFI','6781','L','2004-01-12','2020-09-28 10:31:19','2020-09-28 10:31:19'),(1378,1445,0,'MUCHAMMAD NABIL','6782','L','2004-12-05','2020-09-28 10:31:19','2020-09-28 10:31:19'),(1379,1446,0,'MUHAMMAD BAGAS FIRMANSYAH','6783','L','2004-01-02','2020-09-28 10:31:19','2020-09-28 10:31:19'),(1380,1447,0,'MUKHAMMAD RAIHAN','6784','L','2004-09-17','2020-09-28 10:31:19','2020-09-28 10:31:19'),(1381,1448,0,'NABILATUNISA','6785','P','2004-07-17','2020-09-28 10:31:20','2020-09-28 10:31:20'),(1382,1449,0,'NAJIH AHDA SABILA','6786','L','2004-06-10','2020-09-28 10:31:20','2020-09-28 10:31:20'),(1383,1450,0,'NAJMI','6787','L','2003-12-27','2020-09-28 10:31:20','2020-09-28 10:31:20'),(1384,1451,0,'NIA KURNIASIH','6788','P','2003-10-08','2020-09-28 10:31:20','2020-09-28 10:31:20'),(1385,1452,0,'NOFIA YUNIATI','6789','P','2004-06-01','2020-09-28 10:31:20','2020-09-28 10:31:20'),(1386,1453,0,'NOVIA AYUNINGTYAS','6790','P','2003-11-09','2020-09-28 10:31:20','2020-09-28 10:31:20'),(1387,1454,0,'PRAMESWARI AYUNING KANTI','6791','P','2004-06-26','2020-09-28 10:31:20','2020-09-28 10:31:20'),(1388,1455,0,'PUTRI HANA KARLINA','6792','P','2004-01-13','2020-09-28 10:31:20','2020-09-28 10:31:20'),(1389,1456,0,'RAUDHOTUL KHABIBAH','6793','P','2003-12-31','2020-09-28 10:31:21','2020-09-28 10:31:21'),(1390,1457,0,'SALSABILA AMANDA APRILIANI','6794','P','2004-04-13','2020-09-28 10:31:21','2020-09-28 10:31:21'),(1391,1458,0,'SALSABILA MEILA NAZHIFAH','6795','P','2004-05-10','2020-09-28 10:31:21','2020-09-28 10:31:21'),(1392,1459,0,'STANIA KHOIRI NAFSA','6796','P','2003-12-09','2020-09-28 10:31:21','2020-09-28 10:31:21'),(1393,1460,0,'THALLADYIA FAZA','6797','P','2004-09-13','2020-09-28 10:31:21','2020-09-28 10:31:21'),(1394,1461,0,'TIARA SANI','6798','P','2004-05-31','2020-09-28 10:31:21','2020-09-28 10:31:21'),(1395,1462,0,'VINA HANIM NUR AZIZAH','6799','P','2004-11-08','2020-09-28 10:31:21','2020-09-28 10:31:21'),(1396,1463,0,'Yoga Eka Pramudya','6800','L','2004-07-18','2020-09-28 10:31:22','2020-09-28 10:31:22'),(1397,1464,0,'YUYUN FIKRI HELMIATI','6801','P','2004-12-26','2020-09-28 10:31:22','2020-09-28 10:31:22'),(1398,1465,0,'ZASRA KURNIA','6802','P','2006-01-11','2020-09-28 10:31:22','2020-09-28 10:31:22'),(1399,1466,0,'AHMAD SYAFIQ YAHYA','6803','L','2004-01-29','2020-09-28 10:31:22','2020-09-28 10:31:22'),(1400,1467,0,'AINASYIFA PUSPITA AZZAHRA','6804','P','2003-12-15','2020-09-28 10:31:22','2020-09-28 10:31:22'),(1401,1468,0,'AMALIA WIDIANI','6805','P','2004-08-30','2020-09-28 10:31:22','2020-09-28 10:31:22'),(1402,1469,0,'DEO FERDINAND PRATAMA','6806','L','2004-04-11','2020-09-28 10:31:23','2020-09-28 10:31:23'),(1403,1470,0,'DEVI KURNIAWATI','6807','P','2004-12-05','2020-09-28 10:31:23','2020-09-28 10:31:23'),(1404,1471,0,'DIYAN TIFLATUSSOLIHAH','6808','P','2004-07-26','2020-09-28 10:31:23','2020-09-28 10:31:23'),(1405,1472,0,'FELITYA SYAFIRA CATUR NUGROHENI','6810','P','2004-02-22','2020-09-28 10:31:23','2020-09-28 10:31:23'),(1406,1473,0,'IKROMI ALIFTIAN CAHYA','6811','L','2004-11-23','2020-09-28 10:31:23','2020-09-28 10:31:23'),(1407,1474,0,'ISMI AISSYAH','6812','P','2004-07-04','2020-09-28 10:31:23','2020-09-28 10:31:23'),(1408,1475,0,'JADID MAULANA PRIAMBODO','6813','L','2003-03-06','2020-09-28 10:31:23','2020-09-28 10:31:23'),(1409,1476,0,'KAMILA','6814','P','2004-08-30','2020-09-28 10:31:23','2020-09-28 10:31:23'),(1410,1477,0,'KEIVIN EDDY SURYONO','6815','L','2004-05-20','2020-09-28 10:31:24','2020-09-28 10:31:24'),(1411,1478,0,'KHODIJATIL MASTUR AL FATIMIYAH','6816','P','2004-03-19','2020-09-28 10:31:24','2020-09-28 10:31:24'),(1412,1479,0,'LIDIYA AZRA FILZAH','6817','P','2004-07-02','2020-09-28 10:31:24','2020-09-28 10:31:24'),(1413,1480,0,'MAULYDIA DEWI','6818','P','2004-04-22','2020-09-28 10:31:24','2020-09-28 10:31:24'),(1414,1481,0,'MUH DAVID RAMADHAN','6819','L','2003-11-03','2020-09-28 10:31:24','2020-09-28 10:31:24'),(1415,1482,0,'MUH. RIZKI HARIZ PRAYITNO','6820','L','2003-09-18','2020-09-28 10:31:24','2020-09-28 10:31:24'),(1416,1483,0,'MUHAMMAD BINTANG FALIH HUDANI','6821','L','2004-02-24','2020-09-28 10:31:24','2020-09-28 10:31:24'),(1417,1484,0,'MUHAMMAD GHULAM DANISH','6822','L','2003-04-08','2020-09-28 10:31:24','2020-09-28 10:31:24'),(1418,1485,0,'MUHAMMAD KHOIRURRISQON AZIZI','6823','L','2004-10-27','2020-09-28 10:31:25','2020-09-28 10:31:25'),(1419,1486,0,'MUHAMMAD RAFI FALAKH AL-BASYAR','6824','L','2004-05-02','2020-09-28 10:31:25','2020-09-28 10:31:25'),(1420,1487,0,'MUHAMMAD SYAUQI DZULFAHMI','6825','L','2004-02-02','2020-09-28 10:31:25','2020-09-28 10:31:25'),(1421,1488,0,'MUHAMMAD ZAHIRUL HAQQI','6826','L','2004-01-27','2020-09-28 10:31:25','2020-09-28 10:31:25'),(1422,1489,0,'MUQTAB AKMAL MALIK','6827','L','2004-06-11','2020-09-28 10:31:25','2020-09-28 10:31:25'),(1423,1490,0,'NAILA FARADISA','6828','P','2004-05-24','2020-09-28 10:31:25','2020-09-28 10:31:25'),(1424,1491,0,'NAILATUL KARIMA','6829','P','2004-10-06','2020-09-28 10:31:25','2020-09-28 10:31:25'),(1425,1492,0,'NATHALIE DEASSY ARDHIA PUTRI','6830','P','2004-12-28','2020-09-28 10:31:25','2020-09-28 10:31:25'),(1426,1493,0,'NUR HAFIDH RIZQI DESTIAN NUGRAHA','6831','L','2004-11-30','2020-09-28 10:31:25','2020-09-28 10:31:25'),(1427,1494,0,'RIO FIRMANSYAH','6832','L','2003-10-06','2020-09-28 10:31:26','2020-09-28 10:31:26'),(1428,1495,0,'RIZKY AULIA JASMINE','6833','P','2004-06-04','2020-09-28 10:31:26','2020-09-28 10:31:26'),(1429,1496,0,'SITI SETIASIH','6834','P','2003-09-11','2020-09-28 10:31:26','2020-09-28 10:31:26'),(1430,1497,0,'SYAFRINA LATIFAH HANUM','6835','P','2004-04-02','2020-09-28 10:31:26','2020-09-28 10:31:26'),(1431,1498,0,'YANUAR ADI NUGROHO','6836','L','2004-01-14','2020-09-28 10:31:26','2020-09-28 10:31:26'),(1432,1499,0,'YUVA RAJA NAYAKA WICK','6837','L','2004-07-10','2020-09-28 10:31:26','2020-09-28 10:31:26'),(1433,1500,0,'ZAHIRA GIFANI SUPARDI','6838','P','2004-08-05','2020-09-28 10:31:26','2020-09-28 10:31:26'),(1434,1501,0,'ACHMAD ADI NUGROHO','6332','L','2003-05-16','2020-09-28 10:31:26','2020-09-28 10:31:26'),(1435,1502,0,'AGATHA PUTRI PERMATASARI S.','6478','P','2003-08-19','2020-09-28 10:31:27','2020-09-28 10:31:27'),(1436,1503,0,'AKHMAD ABDURROSYID','6481','L','2003-01-20','2020-09-28 10:37:13','2020-09-28 10:37:13'),(1437,1504,0,'ALIYAH SIDQIYAH','6334','P','2003-02-16','2020-09-28 10:37:13','2020-09-28 10:37:13'),(1438,1505,0,'CHALISUN FIRIFQAH','6485','P','2002-04-27','2020-09-28 10:37:13','2020-09-28 10:37:13'),(1439,1506,0,'DAVID ALVIAN','6486','L','2002-12-05','2020-09-28 10:37:13','2020-09-28 10:37:13'),(1440,1507,0,'DINA FUDHLATINA','6374','P','2003-07-12','2020-09-28 10:37:13','2020-09-28 10:37:13'),(1441,1508,0,'EKO CAHYO BIMANTORO','6490','L','2003-06-12','2020-09-28 10:37:14','2020-09-28 10:37:14'),(1442,1509,0,'ERDIN RYAN ANDREANTO','6448','L','2002-10-31','2020-09-28 10:37:14','2020-09-28 10:37:14'),(1443,1510,0,'FUTICHATUR ROKHMATUL UMAMI','6378','P','2003-12-04','2020-09-28 10:37:14','2020-09-28 10:37:14'),(1444,1511,0,'HAFIZ WIRA ADYATMA','6494','L','2003-08-17','2020-09-28 10:37:14','2020-09-28 10:37:14'),(1445,1512,0,'HAIKAL NAFIS ISHFAHANI WIBAWA','6495','L','2003-04-20','2020-09-28 10:37:14','2020-09-28 10:37:14'),(1446,1513,0,'HASNA PUTRI DHENIA','6496','P','2003-07-26','2020-09-28 10:37:14','2020-09-28 10:37:14'),(1447,1514,0,'KHANSA NAFIRA JASMINE','6499','P','2003-06-04','2020-09-28 10:37:14','2020-09-28 10:37:14'),(1448,1515,0,'LAURA GRESIA AGUSTINA NAPITUPULU','6425','P','2003-08-26','2020-09-28 10:37:14','2020-09-28 10:37:14'),(1449,1516,0,'LAURA ROSE SAHARA','6500','P','2003-07-02','2020-09-28 10:37:15','2020-09-28 10:37:15'),(1450,1517,0,'MAHARDINA FITRI AULIA','6382','P','2003-11-27','2020-09-28 10:37:15','2020-09-28 10:37:15'),(1451,1518,0,'MARSYA NADIYYATUL HANI\'AH','6383','P','2003-03-22','2020-09-28 10:37:15','2020-09-28 10:37:15'),(1452,1519,0,'MUHAMMAD FAIQ AKMAL','6457','L','2003-04-08','2020-09-28 10:37:15','2020-09-28 10:37:15'),(1453,1520,0,'MUHAMMAD HISYAM ASADUL HAQ','6504','L','2002-10-31','2020-09-28 10:37:15','2020-09-28 10:37:15'),(1454,1521,0,'MUHAMMAD ILHAM','6430','L','2001-12-18','2020-09-28 10:37:15','2020-09-28 10:37:15'),(1455,1522,0,'MUHAMMAD ZIDAN ARRIF BILLAH','6391','L','2004-01-02','2020-09-28 10:37:15','2020-09-28 10:37:15'),(1456,1523,0,'NABILA AZ ZAHRA','6357','P','2003-04-20','2020-09-28 10:37:15','2020-09-28 10:37:15'),(1457,1524,0,'NAURA FIRDAUS','6505','P','2003-10-01','2020-09-28 10:37:16','2020-09-28 10:37:16'),(1458,1525,0,'NUR INES YULIANTI','6434','P','2003-07-15','2020-09-28 10:37:16','2020-09-28 10:37:16'),(1459,1526,0,'PUTRI EMBUN AULIANI','6394','P','2003-12-20','2020-09-28 10:37:16','2020-09-28 10:37:16'),(1460,1527,0,'PUTRI ZULFA NABIGHAH','6361','P','2002-10-27','2020-09-28 10:37:16','2020-09-28 10:37:16'),(1461,1528,0,'SABINA YULIA PRABOWO','6396','P','2002-12-20','2020-09-28 10:37:16','2020-09-28 10:37:16'),(1462,1529,0,'SALMA DEVY ANDINI','6437','P','2003-12-12','2020-09-28 10:37:16','2020-09-28 10:37:16'),(1463,1530,0,'SHAFA NADIA KUSUMAWARDANI','6467','P','2003-10-13','2020-09-28 10:37:16','2020-09-28 10:37:16'),(1464,1531,0,'SUHAILA HEDRA','6398','P','2002-06-12','2020-09-28 10:37:16','2020-09-28 10:37:16'),(1465,1532,0,'SYAFNI RAHMA MAULIDA','6366','P','2003-06-02','2020-09-28 10:37:16','2020-09-28 10:37:16'),(1466,1533,0,'TALITHA RAHMANIA','6367','P','2003-08-30','2020-09-28 10:37:17','2020-09-28 10:37:17'),(1467,1534,0,'VIONA AMANDA','6471','P','2002-11-18','2020-09-28 10:37:17','2020-09-28 10:37:17'),(1468,1535,0,'YUNI AYUNING TIYAS','6402','P','2003-06-12','2020-09-28 10:37:17','2020-09-28 10:37:17'),(1469,1536,0,'ZAHARA JASMINE','6403','P','2003-08-25','2020-09-28 10:37:17','2020-09-28 10:37:17'),(1470,1537,0,'ADIMAS AULIA MUHAMMAD','6477','L','2003-11-13','2020-09-28 10:37:17','2020-09-28 10:37:17'),(1471,1538,0,'AHDA HASAN SUNGKAR','6408','P','2003-06-10','2020-09-28 10:37:17','2020-09-28 10:37:17'),(1472,1539,0,'AISHA KIFLAINI','6480','P','2003-06-26','2020-09-28 10:37:17','2020-09-28 10:37:17'),(1473,1540,0,'ANGELA GRACIA SANLIM','6410','P','2003-10-11','2020-09-28 10:37:17','2020-09-28 10:37:17'),(1474,1541,0,'ANINDA FAZA','6440','P','2003-09-19','2020-09-28 10:37:18','2020-09-28 10:37:18'),(1475,1542,0,'ARSYANA OKTAVIA PRAMESWARI','6443','P','2003-10-24','2020-09-28 10:37:18','2020-09-28 10:37:18'),(1476,1543,0,'AYU DWI LESTARI PUTRI','6336','P','2003-06-04','2020-09-28 10:37:18','2020-09-28 10:37:18'),(1477,1544,0,'DEVINA GRACIA','6447','P','2003-10-02','2020-09-28 10:37:18','2020-09-28 10:37:18'),(1478,1545,0,'DEWI ARUM QORIK','6371','P','2003-01-10','2020-09-28 10:37:18','2020-09-28 10:37:18'),(1479,1546,0,'DIAN FUADAH','6372','P','2002-07-29','2020-09-28 10:37:18','2020-09-28 10:37:18'),(1480,1547,0,'DIFFA SALISTYA','6487','P','2003-01-10','2020-09-28 10:37:18','2020-09-28 10:37:18'),(1481,1548,0,'DIRA RAMADHANI AZ-ZAHRA','6376','P','2003-11-10','2020-09-28 10:37:18','2020-09-28 10:37:18'),(1482,1549,0,'EKA ANYDIA PUTRI','6339','P','2002-11-18','2020-09-28 10:37:18','2020-09-28 10:37:18'),(1483,1550,0,'FELICIA ESTEVAN LIE','6491','P','2003-12-21','2020-09-28 10:37:19','2020-09-28 10:37:19'),(1484,1551,0,'FRISKA DESI SABITA','6423','P','2003-03-01','2020-09-28 10:37:19','2020-09-28 10:37:19'),(1485,1552,0,'GABRILIA SETYOWATI','6493','P','2003-03-06','2020-09-28 10:37:19','2020-09-28 10:37:19'),(1486,1553,0,'Henida Silva Laelly Rosyada','6451','P','2003-04-17','2020-09-28 10:37:19','2020-09-28 10:37:19'),(1487,1554,0,'INDY KEVIN MIHOPE','6346','L','2003-07-06','2020-09-28 10:37:19','2020-09-28 10:37:19'),(1488,1555,0,'INTAN NADZIFA','6379','P','2002-08-27','2020-09-28 10:37:19','2020-09-28 10:37:19'),(1489,1556,0,'JUSTICIA KHANSA\' LOVINA SABILILLAH','6498','P','2003-01-23','2020-09-28 10:37:19','2020-09-28 10:37:19'),(1490,1557,0,'M. ISAAC KURNIAWAN','6455','L','2003-05-08','2020-09-28 10:37:19','2020-09-28 10:37:19'),(1491,1558,0,'MOCH FARIS OLDIE','6501','L','2003-06-26','2020-09-28 10:37:19','2020-09-28 10:37:19'),(1492,1559,0,'MUHAMMAD BAHRUL ILMI','6355','L','2003-07-26','2020-09-28 10:37:20','2020-09-28 10:37:20'),(1493,1560,0,'MUHAMMAD FAJRI ALVIANDIKA','6458','L','2003-10-03','2020-09-28 10:37:20','2020-09-28 10:37:20'),(1494,1561,0,'MUHAMMAD FERDYNAN ALI SYAHBANA','6388','L','2003-06-13','2020-09-28 10:37:20','2020-09-28 10:37:20'),(1495,1562,0,'MUHAMMAD RIKI','6389','L','2003-06-07','2020-09-28 10:37:20','2020-09-28 10:37:20'),(1496,1563,0,'NAILA FATHINA','6392','P','2003-09-13','2020-09-28 10:37:20','2020-09-28 10:37:20'),(1497,1564,0,'NAUFA AFIFAH','6461','P','2003-04-30','2020-09-28 10:37:20','2020-09-28 10:37:20'),(1498,1565,0,'NICKEN MAHARANI BESTARI','6433','P','2003-03-04','2020-09-28 10:37:20','2020-09-28 10:37:20'),(1499,1566,0,'NOVA ARIANDA AZAHRA','6393','P','2003-04-24','2020-09-28 10:37:20','2020-09-28 10:37:20'),(1500,1567,0,'NUR FITRIANI NIKMATUSSHOLEKHA','6463','P','2002-12-28','2020-09-28 10:37:21','2020-09-28 10:37:21'),(1501,1568,0,'RAHMA FELIA AINI','6507','P','2003-06-03','2020-09-28 10:37:21','2020-09-28 10:37:21'),(1502,1569,0,'SILVIA QUTROTUN NADA','6468','P','2003-11-18','2020-09-28 10:37:21','2020-09-28 10:37:21'),(1503,1570,0,'TESALONIKA OLIVIA CHRISTINA','6439','P','2003-07-01','2020-09-28 10:37:21','2020-09-28 10:37:21'),(1504,1571,0,'TITANIA AURELIA SUSETIYO PUTRI','6401','P','2002-06-04','2020-09-28 10:37:21','2020-09-28 10:37:21'),(1505,1572,0,'VIONA LAURENTIA SETIAWAN','6472','P','2004-01-23','2020-09-28 10:37:21','2020-09-28 10:37:21'),(1506,1573,0,'ADIBA RAIHANA ADINDA','6404','P','2003-12-04','2020-09-28 10:37:21','2020-09-28 10:37:21'),(1507,1574,0,'AKMALA SAVIRA','6368','P','2001-08-07','2020-09-28 10:37:21','2020-09-28 10:37:21'),(1508,1575,0,'ALDINO SENTOT BAGASKARA','6482','L','2003-03-31','2020-09-28 10:37:22','2020-09-28 10:37:22'),(1509,1576,0,'ANINDA RACHMANIA AZ-ZAHRA','6411','P','2004-02-09','2020-09-28 10:37:22','2020-09-28 10:37:22'),(1510,1577,0,'ANJAY AYATULLOH FAROH AL-MONIER','6369','L','2001-10-12','2020-09-28 10:37:22','2020-09-28 10:37:22'),(1511,1578,0,'ARDELIA RIZKY SURYANING PUTRI','6370','P','2003-05-22','2020-09-28 10:37:22','2020-09-28 10:37:22'),(1512,1579,0,'ARINAL MUNAH','6442','P','2002-12-26','2020-09-28 10:37:22','2020-09-28 10:37:22'),(1513,1580,0,'AULIA RAHMA DINIYA PUTRI','6414','P','2003-05-11','2020-09-28 10:37:22','2020-09-28 10:37:22'),(1514,1581,0,'AURA ROSE SAHARA','6444','P','2003-07-02','2020-09-28 10:37:22','2020-09-28 10:37:22'),(1515,1582,0,'DEA AYU SRI WULANSARI','6417','P','2003-02-25','2020-09-28 10:37:22','2020-09-28 10:37:22'),(1516,1583,0,'DIANA ZALFANUR','6373','P','2003-06-02','2020-09-28 10:37:22','2020-09-28 10:37:22'),(1517,1584,0,'DINDA NETHANIA PRASASYA','6375','P','2003-08-07','2020-09-28 10:37:23','2020-09-28 10:37:23'),(1518,1585,0,'DIVA HARDIESTYA FANNY','6488','L','2002-07-05','2020-09-28 10:37:23','2020-09-28 10:37:23'),(1519,1586,0,'ENDANG AXTIA PUTRI PRATAMA','6377','P','2003-07-11','2020-09-28 10:37:23','2020-09-28 10:37:23'),(1520,1587,0,'FARADILLA AULIARAHMA','6449','P','2003-02-03','2020-09-28 10:37:23','2020-09-28 10:37:23'),(1521,1588,0,'FATY PUSPA NEGARA','6422','P','2003-06-09','2020-09-28 10:37:23','2020-09-28 10:37:23'),(1522,1589,0,'FIKA NURUL ALIM','6342','P','2002-11-15','2020-09-28 10:37:23','2020-09-28 10:37:23'),(1523,1590,0,'ISHIKA NUR AISYAH ERDIANI','6380','P','2002-05-12','2020-09-28 10:37:23','2020-09-28 10:37:23'),(1524,1591,0,'KAYLA ARSHINTA','6452','P','2003-11-05','2020-09-28 10:37:23','2020-09-28 10:37:23'),(1525,1592,0,'KURNIA LINGGA ANDINI','6347','P','2003-02-06','2020-09-28 10:37:24','2020-09-28 10:37:24'),(1526,1593,0,'M. IRZA RAMADHANI','6454','L','2002-11-01','2020-09-28 10:37:24','2020-09-28 10:37:24'),(1527,1594,0,'MARITZA SALWA NABILA','6426','P','2003-04-17','2020-09-28 10:37:24','2020-09-28 10:37:24'),(1528,1595,0,'MARSANDA BERLIAN','6351','P','2003-03-02','2020-09-28 10:37:24','2020-09-28 10:37:24'),(1529,1596,0,'MOCHAMMAD REYHAND BACHIS','6384','L','2003-09-09','2020-09-28 10:37:24','2020-09-28 10:37:24'),(1530,1597,0,'MOHAMMAD ADI HARTOYO','6385','L','2003-08-16','2020-09-28 10:37:24','2020-09-28 10:37:24'),(1531,1598,0,'MUHAMMAD\' AMRUDIEN','6387','L','2003-01-28','2020-09-28 10:37:24','2020-09-28 10:37:24'),(1532,1599,0,'MUHAMMAD YAFI DHIYAULHAQ','6390','L','2003-05-23','2020-09-28 10:37:24','2020-09-28 10:37:24'),(1533,1600,0,'NOVREZA MAHADIPUTRA','6462','L','2002-11-04','2020-09-28 10:37:24','2020-09-28 10:37:24'),(1534,1601,0,'SALMA NAILATU SYIFA','6397','P','2004-02-12','2020-09-28 10:37:25','2020-09-28 10:37:25'),(1535,1602,0,'TALITA RAMADHANTYA TANDO','6470','P','2003-10-29','2020-09-28 10:37:25','2020-09-28 10:37:25'),(1536,1603,0,'TAUFIQUL HAKIM TSABIT','6400','L','2003-06-14','2020-09-28 10:37:25','2020-09-28 10:37:25'),(1537,1604,0,'VANIA SETIANI WIBOWO','6509','P','2003-02-20','2020-09-28 10:37:25','2020-09-28 10:37:25'),(1538,1605,0,'VIRADITA','6473','P','2003-01-14','2020-09-28 10:37:25','2020-09-28 10:37:25'),(1539,1606,0,'WANDA AGSELA DURBA','6474','P','2003-08-12','2020-09-28 10:37:25','2020-09-28 10:37:25'),(1540,1607,0,'YUNI DANUWATI','6510','P','2002-06-18','2020-09-28 10:37:25','2020-09-28 10:37:25'),(1541,1608,0,'ZAHRA HUWAIDA','6511','P','2003-02-27','2020-09-28 10:37:25','2020-09-28 10:37:25'),(1542,1609,0,'ADRIA FARHAN ARNALDA','6405','L','2003-06-15','2020-09-28 10:37:26','2020-09-28 10:37:26'),(1543,1610,0,'AGILIA NURUL UTAMI','6479','P','2004-01-22','2020-09-28 10:37:26','2020-09-28 10:37:26'),(1544,1611,0,'AMANDA PUTRI MEIRANI','6409','P','2003-05-02','2020-09-28 10:37:26','2020-09-28 10:37:26'),(1545,1612,0,'ARGA RAFA NAGATA ALFARABI','6412','L','2004-03-01','2020-09-28 10:37:26','2020-09-28 10:37:26'),(1546,1613,0,'BAGUS SETYA PRAMANA','6445','L','2003-03-22','2020-09-28 10:37:26','2020-09-28 10:37:26'),(1547,1614,0,'CANA TABITA DE LAKSA ARTA','6415','P','2003-07-21','2020-09-28 10:37:26','2020-09-28 10:37:26'),(1548,1615,0,'CHUSNUL NANDA APRILLYANI','6416','P','2003-04-23','2020-09-28 10:37:26','2020-09-28 10:37:26'),(1549,1616,0,'DIMAS WISNU HANGGITA','6418','L','2003-09-09','2020-09-28 10:37:26','2020-09-28 10:37:26'),(1550,1617,0,'ELSA SYAHPUTRI','6420','P','2003-10-11','2020-09-28 10:37:26','2020-09-28 10:37:26'),(1551,1618,0,'FARDA AZKIYA BILLAH','6421','P','2003-06-14','2020-09-28 10:37:27','2020-09-28 10:37:27'),(1552,1619,0,'FARHAN','6450','L','2003-05-12','2020-09-28 10:37:27','2020-09-28 10:37:27'),(1553,1620,0,'FERDANI VETO WIJAYA','6341','L','2003-12-08','2020-09-28 10:37:27','2020-09-28 10:37:27'),(1554,1621,0,'FIRDA SALMAH ATIATUL MAULA','6492','P','2003-01-17','2020-09-28 10:37:27','2020-09-28 10:37:27'),(1555,1622,0,'IKRIMAH','6497','P','2003-07-11','2020-09-28 10:37:27','2020-09-28 10:37:27'),(1556,1623,0,'KANANA ANTANA IRAWAN','6381','L','2003-05-17','2020-09-28 10:37:27','2020-09-28 10:37:27'),(1557,1624,0,'LIVIA FARDAH PERMATASARI','6348','P','2003-02-12','2020-09-28 10:37:27','2020-09-28 10:37:27'),(1558,1625,0,'LIYANI AGUSTIN','6349','P','2003-08-15','2020-09-28 10:37:27','2020-09-28 10:37:27'),(1559,1626,0,'M. FAZAL FIRDAUS','6453','L','2003-01-17','2020-09-28 10:37:28','2020-09-28 10:37:28'),(1560,1627,0,'MAISA NABILA AZZAHRA','6350','P','2003-10-16','2020-09-28 10:37:28','2020-09-28 10:37:28'),(1561,1628,0,'MUCHAMAD FIRDAUS','6427','L','2003-06-08','2020-09-28 10:37:28','2020-09-28 10:37:28'),(1562,1629,0,'MUCHAMMAD IQBAL MUSYAFAK','6428','L','2003-04-09','2020-09-28 10:37:28','2020-09-28 10:37:28'),(1563,1630,0,'MUHAMMAD AIFA SAPUTRA','6456','L','2002-12-15','2020-09-28 10:37:28','2020-09-28 10:37:28'),(1564,1631,0,'MUHAMMAD ARIF TIRTANA ARADHEA','6354','L','2003-05-16','2020-09-28 10:37:28','2020-09-28 10:37:28'),(1565,1632,0,'MUHAMMAD NAUFAL ARKAN','6459','L','2003-05-03','2020-09-28 10:37:28','2020-09-28 10:37:28'),(1566,1633,0,'MUHAMMAD NUGRAHANING MEYDI','6460','L','2003-05-03','2020-09-28 10:37:28','2020-09-28 10:37:28'),(1567,1634,0,'MUHAMMAD SYAMSUL ULUM','6431','L','2003-03-10','2020-09-28 10:37:29','2020-09-28 10:37:29'),(1568,1635,0,'NIDA HUWAIDA','6506','P','2003-07-18','2020-09-28 10:37:29','2020-09-28 10:37:29'),(1569,1636,0,'NUR HANAFI','6464','L','2002-09-18','2020-09-28 10:37:29','2020-09-28 10:37:29'),(1570,1637,0,'NUR ROHMANIA','6360','P','2003-04-08','2020-09-28 10:37:29','2020-09-28 10:37:29'),(1571,1638,0,'RAHMAT AFAN ANDANO','6395','L','2004-10-14','2020-09-28 10:37:29','2020-09-28 10:37:29'),(1572,1639,0,'RIZQON MAULANA','6466','L','2002-12-05','2020-09-28 10:37:29','2020-09-28 10:37:29'),(1573,1640,0,'SAFIRA VIVI RAMADANTI','6362','P','2002-11-28','2020-09-28 10:37:29','2020-09-28 10:37:29'),(1574,1641,0,'SAHILA HIKMATUL MAULA','6363','P','2003-05-16','2020-09-28 10:37:29','2020-09-28 10:37:29'),(1575,1642,0,'SITI MULYATI','6469','P','2003-05-31','2020-09-28 10:37:29','2020-09-28 10:37:29'),(1576,1643,0,'SULTHAN AHMAD ROYYAN','6586','L','2004-02-11','2020-09-28 10:37:30','2020-09-28 10:37:30'),(1577,1644,0,'YULYANDA DWI PANGESTIKA','6475','P','2003-07-11','2020-09-28 10:37:30','2020-09-28 10:37:30'),(1578,1645,0,'A. LATHIF MUKTI KUSUMO','6476','L','2003-05-11','2020-09-28 10:37:30','2020-09-28 10:37:30'),(1579,1646,0,'ADRIAN HARTANTO SETIONO','6406','L','2003-04-15','2020-09-28 10:37:30','2020-09-28 10:37:30'),(1580,1647,0,'ADYATMA FAKHRI','6407','L','2003-08-13','2020-09-28 10:37:30','2020-09-28 10:37:30'),(1581,1648,0,'ALFINA MARTHA','6333','P','2003-01-06','2020-09-28 10:37:30','2020-09-28 10:37:30'),(1582,1649,0,'ANIKE AGUSTINA PUTRI ANGKAWIJAYA','6483','P','2003-08-17','2020-09-28 10:37:30','2020-09-28 10:37:30'),(1583,1650,0,'ARCHELINO IVANDRA','6441','L','2003-05-29','2020-09-28 10:37:30','2020-09-28 10:37:30'),(1584,1651,0,'ARIESTO AZEL KRISNANDHA','6413','L','2002-11-20','2020-09-28 10:37:31','2020-09-28 10:37:31'),(1585,1652,0,'ASEP ADHAM FAKHRUDDIN','6335','L','2003-03-26','2020-09-28 10:37:31','2020-09-28 10:37:31'),(1586,1653,0,'AUDRIA WAFFIQ AZIZAH','6484','P','2003-01-01','2020-09-28 10:37:31','2020-09-28 10:37:31'),(1587,1654,0,'BAGUS NUR ALAM','6337','L','2003-08-12','2020-09-28 10:37:31','2020-09-28 10:37:31'),(1588,1655,0,'BELA PUTRI JUNITA','6338','P','2003-06-14','2020-09-28 10:37:31','2020-09-28 10:37:31'),(1589,1656,0,'CINTA AUREL FARADHIKA','6446','P','2003-12-02','2020-09-28 10:37:31','2020-09-28 10:37:31'),(1590,1657,0,'EKA DEWI SURYANI','6489','P','2003-03-31','2020-09-28 10:37:31','2020-09-28 10:37:31'),(1591,1658,0,'EKA MUMTAZA','6419','P','2003-05-16','2020-09-28 10:37:31','2020-09-28 10:37:31'),(1592,1659,0,'FARREL ARDRA MUHAMMAD','6340','L','2002-11-02','2020-09-28 10:37:31','2020-09-28 10:37:31'),(1593,1660,0,'GHANI HUSNI FATA','6343','L','2003-03-13','2020-09-28 10:37:32','2020-09-28 10:37:32'),(1594,1661,0,'HANIF PRASETYO HERLAMBANG','6344','L','2003-08-26','2020-09-28 10:37:32','2020-09-28 10:37:32'),(1595,1662,0,'IISTIANA AISYAH','6345','P','2002-10-06','2020-09-28 10:37:32','2020-09-28 10:37:32'),(1596,1663,0,'INTAN MONICA ATIKASARI','6424','P','2002-11-23','2020-09-28 10:37:32','2020-09-28 10:37:32'),(1597,1664,0,'MOHAMMAD MIRZAM MAULANA','6502','L','2003-05-05','2020-09-28 10:37:32','2020-09-28 10:37:32'),(1598,1665,0,'MUCHAMAD ILHAM FIRMANA','6352','L','2003-01-09','2020-09-28 10:37:32','2020-09-28 10:37:32'),(1599,1666,0,'MUHAMMAD ALHADI MUNTAHAR','6386','L','2002-12-10','2020-09-28 10:37:32','2020-09-28 10:37:32'),(1600,1667,0,'MUHAMMAD DINAS ALMUFARRID','6429','L','2003-06-12','2020-09-28 10:37:32','2020-09-28 10:37:32'),(1601,1668,0,'MUHAMMAD HAEKAL AKBAR','6356','L','2003-04-23','2020-09-28 10:37:33','2020-09-28 10:37:33'),(1602,1669,0,'MUHAMMAD HAIDAR RUSLI','6503','L','2003-05-31','2020-09-28 10:37:33','2020-09-28 10:37:33'),(1603,1670,0,'NAUFAL HARITS','6358','L','2003-03-19','2020-09-28 10:37:33','2020-09-28 10:37:33'),(1604,1671,0,'NAUFAL RAYHAN ALI RAHMAN','6359','L','2003-07-05','2020-09-28 10:37:33','2020-09-28 10:37:33'),(1605,1672,0,'NAZARINA AULIA','6432','P','2003-12-05','2020-09-28 10:37:33','2020-09-28 10:37:33'),(1606,1673,0,'RAYNOR JAN SULISTIAN APTAVEDA','6508','L','2003-01-15','2020-09-28 10:37:33','2020-09-28 10:37:33'),(1607,1674,0,'RIFDA QORRI DZIKRIANA','6435','P','2003-08-30','2020-09-28 10:37:33','2020-09-28 10:37:33'),(1608,1675,0,'RIZKI FITRIANA','6465','P','2003-12-11','2020-09-28 10:37:33','2020-09-28 10:37:33'),(1609,1676,0,'RIZKY MEIRIANTO HALIM','6436','L','2003-05-21','2020-09-28 10:37:33','2020-09-28 10:37:33'),(1610,1677,0,'SALWA GHAISANI SYARIIFAH ARIFINNIA','6364','P','2003-04-07','2020-09-28 10:37:34','2020-09-28 10:37:34'),(1611,1678,0,'SHAYLLA ADINDA YUSTICIA','6365','P','2003-04-27','2020-09-28 10:37:34','2020-09-28 10:37:34'),(1612,1679,0,'STEPHEN ABEDNEGO PHILEMON','6438','L','2004-03-12','2020-09-28 10:37:34','2020-09-28 10:37:34'),(1613,1680,0,'TABRIZ','6399','P','2004-04-16','2020-09-28 10:37:34','2020-09-28 10:37:34'),(1614,1681,0,'ACHMAD ADI DZIKRON','6548','L','2003-03-27','2020-09-28 10:37:34','2020-09-28 10:37:34'),(1615,1682,0,'AFFAN TAQIY EFFENDY','6549','L','2003-03-19','2020-09-28 10:37:34','2020-09-28 10:37:34'),(1616,1683,0,'ALI RIDHO','6550','L','2003-06-27','2020-09-28 10:37:34','2020-09-28 10:37:34'),(1617,1684,0,'AMALIA RACHMAWATI','6551','P','2002-10-30','2020-09-28 10:37:34','2020-09-28 10:37:34'),(1618,1685,0,'ARDHINI WAHYU WULAN','6552','P','2004-03-03','2020-09-28 10:37:35','2020-09-28 10:37:35'),(1619,1686,0,'ASTI ANINDYA','6553','P','2003-07-24','2020-09-28 10:37:35','2020-09-28 10:37:35'),(1620,1687,0,'Citra Wardani Visi Santosa','6554','P','2003-07-20','2020-09-28 10:37:35','2020-09-28 10:37:35'),(1621,1688,0,'EDITYA ANISSA SYAHBANI','6555','P','2003-10-21','2020-09-28 10:37:35','2020-09-28 10:37:35'),(1622,1689,0,'FATHIA ADELLIA','6556','P','2003-02-14','2020-09-28 10:37:35','2020-09-28 10:37:35'),(1623,1690,0,'FRANS MAULANA','6557','L','2003-06-04','2020-09-28 10:37:35','2020-09-28 10:37:35'),(1624,1691,0,'GANANG MEIDI PUTRANDITO','6558','L','2003-05-30','2020-09-28 10:37:35','2020-09-28 10:37:35'),(1625,1692,0,'GHAISANI RATNA AGUSTINE','6559','P','2003-08-09','2020-09-28 10:37:35','2020-09-28 10:37:35'),(1626,1693,0,'GUSTI MOHAMMAD RASYA','6587','L','2003-08-28','2020-09-28 10:37:35','2020-09-28 10:37:35'),(1627,1694,0,'IFFAH SISKAMAYA','6560','P','2002-05-16','2020-09-28 10:37:36','2020-09-28 10:37:36'),(1628,1695,0,'KURNIA ADHITIA RAHMA','6561','P','2002-12-21','2020-09-28 10:37:36','2020-09-28 10:37:36'),(1629,1696,0,'LUKMAN ABDUL AZIZ','6562','L','2003-02-04','2020-09-28 10:37:36','2020-09-28 10:37:36'),(1630,1697,0,'M. Firman Fadly Adriansyah','6563','L','2002-01-31','2020-09-28 10:37:36','2020-09-28 10:37:36'),(1631,1698,0,'M. WISNU DARMAWAN','6564','L','2002-12-29','2020-09-28 10:37:36','2020-09-28 10:37:36'),(1632,1699,0,'MUHAMMAD BIN HUSEIN AL KETIRI','6565','L','2003-07-19','2020-09-28 10:37:36','2020-09-28 10:37:36'),(1633,1700,0,'MUHAMMAD IN\'AAMUN CHASAN','6566','L','2003-04-09','2020-09-28 10:37:36','2020-09-28 10:37:36'),(1634,1701,0,'MUHAMMAD ZAKI REVANO','6567','L','2002-10-23','2020-09-28 10:37:36','2020-09-28 10:37:36'),(1635,1702,0,'MUHAMMAD ZIYAN ADEN','6568','L','2003-09-06','2020-09-28 10:37:37','2020-09-28 10:37:37'),(1636,1703,0,'NADIA NABILA','6569','P','2003-07-10','2020-09-28 10:37:37','2020-09-28 10:37:37'),(1637,1704,0,'NAILAH RIZQIA AZHAR','6570','P','2003-06-08','2020-09-28 10:37:37','2020-09-28 10:37:37'),(1638,1705,0,'NANDA ARTA WIJAYA','6571','L','2002-12-28','2020-09-28 10:37:37','2020-09-28 10:37:37'),(1639,1706,0,'NAUFAL MUFID FEBRIAN','6572','L','2003-02-04','2020-09-28 10:37:37','2020-09-28 10:37:37'),(1640,1707,0,'NISRIN NADIAH PUTRI','6573','P','2003-01-31','2020-09-28 10:37:37','2020-09-28 10:37:37'),(1641,1708,0,'NOVITA AJENG RAHMARULIA','6574','P','2003-11-20','2020-09-28 10:37:37','2020-09-28 10:37:37'),(1642,1709,0,'PUTRI RAMADANI','6575','P','2002-11-14','2020-09-28 10:37:37','2020-09-28 10:37:37'),(1643,1710,0,'Rahma Mahalia Ladaina ','6576','P','2003-03-06','2020-09-28 10:37:37','2020-09-28 10:37:37'),(1644,1711,0,'RENDY DWI PERMANA','6577','L','2002-10-27','2020-09-28 10:37:38','2020-09-28 10:37:38'),(1645,1712,0,'RICHARDO GILBERT RUDY YANTO','6578','L','2003-10-18','2020-09-28 10:37:38','2020-09-28 10:37:38'),(1646,1713,0,'ROY WILDAN NOVANTO','6579','L','2002-11-09','2020-09-28 10:37:38','2020-09-28 10:37:38'),(1647,1714,0,'SHAFA BERLIANA DHAMAYANTIE','6580','P','2003-09-23','2020-09-28 10:37:38','2020-09-28 10:37:38'),(1648,1715,0,'SITI NUR HALIZA','6581','P','2002-11-20','2020-09-28 10:37:38','2020-09-28 10:37:38'),(1649,1716,0,'YULAN ANDINI','6582','P','2003-04-03','2020-09-28 10:37:38','2020-09-28 10:37:38'),(1650,1717,0,'ADIBA AMALIA ELSHIVA','6512','P','2003-01-23','2020-09-28 10:37:38','2020-09-28 10:37:38'),(1651,1718,0,'AHMAD FADLIL ASY-SYAROFI','6513','L','2003-01-06','2020-09-28 10:37:38','2020-09-28 10:37:38'),(1652,1719,0,'AHMAD RAFI ATHOILLAH','6514','L','2003-01-28','2020-09-28 10:37:39','2020-09-28 10:37:39'),(1653,1720,0,'ANDRE AJI SETYANTO','6515','L','2003-06-16','2020-09-28 10:37:39','2020-09-28 10:37:39'),(1654,1721,0,'ARYA SULTAN ZAKY','6516','L','2003-08-27','2020-09-28 10:37:39','2020-09-28 10:37:39'),(1655,1722,0,'ASNINA. AS','6517','P','2003-07-14','2020-09-28 10:37:39','2020-09-28 10:37:39'),(1656,1723,0,'AULIA SALWA','6518','P','2002-08-25','2020-09-28 10:37:39','2020-09-28 10:37:39'),(1657,1724,0,'AYU TRISNA SETYANDINI','6584','P','2003-11-27','2020-09-28 10:37:39','2020-09-28 10:37:39'),(1658,1725,0,'BAGUS MUHAMMAD ARGI PRIHANTORO','6519','L','2003-05-08','2020-09-28 10:37:39','2020-09-28 10:37:39'),(1659,1726,0,'BELLA AULIA FADILLA','6520','P','2003-04-10','2020-09-28 10:37:39','2020-09-28 10:37:39'),(1660,1727,0,'BELVA AURELIA SHANA','6521','P','2003-03-21','2020-09-28 10:37:39','2020-09-28 10:37:39'),(1661,1728,0,'DHEA AULIA','6522','P','2003-01-11','2020-09-28 10:37:40','2020-09-28 10:37:40'),(1662,1729,0,'HANA KIREI SASMITA','6523','P','2003-02-05','2020-09-28 10:37:40','2020-09-28 10:37:40'),(1663,1730,0,'HASAN AL MUJTABA ALATAS','6524','L','2003-03-27','2020-09-28 10:37:40','2020-09-28 10:37:40'),(1664,1731,0,'ILHAM WINANTYA PUTRA','6525','L','2003-09-28','2020-09-28 10:37:40','2020-09-28 10:37:40'),(1665,1732,0,'INDANA LAZULFA','6526','P','2003-10-06','2020-09-28 10:37:40','2020-09-28 10:37:40'),(1666,1733,0,'LAISLA BONITA','6527','P','2004-01-03','2020-09-28 10:37:40','2020-09-28 10:37:40'),(1667,1734,0,'M. Amrullah Setia Bella','6528','L','2003-02-25','2020-09-28 10:37:40','2020-09-28 10:37:40'),(1668,1735,0,'MICHELLE PATRICIA','6529','P','2003-08-22','2020-09-28 10:37:40','2020-09-28 10:37:40'),(1669,1736,0,'MUHAMMAD BINTANG NAVARRO','6530','L','2003-10-15','2020-09-28 10:37:41','2020-09-28 10:37:41'),(1670,1737,0,'MUHAMMAD HANIF AZHAHIR','6531','L','2003-04-02','2020-09-28 10:37:41','2020-09-28 10:37:41'),(1671,1738,0,'MUSLIMATUL AMINAH','6532','P','2003-06-06','2020-09-28 10:37:41','2020-09-28 10:37:41'),(1672,1739,0,'MUTIARA DWI NURANI','6533','P','2003-05-30','2020-09-28 10:37:41','2020-09-28 10:37:41'),(1673,1740,0,'NICOLAS ADRIANUS BUDIYANTO','6534','L','2003-09-10','2020-09-28 10:37:41','2020-09-28 10:37:41'),(1674,1741,0,'NONI AMALIA FITRI','6535','P','2003-05-14','2020-09-28 10:37:41','2020-09-28 10:37:41'),(1675,1742,0,'RANI SORAYA','6536','P','2004-01-12','2020-09-28 10:37:41','2020-09-28 10:37:41'),(1676,1743,0,'RAYA MAGHFIROTUNNISA','6537','P','2003-12-23','2020-09-28 10:37:41','2020-09-28 10:37:41'),(1677,1744,0,'RONAA NABIILAH','6539','P','2003-09-16','2020-09-28 10:37:42','2020-09-28 10:37:42'),(1678,1745,0,'SALMA NURUL BAIDHO','6540','P','2003-03-02','2020-09-28 10:37:42','2020-09-28 10:37:42'),(1679,1746,0,'SHAFIRA MAULIDYA','6541','P','2003-04-16','2020-09-28 10:37:42','2020-09-28 10:37:42'),(1680,1747,0,'TARISA OKTAVIA','6542','P','2003-10-17','2020-09-28 10:37:42','2020-09-28 10:37:42'),(1681,1748,0,'TISNA YULIANA','6543','P','2003-07-03','2020-09-28 10:37:42','2020-09-28 10:37:42'),(1682,1749,0,'UMI SALAMAH','6544','P','2002-04-22','2020-09-28 10:37:42','2020-09-28 10:37:42'),(1683,1750,0,'VALENCIA REGINA RENATA','6545','P','2003-03-02','2020-09-28 10:37:42','2020-09-28 10:37:42'),(1684,1751,0,'WIDYA ANGGRAENI','6546','P','2003-05-27','2020-09-28 10:37:42','2020-09-28 10:37:42'),(1685,1752,0,'YULIHANNA MAULIDYA','6547','P','2002-07-01','2020-09-28 10:37:42','2020-09-28 10:37:42');
/*!40000 ALTER TABLE `siswa` ENABLE KEYS */;
UNLOCK TABLES;
DROP TABLE IF EXISTS `thajaran`;
/*!40101 SET @saved_cs_client     = @@character_set_client */;
/*!40101 SET character_set_client = utf8 */;
CREATE TABLE `thajaran` (
  `id` bigint(20) unsigned NOT NULL AUTO_INCREMENT,
  `kode` varchar(255) COLLATE utf8mb4_unicode_ci NOT NULL,
  `keterangan` varchar(255) COLLATE utf8mb4_unicode_ci NOT NULL,
  `semester` int(11) NOT NULL,
  `created_at` timestamp NULL DEFAULT NULL,
  `updated_at` timestamp NULL DEFAULT NULL,
  `status` tinyint(1) NOT NULL,
  PRIMARY KEY (`id`)
) ENGINE=InnoDB AUTO_INCREMENT=5 DEFAULT CHARSET=utf8mb4 COLLATE=utf8mb4_unicode_ci;
/*!40101 SET character_set_client = @saved_cs_client */;

LOCK TABLES `thajaran` WRITE;
/*!40000 ALTER TABLE `thajaran` DISABLE KEYS */;
INSERT INTO `thajaran` VALUES (3,'20211','Tahun Pelajaran 2020/2021 Semester 1',1,NULL,'2020-09-27 10:13:29',1),(4,'20212','Tahun Pelajaran 2020/2021 Semester 2',2,NULL,'2020-09-27 10:13:29',0);
/*!40000 ALTER TABLE `thajaran` ENABLE KEYS */;
UNLOCK TABLES;
DROP TABLE IF EXISTS `users`;
/*!40101 SET @saved_cs_client     = @@character_set_client */;
/*!40101 SET character_set_client = utf8 */;
CREATE TABLE `users` (
  `id` bigint(20) unsigned NOT NULL AUTO_INCREMENT,
  `name` varchar(255) COLLATE utf8mb4_unicode_ci NOT NULL,
  `email` varchar(255) COLLATE utf8mb4_unicode_ci NOT NULL,
  `email_verified_at` timestamp NULL DEFAULT NULL,
  `password` varchar(255) COLLATE utf8mb4_unicode_ci NOT NULL,
  `remember_token` varchar(100) COLLATE utf8mb4_unicode_ci DEFAULT NULL,
  `created_at` timestamp NULL DEFAULT NULL,
  `updated_at` timestamp NULL DEFAULT NULL,
  PRIMARY KEY (`id`),
  UNIQUE KEY `users_email_unique` (`email`)
) ENGINE=InnoDB AUTO_INCREMENT=1753 DEFAULT CHARSET=utf8mb4 COLLATE=utf8mb4_unicode_ci;
/*!40101 SET character_set_client = @saved_cs_client */;

LOCK TABLES `users` WRITE;
/*!40000 ALTER TABLE `users` DISABLE KEYS */;
INSERT INTO `users` VALUES (1,'Admin','admin@app.com',NULL,'$2y$10$vswcF45/wfb.rLqqeOLhiu1.1gU2cyoX0X1zX80L6F4nohr.dEkpi',NULL,'2020-09-25 02:02:55','2020-09-25 02:02:55'),(2,'Taus','taus@app.com',NULL,'$2y$10$ENj2qX1QNiNlmSuTZfCDneNBforaMjkfRvFkf8s6Zw3pLStX4XO0O',NULL,'2020-09-25 02:02:56','2020-09-25 02:02:56'),(3,'Guru','guru@app.com',NULL,'$2y$10$/F69dvzFL0R9VWdhrZE7leVYCeC5D8A8ONL1aSdmoWMQJIOCHSjp2',NULL,'2020-09-25 02:02:56','2020-09-27 06:29:40'),(4,'Siswa','siswa@app.com',NULL,'$2y$10$qn9mfOspadIbBbZpf0GnIeVe8N2cSx.UjA50EikV0.NYo.I4bkqcO',NULL,'2020-09-25 02:02:56','2020-09-25 02:02:56'),(5,'Ortu','ortu@app.com',NULL,'$2y$10$qAofNNdvuuwDz5qjT31pKuF/N5V0wDuCSm6gTt4ODtzrpTAGmxZPy',NULL,'2020-09-25 02:02:56','2020-09-25 02:02:56'),(20,'M. Nuh Mirsada, S.Kom','3375012911930002',NULL,'$2y$10$E5OHdtvKdEN7genn05ZM3.fb9RKS8gMWyXrNZC6hX5XKnj0IL.TCe',NULL,'2020-09-27 07:10:54','2020-09-27 07:10:54'),(21,'Adi Prabowo, S.Pd','196103161988031008',NULL,'$2y$10$HKkHcMv6qMSLsaSr18hazeex2dOO18.kp0LieqbJINSvQ6Z8rNyGe',NULL,'2020-09-28 07:29:31','2020-09-28 10:43:54'),(22,'Agus Arintono','196605121989011005',NULL,'$2y$10$A3t6vA83b3xTCF6sINpcL.kd1OYuxwHNQDr7YPUGh5U2X.idAhS6a',NULL,'2020-09-28 07:29:31','2020-09-28 07:29:31'),(23,'Agus Ciptono','196601092002121001',NULL,'$2y$10$r/sfMuhf6AFLj8ezPblh1e6BcQiG2UsT7TRzOq8nKvRS7d7x1zX1C',NULL,'2020-09-28 07:29:31','2020-09-28 07:29:31'),(24,'Agus Mintoro','196507191989011002',NULL,'$2y$10$k6E9UUoqEOtuiXRHoUXf3ejY5vtOYxvIvgh6arjMZM5uZe4ctGRCy',NULL,'2020-09-28 07:29:31','2020-09-28 07:29:31'),(25,'Akhmad Faisal','3326161403890041',NULL,'$2y$10$gWdJc4zgkS9WBYE607dDA.9OrvCPlaGfmKDE4MweeHYrbpwWe/aUS',NULL,'2020-09-28 07:29:31','2020-09-28 07:29:31'),(26,'Alimah','196903032002122004',NULL,'$2y$10$x.D9Xw0t3uhKef49dJtb9.9BPmCS.NDpcYyZm1/lye12zG30nhEJi',NULL,'2020-09-28 07:29:32','2020-09-28 07:29:32'),(27,'Anis Ekawati','199208222019022011',NULL,'$2y$10$Oa5uTkHXpq4QGld2CZ83..tmXOaSSRE.Pz/TY.GlJB/jfwbuAfzby',NULL,'2020-09-28 07:29:32','2020-09-28 07:29:32'),(28,'Anita Notonegoro','196809092002122003',NULL,'$2y$10$hgHFV3ztJ4q8tALKROJat.4bBIgp9JE9X.za07taLsP8n8.mskOEa',NULL,'2020-09-28 07:29:32','2020-09-28 07:29:32'),(29,'Ashfarah Karina Dewi, S. Pd','199112012019022007',NULL,'$2y$10$isSU5sM.KvRfB5E/Fd5EueqMiPnVEeqe9fXLM2JGNokv9v1kmSzme',NULL,'2020-09-28 07:29:32','2020-09-28 07:29:32'),(30,'Bianca Noorma Meydita','3375017105830004',NULL,'$2y$10$zoMCRUQyqkqGE01O1XPk1uh9hojd4JzoubJMAZKSzRtwd9nhDQioi',NULL,'2020-09-28 07:29:32','2020-09-28 07:29:32'),(31,'Budi Setiyatmi','196805041997022002',NULL,'$2y$10$Fup65Iua8T/ibKxJ/DFVmOz4l7pfpS/p5hZcZ6ghoD6ajC9K3Q66C',NULL,'2020-09-28 07:29:32','2020-09-28 07:29:32'),(32,'C Wiwik Haryanti','196712142006042004',NULL,'$2y$10$qz7TiMFhBog1GVqhG4gO3OFEhz3rx4OY1Mp/HOxeTXuMl1eCHL7oW',NULL,'2020-09-28 07:29:32','2020-09-28 07:29:32'),(33,'Cipto Suwarno','198303012006041008',NULL,'$2y$10$vA2NKmEvowasIyDJBFNpd.CTwdQ2CMUAXuB0rhgPv5SaHS27MT.fC',NULL,'2020-09-28 07:29:32','2020-09-28 07:29:32'),(34,'Dadang Irwanto','3326080711900003',NULL,'$2y$10$A1A8dscHoDbSyEI/yyQj7eCN8biWsMCcriXH3Y3nY.Otv7GJy.70W',NULL,'2020-09-28 07:29:33','2020-09-28 07:29:33'),(35,'Dian Rochmaningsih','198012022010012006',NULL,'$2y$10$rFB/T5MPydW60QFBayJXd.oKHAd4Vw3mKcRZkm4Eg93EwnRu0lfNC',NULL,'2020-09-28 07:29:33','2020-09-28 07:29:33'),(36,'Dina Oktaviana','197810102003122007',NULL,'$2y$10$SaIATEVGkzjGF/GS9AaEfOZBKf/dWE1WJsi9iO7rT8.l3JDzsveza',NULL,'2020-09-28 07:29:33','2020-09-28 07:29:33'),(37,'Dyah Catur Rachmintarti','196209212000122001',NULL,'$2y$10$B1i9.iEjOgaXlu6jCK9Fpe1wL4NvVTk5ErOLJlMeNqs747o0iU/AC',NULL,'2020-09-28 07:29:33','2020-09-28 07:29:33'),(38,'Edi Setiarso','196806202002121001',NULL,'$2y$10$/B0vTkRvgLJK9DmlUaQHBe0wJUaNXNYxmmuOwXfOQ2o4GXSQdVxFW',NULL,'2020-09-28 07:29:33','2020-09-28 07:29:33'),(39,'Edie Sochib El Samah','197001242014061001',NULL,'$2y$10$rkmi6VSNtJjto7.Vaf4LU.qwniCeqbjC2USlp67YCiXgWl7Bt1fbC',NULL,'2020-09-28 07:29:33','2020-09-28 07:29:33'),(40,'Fauriana','198011242009032002',NULL,'$2y$10$lmBiOvKpWusWpM6Xbd3C0Oq8.NoGHaJOL7rrLjFu9JDRXkFt.Oy8K',NULL,'2020-09-28 07:29:33','2020-09-28 07:29:33'),(41,'Heri Sutrisno','197906042006041009',NULL,'$2y$10$9pM1/cfs.TeZjd67of4BGOOCN0XGRZsk75my5Rs5x.d1xjaYszXTa',NULL,'2020-09-28 07:29:33','2020-09-28 07:29:33'),(42,'Ike Dekawati Susiloningrum','3325124401830003',NULL,'$2y$10$/xRRGXGtpjllAajxDCyccefRduXCpQczzBw68RmcGLTyjMA6KdiXO',NULL,'2020-09-28 07:29:33','2020-09-28 07:29:33'),(43,'Jazuli','196403261989011001',NULL,'$2y$10$bVh/kVCa152ln6gRp8MOP.wBaj3zU3PpPb6nsNLjbbU0APKRqwpii',NULL,'2020-09-28 07:29:34','2020-09-28 07:29:34'),(44,'Kasmali','196501202003121002',NULL,'$2y$10$0wBWLw8YLZ3eLRzHefnPDurA1XKcgWaE6bY0tHsgK.Lsv5YlSDtfu',NULL,'2020-09-28 07:29:34','2020-09-28 07:29:34'),(45,'Kholidin','197611272005011006',NULL,'$2y$10$V2jWBy6Jr65TRc..QlTkcOYYkoKR4eA0PsD8WTXA6zcPGix2IWv0y',NULL,'2020-09-28 07:29:34','2020-09-28 07:29:34'),(46,'Malikus Solekha','196309121984052002',NULL,'$2y$10$ALONvGKjFyLp7zBPY3ZgbOPGqAx16L6jQvnHt6NC1CkDnkiJclQiC',NULL,'2020-09-28 07:29:34','2020-09-28 07:29:34'),(47,'Mardiyanto','196601042002121001',NULL,'$2y$10$U1uhkLLvyR9qDoN/c5kKgO.NZuvb08wsQwRd9WW9vOucegpJyNd0C',NULL,'2020-09-28 07:29:34','2020-09-28 07:29:34'),(48,'Mulyono','196111231987031006',NULL,'$2y$10$nwexTicOby39gEwYNaj3jOJUFmrCkflxPK3GxKj5ZL4pqKYGRAyd2',NULL,'2020-09-28 07:29:34','2020-09-28 07:29:34'),(49,'Peter Sugiyanto','3375123456789012',NULL,'$2y$10$fjuIlyKlweeeTj5EvLw7O.UwC9Ki0dV1bOFLJsWeAdiRXDoSeDsOq',NULL,'2020-09-28 07:29:34','2020-09-28 07:29:34'),(50,'Prabandari Diah Ayu P','3375024805880002',NULL,'$2y$10$2xjv4GoXvGSnsCrDtT5D5.rB4Zjz3elyo0ytTAL0R/0cR9gGYf056',NULL,'2020-09-28 07:29:34','2020-09-28 07:29:34'),(51,'Purtriyekti','197002022006042005',NULL,'$2y$10$HF9LO68xwmLUR.DJcpjI5OQk/kfAO9tGfPlsZEP2L7/5hMZMLZDE2',NULL,'2020-09-28 07:29:34','2020-09-28 07:29:34'),(52,'Rachmatiyah','196911041997022002',NULL,'$2y$10$6/vk55KoiffOxgEGC6N54OpUVgFM4UvOnbjFUvC9EwN0kSozFEXXW',NULL,'2020-09-28 07:29:35','2020-09-28 07:29:35'),(53,'Ratna Puspitasari','3375016302940007',NULL,'$2y$10$9WKx21hmFibLy9Vfq9XoQewPELYIdyKrfMmnTRjDAbfgHaqAZTvWW',NULL,'2020-09-28 07:29:35','2020-09-28 07:29:35'),(54,'Saiful Fallah','197601162002121002',NULL,'$2y$10$x70YfOe4N1tbdtkSFpXYvu.jDDBzWDR.PUb.D4Mb61vDXdlnyqnOi',NULL,'2020-09-28 07:29:35','2020-09-28 07:29:35'),(55,'Shyam Bintoro Aji','3327131505880003',NULL,'$2y$10$WAghRTN1RDKMdUcx1OPzd.qRFofC.YMatRUzYWVajq2igQneA2JFO',NULL,'2020-09-28 07:29:35','2020-09-28 07:29:35'),(56,'Sintawati','196402261987032001',NULL,'$2y$10$pwMryuJNgwM70ZwZycFFYOBz3qr/kyVYLqQ2wCRFF9fZcorQ3BFxO',NULL,'2020-09-28 07:29:35','2020-09-28 07:29:35'),(57,'Siti Aisah Henny','196705042008012013',NULL,'$2y$10$2y7YuGKidKhzKF2LXX.USeTA89cMKfGJrpgEQN3yfgLT56FDg.bJO',NULL,'2020-09-28 07:29:35','2020-09-28 07:29:35'),(58,'Siti Rikhanah','196305082002122001',NULL,'$2y$10$OTWcXrxFFGOqKbt27xZf1unypIPRK9boMin8jK1A7CkiivSITM.vO',NULL,'2020-09-28 07:29:35','2020-09-28 07:29:35'),(59,'Sri Hartini','197503142006042009',NULL,'$2y$10$owDjUrZo8nIZZ8UdaA5wKe60U4FwRTcbWB8mwSZr0ioA8nsODL6uy',NULL,'2020-09-28 07:29:35','2020-09-28 07:29:35'),(60,'Sri Kurniah','3375026203730004',NULL,'$2y$10$F62KP41iZyIXTPYlt7l4buIWdDKh5Wv272Hjusv7LuwQjtYJ6./5e',NULL,'2020-09-28 07:29:36','2020-09-28 07:29:36'),(61,'Steffi Dian Kemalasari','198905032011012004',NULL,'$2y$10$mpUhUzCwFwhLgiuZnagBt./qkswyfnmnCgVKOR/LphFm.SrWOermq',NULL,'2020-09-28 07:29:36','2020-09-28 07:29:36'),(62,'Suciati','197504012006042022',NULL,'$2y$10$aFpooEnzKaXxrPEqCBX5xeRnHxP92ispn92VRv6dggeDujtirdrcC',NULL,'2020-09-28 07:29:36','2020-09-28 07:29:36'),(63,'Sumartono','196603051988031011',NULL,'$2y$10$5OAHs0qoZowyhWbXrHj0sOBbjER7q8BT0.jsLOba2Hn7iZ.AWF7cu',NULL,'2020-09-28 07:29:36','2020-09-28 07:29:36'),(64,'Suyoto','196205261988031003',NULL,'$2y$10$/og.pHcHRv.2oPAajhZ4fuotD02xb1yZXvLmxVpGCoia5T3isXJgG',NULL,'2020-09-28 07:29:36','2020-09-28 07:29:36'),(65,'Tatik Orbaningsih','196810281994122004',NULL,'$2y$10$NVvKsl6Vw6vHdL5DPKecgu/6LNwTf4rCKsBswwitwsI2bs0iZ30hS',NULL,'2020-09-28 07:29:36','2020-09-28 07:29:36'),(66,'Tri Yuli Raharjo','196508081989031016',NULL,'$2y$10$BSNOMYinYmpQ.znpO1G/AO3P4OIJTPyRmE30sxRLh.meHdUIS.AtC',NULL,'2020-09-28 07:29:36','2020-09-28 07:29:36'),(67,'Yustina Kunari','197609102006042022',NULL,'$2y$10$p/fTieVVRz0AXyxMHBvsXO/AGiN3TU8pPTuvxEksgQ9y6ZxdZuo9m',NULL,'2020-09-28 07:29:36','2020-09-28 07:29:36'),(1003,'ADIRA SAFITRI','6840',NULL,'$2y$10$QP0zjr7MwFsL1zCpzS662ugpl87oV2JKQsMrOaxhbusWtkRXhOOim',NULL,'2020-09-28 10:12:38','2020-09-28 10:12:38'),(1004,'ANDIRA SEPTIA WULANDARI','6841',NULL,'$2y$10$2OSjd/egtAja/NZnjiF/UOeHtKJh/WVchDFIrjFIztkkrB4F.Te6y',NULL,'2020-09-28 10:12:38','2020-09-28 10:12:38'),(1005,'ANGELIA STEVANI','6842',NULL,'$2y$10$.cegDKZcmVsnQLX7LDyM/eLWSGHeobvA55zcmRRJIztY6A5iB1bp6',NULL,'2020-09-28 10:12:38','2020-09-28 10:12:38'),(1006,'ANISA BILA SEPTIANA','6843',NULL,'$2y$10$BzYCB1U8YIKsDhz/H2PafuY0pKizZnhHan1taQNJp5jN.56kNCHjC',NULL,'2020-09-28 10:12:38','2020-09-28 10:12:38'),(1007,'APRILIA KARTIKA MUHTAR','6844',NULL,'$2y$10$UXX0CnnXPzGMKyJY1.2F.O48BxFXQBAFgGVG/zBOKlipKp5QUrAte',NULL,'2020-09-28 10:12:38','2020-09-28 10:12:38'),(1008,'ARIQ ARSALAN','6845',NULL,'$2y$10$Bl/MA66D7ClWm2KmXz1Qe.3qDsjVchfIiz7pijgAObn1sGUetPe7e',NULL,'2020-09-28 10:12:39','2020-09-28 10:12:39'),(1009,'ARSELIA BELLA ANANTA','6846',NULL,'$2y$10$Lsn/dI7bOCUbNG8R/3Rm8.W64eOeweF3Zt8CPJPVi.IP4x1vr0W8e',NULL,'2020-09-28 10:12:39','2020-09-28 10:12:39'),(1010,'ASHILAH AYU RIZQI','6847',NULL,'$2y$10$F6grwHhd9r9MR7fa7YSq7uVAIjgYb/phoLUc4spEBI3c/wctAYp3a',NULL,'2020-09-28 10:12:39','2020-09-28 10:12:39'),(1011,'ASWIDAH FARADISA','6848',NULL,'$2y$10$HyRQmEACXQd0CQnsmybuCux.nzSKTGf1yIqbsEe4FrxfJXqFfqH4G',NULL,'2020-09-28 10:12:39','2020-09-28 10:12:39'),(1012,'AURA LARAS HATI','6849',NULL,'$2y$10$EiwBjrGa7/cAHiOkfzuIk.8klaRj.aqAdnA..3bHLU3OVtXAOOK1q',NULL,'2020-09-28 10:12:39','2020-09-28 10:12:39'),(1013,'AZIZAH ARGUBI','6850',NULL,'$2y$10$RwBekjM5zrAMRd2KSY05m.9pW8C0g2iboN9iemREMeVzNHsHgqNFG',NULL,'2020-09-28 10:12:39','2020-09-28 10:12:39'),(1014,'BARLIANA ASH HABIYA CHOLIK','6851',NULL,'$2y$10$tanl7pTB7/y9o2pTDUbdLeGP6yL.64hmqi/6XPOVE/xmz8qOdosWK',NULL,'2020-09-28 10:12:39','2020-09-28 10:12:39'),(1015,'CORNELLIA RAGIL SUSENA','6852',NULL,'$2y$10$3C0FH397r7XPQSeqUrv1aOe1qiJSIc2umHzHs7LqIh3Ggo.p8HlTK',NULL,'2020-09-28 10:12:39','2020-09-28 10:12:39'),(1016,'DARREN KURNIAWAN YOUNG','6853',NULL,'$2y$10$P2xVomc33.fM11Kn9HUE7uR4UonA3hoEX4APGjrE8b7qB0nn4IwZ6',NULL,'2020-09-28 10:12:40','2020-09-28 10:12:40'),(1017,'DIANA KHAIRUNA','6854',NULL,'$2y$10$urAOA1jg4BkjRsAAD5iyNevGH3xfUZZMgeN1f7OH8GDVhCOGujPSC',NULL,'2020-09-28 10:12:40','2020-09-28 10:12:40'),(1018,'EFIA NURUL FADILA','6855',NULL,'$2y$10$cfrHxDuOS2eFLFHmz6sQ9eUQRYaiX4GePCNUD4HaLR3PljuMyQwVK',NULL,'2020-09-28 10:12:40','2020-09-28 10:12:40'),(1019,'ELZA FATIKA','6856',NULL,'$2y$10$qA3lBFcjxlTQFrYbhoMi1emvov0C5iCQxVfOpF3aEjMY.pAWgvPLS',NULL,'2020-09-28 10:12:40','2020-09-28 10:12:40'),(1020,'KHARIQOTUL AQLIYAH','6857',NULL,'$2y$10$9cjzZRgzKQ6r5gI8CPg37.suhsX54mAmhvZspxQvxKPli.3Tg5PVi',NULL,'2020-09-28 10:12:40','2020-09-28 10:12:40'),(1021,'LUTFI ANANDA NUGRAHA','6858',NULL,'$2y$10$N6OOLGPgRV.iJ.MlgwqJlOVxxmK2cWC.n9UvXnZqjrbREw43k8rby',NULL,'2020-09-28 10:12:40','2020-09-28 10:12:40'),(1022,'MUHAMAD HATA','6859',NULL,'$2y$10$Uuv0a2tvxq1Hue3FmAO.eu.VNdX09.qQKofOEqPDXpYlb9p9uc8Qy',NULL,'2020-09-28 10:12:40','2020-09-28 10:12:40'),(1023,'MUHAMMAD NAFIL','6860',NULL,'$2y$10$2BwlEAEZWz3tYyk/otwSreMg6LMbmnJPEFwsVMVgu//lkCATA08Cy',NULL,'2020-09-28 10:12:40','2020-09-28 10:12:40'),(1024,'MUHAMMAD RIDWAN FATHURRAHMAN','6861',NULL,'$2y$10$MgJ2j1E2Uj4JtiP0RS7Eq.EvpEJ4tCqd.QCKYydUvh7H23eLOAB4q',NULL,'2020-09-28 10:12:40','2020-09-28 10:12:40'),(1025,'MUHAMMAD SYAKIF ARSILAN','6862',NULL,'$2y$10$dZyOMRuHkM/W7pkZ./9dYuR/sIvfJCJjZw33h2n5hXgqY/L.OMcpC',NULL,'2020-09-28 10:12:41','2020-09-28 10:12:41'),(1026,'MUHAMMAD UMAR AZIF','6863',NULL,'$2y$10$scQIxY5XFhVHsxvmOTzvbO/Tm9mTTWALrsGhxwzkEwrjAgbLgakdK',NULL,'2020-09-28 10:12:41','2020-09-28 10:12:41'),(1027,'MUTIARA NASYA ARIFIANTI','6864',NULL,'$2y$10$ZT3w/444NNnT5S3QQG5X6eTogp9QH0shWaxL/fHzHpSC4n9RuGpLG',NULL,'2020-09-28 10:12:41','2020-09-28 10:12:41'),(1028,'NADIA OKTAFIANI','6865',NULL,'$2y$10$m23I7/Y45MiUq4kuwaxMb.WuBwSs8WlCG1b4ZofYcDERTldwX8oL.',NULL,'2020-09-28 10:12:41','2020-09-28 10:12:41'),(1029,'NAJMI ALI','6866',NULL,'$2y$10$LPK8OKhibvzOE2SDoW5eIu/b55JaGtInx23fqQCwQJk43GGbrU4k.',NULL,'2020-09-28 10:12:41','2020-09-28 10:29:28'),(1030,'NANDA DWI ALFANDI','6867',NULL,'$2y$10$VfSgjS2dnlSMhYJaYJ55AeALRFntQwuqjch1joVHwXkvS81VoO/GO',NULL,'2020-09-28 10:12:41','2020-09-28 10:12:41'),(1031,'NAVILA SYIVA DWI MAULIDIANA','6868',NULL,'$2y$10$nkctHlIhkJnSn8uQ3R.9sOKb8X0R3nOLWkRSMgDTEbtzLW7Y0.up6',NULL,'2020-09-28 10:12:41','2020-09-28 10:12:41'),(1032,'NAZIKHA LAURA DWISANTY','6869',NULL,'$2y$10$jWj258yp0MelCVWipBvdle2/tTMLxm7nCd4zH9yEBHA.dlN80rigy',NULL,'2020-09-28 10:12:41','2020-09-28 10:12:41'),(1033,'NIRINA DELLA AYU QONITA','6870',NULL,'$2y$10$inNDVBht6wV5VaoTgQvTOeXkp8ZJ.Jbffw0xXnApYAmjDHGu01TGG',NULL,'2020-09-28 10:12:41','2020-09-28 10:12:41'),(1034,'NUR FADILAH','6871',NULL,'$2y$10$j4Y2jlN9oO6bjt1ty1c/ZeTOKJ81aYqErjFJD2e29aibJ..4QanZG',NULL,'2020-09-28 10:12:42','2020-09-28 10:12:42'),(1035,'R. ZIMAM WAFI LELAKI','6872',NULL,'$2y$10$2E0NkxUglbJH4S/hmkFHz.TLOEO4KJHQD0qIF2WJO7ev653Ipar0S',NULL,'2020-09-28 10:12:42','2020-09-28 10:12:42'),(1036,'RADITYA BERNANDA','6873',NULL,'$2y$10$Dhoev5Rdn0AoK/GenjLP1OthAlmsoWolJrTQhZlJTkAowhZIv8NcC',NULL,'2020-09-28 10:12:42','2020-09-28 10:12:42'),(1037,'VATRI','6874',NULL,'$2y$10$oDaf/eoozId4jIdkQ1.79ujnvCin3XGvFlrGsaft0kmpTrFmfooZ.',NULL,'2020-09-28 10:12:42','2020-09-28 10:12:42'),(1038,'YUDHA PANJI NUGROHO','6875',NULL,'$2y$10$pn4MMmwrHQLClKJbtPp8ge/tLQjiR4.zjwBpm3xStGyW5BJGFYSIu',NULL,'2020-09-28 10:12:42','2020-09-28 10:12:42'),(1039,'ADE AYU MUSLIMAH','6876',NULL,'$2y$10$7Q2ag2svfbnevI09HJSrTezm8X4IlzYxAAU77rWvFJU2kJAdCgGCm',NULL,'2020-09-28 10:12:42','2020-09-28 10:12:42'),(1040,'ADRIAN NATHANAEL KURNIAWAN','6877',NULL,'$2y$10$sJRU7wIirIogyqmVEOyui.IzFy1rBvs.93/J.9xAUEeqZvDI3cWCG',NULL,'2020-09-28 10:12:42','2020-09-28 10:12:42'),(1041,'AHMAD MUTSAQQIF','6878',NULL,'$2y$10$r74eOBW5YDQ60ChKsjrZC.KeM2.byAeI73H9r.SoFHObo2AILtFOK',NULL,'2020-09-28 10:12:42','2020-09-28 10:12:42'),(1042,'ANDREW HARLI YUWONO','6879',NULL,'$2y$10$ef/LLZwajk9uF1E9wL6REuchwvZh7VudkiZh8fXsZ/cpbHmd6edEe',NULL,'2020-09-28 10:12:42','2020-09-28 10:12:42'),(1043,'ANGGRAENI PUSPITA DEWI','6880',NULL,'$2y$10$kYh9Qp3JYB3L2lYQYYj3CeS52zgfGPQqjp81wB1uT0r5BX3mmNSFu',NULL,'2020-09-28 10:12:43','2020-09-28 10:12:43'),(1044,'AURA A\'IMMATUL UMMAH','6881',NULL,'$2y$10$UohH3tew21MbNGwmBu7vwuk.CzfAOOC0dz93Wl9v2kzbuJ/jNhlwu',NULL,'2020-09-28 10:12:43','2020-09-28 10:12:43'),(1045,'AYU ANDI NUR ISTIQOMAH','6882',NULL,'$2y$10$YSelnCZ8XcL2AP3nSLp3/Od6b4AroSd9lbdDxYk04W9rt/LfoQqHi',NULL,'2020-09-28 10:12:43','2020-09-28 10:12:43'),(1046,'AZZAHRO NABILA','6883',NULL,'$2y$10$RFvZKdv8/H3rY9d82oH8p.4jNbuWhSE4zteaV.ARBRSVCQejloEmi',NULL,'2020-09-28 10:12:43','2020-09-28 10:12:43'),(1047,'BERNADETA KENYO SERENA','6884',NULL,'$2y$10$Igj5QKzlIKi.i7dBiwIi1untvyReqU02Vqf2PiYBkEX69o8WABJD.',NULL,'2020-09-28 10:12:43','2020-09-28 10:12:43'),(1048,'CALISTA OTNIEL FRANSISKA','6885',NULL,'$2y$10$5UC1PbcuNacvyeDKQGMi6eqwL394Aq/jnaeEtF7AyBTpEVyyH/hUS',NULL,'2020-09-28 10:12:43','2020-09-28 10:12:43'),(1049,'CALLISTA NATALIA RAHARJO PRAWIRO','6886',NULL,'$2y$10$gRE6r0ZU/BM3R4WxyRNBjOtlXU/8YWttfucDXjzBHdui.ETV0diUe',NULL,'2020-09-28 10:12:43','2020-09-28 10:12:43'),(1050,'DERIL AUFA FERDI ANANDIKA','6887',NULL,'$2y$10$NDp2cIF3qrB04sQZ26MNxuQNu1ECCQ0fTt/PdyTDKbR8UcHE7MmfS',NULL,'2020-09-28 10:12:43','2020-09-28 10:12:43'),(1051,'DIANI SYAHRANI','6888',NULL,'$2y$10$akLrhRIQ0rKbTlJDf9UzHeUE2Q4RgMhzXQkEJOBlbZAZs1M1fbAT.',NULL,'2020-09-28 10:12:44','2020-09-28 10:12:44'),(1052,'FORTUNATUS DAVID LIYANTO','6889',NULL,'$2y$10$3hHWC/GBeWZ9LkAMPc4YPuHorI09v1JReML/BzDAW.9/GvyhLdR5O',NULL,'2020-09-28 10:12:44','2020-09-28 10:12:44'),(1053,'HANIF ABDUSY SYAKUR','6890',NULL,'$2y$10$0pzcOtsmwIBBSgBmuPBHJ.DrmqK1y2A3Q.e/CvbGLx2gFraM3TaMW',NULL,'2020-09-28 10:12:44','2020-09-28 10:12:44'),(1054,'INDAH KURNIATI','6891',NULL,'$2y$10$Yqhv4gMEW9mCZP9D6hl6xetRN3t1yWkjB087zQKzNc1mSifkW.GWS',NULL,'2020-09-28 10:12:44','2020-09-28 10:12:44'),(1055,'LIVIA AYU FEBRINA','6892',NULL,'$2y$10$2emBd7DXxgrpaNCNYob1tejjV2RjGynUkVtosXVWcMGrN2gJHzSmy',NULL,'2020-09-28 10:12:44','2020-09-28 10:12:44'),(1056,'LUDYA YUMNA','6893',NULL,'$2y$10$C0q7xOsnkEE.nxa9A47Zv.Kjd2fCHOgNp5D49WJ3tF/aHsyOln1fK',NULL,'2020-09-28 10:12:44','2020-09-28 10:12:44'),(1057,'M. RIZKI OCTAVIAN RAMADHAN','6894',NULL,'$2y$10$Y/KdoV80hVb2EDh58ndbAeGgxy6uTuSzn9.9Q/p.tFJyVXXZuoGxK',NULL,'2020-09-28 10:12:44','2020-09-28 10:12:44'),(1058,'MISBAH UDIN','6895',NULL,'$2y$10$P2KcCG530.dXezp9smsiCOkFuR73j3siehOTdpYvN26WXfEFb.Fcy',NULL,'2020-09-28 10:12:44','2020-09-28 10:12:44'),(1059,'MUHAMMAD RAISA SATRIA ABHIRAMA','6896',NULL,'$2y$10$mUVARhxo9lgiUMvDFS5R.eWCJOP1UMqjj1kEmPeC0xPdrXWPzZFy2',NULL,'2020-09-28 10:12:45','2020-09-28 10:12:45'),(1060,'MUHAMMAD RASHKY DZAYANRANA','6897',NULL,'$2y$10$oHj6iCXhXX6F9RhEJ63Mc.qMkMzom/GfXMhM.w5l1gB1flgB4y2wa',NULL,'2020-09-28 10:12:45','2020-09-28 10:12:45'),(1061,'MUHAMMAD SHODIQUL \'AMALI','6898',NULL,'$2y$10$j0juC65yUgRD7RFGmD2TMeWhDwfh9zHCnxskkZHXi4EdPsG6GhD7.',NULL,'2020-09-28 10:12:45','2020-09-28 10:12:45'),(1062,'NADZIFATUZZAHRO','6899',NULL,'$2y$10$9p.bs.XjxlOKfAWJ/C95gujP3QQrgFLVkw5R3imwmVcLZ5rEA1zb.',NULL,'2020-09-28 10:12:45','2020-09-28 10:12:45'),(1063,'NAILUL KHASANAH ROFIQI','6900',NULL,'$2y$10$ti.CTmHOAaew7Z.9/tBtl.KlK6Wfq2nDpz6rrzcMKElVSqGatN2ZG',NULL,'2020-09-28 10:12:45','2020-09-28 10:12:45'),(1064,'NAJMA HANIN FADIASARI','6901',NULL,'$2y$10$XS7AIrtxkHLUwWc3rUqgx.HG2.VHD5O0BKpCBqERUvCMG3ff25mAu',NULL,'2020-09-28 10:12:45','2020-09-28 10:12:45'),(1065,'NAWAL MUMTAZA JINAN ASYAHRA','6902',NULL,'$2y$10$U9WVOz/I6Hhu2dcl693g8.AB0vPxejRpIDY8YpJDGL.b0/Ech5XmK',NULL,'2020-09-28 10:12:45','2020-09-28 10:12:45'),(1066,'NAZALA DHAVI ARIFIANA SAKHI','6903',NULL,'$2y$10$.4K/CkRD3ryHDzr9QEREruSYjrI307w28ilPd.cS.TQjtJukzqCYK',NULL,'2020-09-28 10:12:45','2020-09-28 10:12:45'),(1067,'OKKY ALLEYDA YAHYA','6904',NULL,'$2y$10$hMxRY8x7ig9.Pf0sl2IK..ropllj/ZQbv5QRF3C/KLCqL2cazDN3.',NULL,'2020-09-28 10:12:45','2020-09-28 10:12:45'),(1068,'RAKARA SURYA AJI PRATAMA','6905',NULL,'$2y$10$Nj535GOsKcz7J2ugQLVEw.cbeQ.b4hZoYpAAgMnjrBQQrcdflRLt6',NULL,'2020-09-28 10:12:46','2020-09-28 10:12:46'),(1069,'RIFAN HUTABARAT','6906',NULL,'$2y$10$BVdfzD5/aFCndlknBsKc9eugDSkzZOsEHouoKrs7jSpGXpoUXwblW',NULL,'2020-09-28 10:12:46','2020-09-28 10:12:46'),(1070,'RIO RIZQI QITFIRUL AZIZ PRIBOWO','6907',NULL,'$2y$10$Cz./yuoppgU2QU3/c4yxc.03EHYmvnnSPm1SfWdFy/zQ3ZlQNqwhG',NULL,'2020-09-28 10:12:46','2020-09-28 10:12:46'),(1071,'SOTYA MAULIDA LESTARI','6908',NULL,'$2y$10$P4B4u3UPRbWWBI9RBJAp..WjX2raX22I.EEz7UBxRSScjQycPz.dO',NULL,'2020-09-28 10:12:46','2020-09-28 10:12:46'),(1072,'TRI KURNIA SANDY NUGROHO','6909',NULL,'$2y$10$UG/KkW8D1F/2KmMENv9Bq.2B3b.ov8InTyCtJHKyzz75iaFTmkM8O',NULL,'2020-09-28 10:12:46','2020-09-28 10:12:46'),(1073,'YUSMAR AMALIA SOLEKHA','6910',NULL,'$2y$10$R6owm0HZEWKta3RRIA/6fOJdIIE3x7qQ.2diOq4ds0FVple5lIkZq',NULL,'2020-09-28 10:12:46','2020-09-28 10:12:46'),(1074,'ZHAHEILA NAFISA','6911',NULL,'$2y$10$Z9h03hixFRvXHFNCd2jJh.iSjVpDkUHyxSxjeIMC8f5c1MofLk.rO',NULL,'2020-09-28 10:12:46','2020-09-28 10:12:46'),(1075,'ABELIA INTANI','6912',NULL,'$2y$10$3WOW7xNVo28XuByFOT5DW.91sCB.VWaLcEY33CpqJJUOdWEqvPwKq',NULL,'2020-09-28 10:12:46','2020-09-28 10:12:46'),(1076,'ACHMAD YASSIN','6913',NULL,'$2y$10$SVMMkFngBcLm1TaN4Fa76e3iE.yzeRAOprLF8rvn3mNYTfcHmkhv2',NULL,'2020-09-28 10:12:47','2020-09-28 10:12:47'),(1077,'AFKAAR PRIO PRAYOGA','6914',NULL,'$2y$10$K5n1GqXMxxZFIFLdtuPYf.4uFIE0mpvmeFxoRUg2DvOp6KJRAMpEe',NULL,'2020-09-28 10:12:47','2020-09-28 10:12:47'),(1078,'AFNA ADDINA','6915',NULL,'$2y$10$aE2T7lLOwftUT0HkEn.UMO09Pj/u5rJfeA5tlkYQOeXggYW1XJ0.u',NULL,'2020-09-28 10:12:47','2020-09-28 10:12:47'),(1079,'AINA MAHARANI','6916',NULL,'$2y$10$Qv/pDWc3Y7OIJDjVGdb40eSajCUB.FqLZrKra1MLlLTuL3I7/ODAm',NULL,'2020-09-28 10:12:47','2020-09-28 10:12:47'),(1080,'ANGGER GILANG PURWOKO','6917',NULL,'$2y$10$UcOfUuDU3eOvFLZ0tmprCOFcJtHEUKk1bchA/LTmzVhAAQJ9KdfFK',NULL,'2020-09-28 10:12:47','2020-09-28 10:12:47'),(1081,'ARMETHA ARDYA GARINI','6918',NULL,'$2y$10$ydow7I6yiXqbqk0MD7gQQevyIBKH5CyARwADUviBZyGoGTT8pZKY.',NULL,'2020-09-28 10:12:47','2020-09-28 10:12:47'),(1082,'AUDREY ADELIA SUNTIARKO','6919',NULL,'$2y$10$LS67DAm6Oum87kZYC6vhvOgIsVmwx980N87IkEYGVVWJhB8VyHx6C',NULL,'2020-09-28 10:12:47','2020-09-28 10:12:47'),(1083,'BILKIS IZZA UKHFIYA','6920',NULL,'$2y$10$PQNRJSbyGMtvWOACbIiO6uYiS6/vvFLPYTW4fVKtRCgQbAl.PZkFS',NULL,'2020-09-28 10:12:47','2020-09-28 10:12:47'),(1084,'CHELSEA ARANTZA PHOEBE','6921',NULL,'$2y$10$0ZZI.Nk018Ix27iHwttKnubMJAbdZ7XwAu8ops7t5VqbGrLahPCMW',NULL,'2020-09-28 10:12:48','2020-09-28 10:12:48'),(1085,'EGIESKA BRIPTANIA MUSTOFA','6922',NULL,'$2y$10$rwZYQzvdWDZ6oryKZZxepuypEKtiRR8nZyhuoo4SN0rjgVI6.2o6q',NULL,'2020-09-28 10:12:48','2020-09-28 10:12:48'),(1086,'FARAH SALSABILA','6923',NULL,'$2y$10$8YwfR.4/oekRE0q1N6/m.ekqmxQT95HgpzxklgKr6UZRiIJkXYwzW',NULL,'2020-09-28 10:12:48','2020-09-28 10:12:48'),(1087,'GERRA ELDIANA AULIA MAHSA','6924',NULL,'$2y$10$OtuYDoZ1z.I3AVD0uG/zpOagMYO/Ks3h0KN8fgc5T3ed/w79DelSW',NULL,'2020-09-28 10:12:48','2020-09-28 10:12:48'),(1088,'ILHAM IZZUDDIN ADAM','6925',NULL,'$2y$10$rmGue/sZU2n98RZqoB4nrOxsu7YW2OQAa2d3kRCUyavX4tU223lzq',NULL,'2020-09-28 10:12:48','2020-09-28 10:12:48'),(1089,'LEONARDUS YOSSA PRATHAMA','6926',NULL,'$2y$10$sp2U7cZ9OuotsUraK3uXi.VlkIeqkx8T5yLA49IukQkeKLLjC7S4G',NULL,'2020-09-28 10:12:48','2020-09-28 10:12:48'),(1090,'M. ARVYANDA DAVA SANGGA PRATAMA','6927',NULL,'$2y$10$iFhmkKHTWbiJSHJxY5QwNOwHJBdj5KqaKAVYHH/n6dlIYlpzLN1ka',NULL,'2020-09-28 10:12:48','2020-09-28 10:12:48'),(1091,'MIRANDA MILATINA','6928',NULL,'$2y$10$lFQOgeEL0LR0TOBdoCCtROa7qp6243s9Fgda4ZxgCENSYSkAFvrMa',NULL,'2020-09-28 10:12:48','2020-09-28 10:12:48'),(1092,'MOHAMAD ALIEF ARKANNABIL','6929',NULL,'$2y$10$vGA6NrOyoW0JhDdifv7p6ehjTFhnpeEgxJ9qAwcr0G3oKnnLeSYSy',NULL,'2020-09-28 10:12:48','2020-09-28 10:12:48'),(1093,'MOHAMAD FAREL KHANSA ADIZA','6930',NULL,'$2y$10$VVneaIa2twqXNmQItyMqk.MtIsKWBP8T1rsNCjKQ2qLRw9K7WhixS',NULL,'2020-09-28 10:12:49','2020-09-28 10:12:49'),(1094,'MOHAMMAD GALANG DWI CAHYO','6931',NULL,'$2y$10$4gOUAfStheXuoVXv1/nK/.X0RaT/NpulwMIn0mM3FB.OXsXQ9sqU6',NULL,'2020-09-28 10:12:49','2020-09-28 10:12:49'),(1095,'MOHAMMAD RIZKY IKHSANDY DARMAWAN','6932',NULL,'$2y$10$7PBZVCVG4cDWlLWo6AqKcOs2yXcnwdon.h8wBUI3Y.Ze70jork7yS',NULL,'2020-09-28 10:12:49','2020-09-28 10:12:49'),(1096,'MUCHAMAD SOLEH','6933',NULL,'$2y$10$tcPubMBcnjtXRdnIRO9gh.YYpDBxJBZbW.mkbc2EN.ONfrFBcbDCq',NULL,'2020-09-28 10:12:49','2020-09-28 10:12:49'),(1097,'MUHAMMAD FAQIH AKBAR','6934',NULL,'$2y$10$pBSnRGeESbGjsZw/4Je55ui8IWwetM6p4yq3/JUUpxWdORvTE0mKS',NULL,'2020-09-28 10:12:49','2020-09-28 10:12:49'),(1098,'MUHAMMAD FARHAN HILMAN','6935',NULL,'$2y$10$Ii3ZTO9aALJQvaqT.7zfNOF75VX2tIoK5D0aJbCnn8cZJ8YnCw.uu',NULL,'2020-09-28 10:12:49','2020-09-28 10:12:49'),(1099,'MUHAMMAD HAFIDH','6936',NULL,'$2y$10$ctwZT02TWX83uipjtuVe8u9/CxtO47gFEtwIN9SClC1wgQWH15kXy',NULL,'2020-09-28 10:12:49','2020-09-28 10:12:49'),(1100,'NADHIFATUZ MUTIARAISLAM','6937',NULL,'$2y$10$G.koPvNziMUIbkV1GxoBw.RxZCDtcHseGxaVGTPJP/rChIUH9VC2K',NULL,'2020-09-28 10:12:49','2020-09-28 10:12:49'),(1101,'NAJWA TRISARI','6938',NULL,'$2y$10$R0fXcFCb7Ltebwl4ljdPqucAPql/m/eVSXOOPqeAg5TyP6zKySetu',NULL,'2020-09-28 10:12:50','2020-09-28 10:12:50'),(1102,'NASYWA ISCA NABILA','6939',NULL,'$2y$10$/hcJj5NXCimJNx1PRIj88.64jh05rcMlv.ZI7PoLiJ0thMXwrFybi',NULL,'2020-09-28 10:12:50','2020-09-28 10:12:50'),(1103,'NUR AZIZAH','6940',NULL,'$2y$10$Chm23e9v3b.pzt7duIZeAevmobKOF7cxZ7rzz25c4dcsnwPbzgoJ6',NULL,'2020-09-28 10:28:18','2020-09-28 10:28:18'),(1104,'PRAMATA YUNDIKA','6941',NULL,'$2y$10$Kbx51G5J/ZLGB0XtGo8Tl.nLUUgns0REJ/sfml5qzsBHQyORWPILe',NULL,'2020-09-28 10:28:18','2020-09-28 10:28:18'),(1105,'PUTRI FARA FAIRUSKA','6942',NULL,'$2y$10$OK8RihUvITo0Myhg55Xv1eOXSLSNA8mAoe4HVmVJf//5NPuTvj08W',NULL,'2020-09-28 10:28:18','2020-09-28 10:28:18'),(1106,'PUTRI SUKARDI','6943',NULL,'$2y$10$64IhruvaX8o8dDtXDvyG/e3PTnA.RxvvqF2Y0fpyItL8Ug0TgdeT.',NULL,'2020-09-28 10:28:18','2020-09-28 10:28:18'),(1107,'SALMA DIENA SYAKIRA','6944',NULL,'$2y$10$6d5TDaYjj5gjMh7gOUAAGuzYjexyq9XvQNhARzN1wU/fRJXitxmNu',NULL,'2020-09-28 10:28:18','2020-09-28 10:28:18'),(1108,'TAZKIA ANNA IMANIA','6945',NULL,'$2y$10$wG7bMDP25NYUGr1B6O1siOsMUWsF62bKh3b59v08LWYWM3gPmpOAW',NULL,'2020-09-28 10:28:19','2020-09-28 10:28:19'),(1109,'VINSENSIUS ADIV NUGROHO','6946',NULL,'$2y$10$Q1Wb1AJZ1BnMyq4eMzy2oOCoz5uD0Xk58ido/kRPIXybIQzTaEKnO',NULL,'2020-09-28 10:28:19','2020-09-28 10:28:19'),(1110,'ZIDA RIZQIANA','6947',NULL,'$2y$10$TRbOotn8TJ4dBUbW6aX6C.XF9MWqpBxwrctd0psFv28y0FygT2UtW',NULL,'2020-09-28 10:28:19','2020-09-28 10:28:19'),(1111,'ABIMANYU BINTANG RAHUTAMA','6948',NULL,'$2y$10$mrWjMtTat8J24/j35.AWY.w57SI/Cm1fRS.lNM0f8w3su5J8O8c.S',NULL,'2020-09-28 10:28:19','2020-09-28 10:28:19'),(1112,'ACHMAD ROMADHON','6949',NULL,'$2y$10$SgKhE/TpIw4yTUCY3pYBj.5Axx/jTByDOo6MbBqjXDOd3is2eX8Sa',NULL,'2020-09-28 10:28:19','2020-09-28 10:28:19'),(1113,'ADI PRANATA','6950',NULL,'$2y$10$mEjjLch5/tDXlzq9kFHlRe2RHR/p4BHqiRUd/Nm4hp7nGmj.Cm07K',NULL,'2020-09-28 10:28:19','2020-09-28 10:28:19'),(1114,'A\'ILA VILLADY','6951',NULL,'$2y$10$nHqRMP4ZZc1O4D2ZifSxC.CzQYyzYAT6Z49RE8UMBvw2NJQtDsN52',NULL,'2020-09-28 10:28:19','2020-09-28 10:28:19'),(1115,'AKILLA FISDIARNDA SHAQINNA','6952',NULL,'$2y$10$pgdLWE1AHJKm211I91I4x.LEyi4dHc1k0CNFSEGuhaY4QsF0k6Uxu',NULL,'2020-09-28 10:28:19','2020-09-28 10:28:19'),(1116,'ATHADEVA HADYAN ACHMAD','6953',NULL,'$2y$10$N8FBPNok.qpANsnHbgOKg.jFnwUhUea8f7ovKhMVQKL4wuACAMkQS',NULL,'2020-09-28 10:28:19','2020-09-28 10:28:19'),(1117,'ATHAYA CANDRAKANTA','6954',NULL,'$2y$10$.8t.pfJtalZrM4IN3Cs/VukX6tKETuu0ZPXo9iqR1hiCZWp.3rCeK',NULL,'2020-09-28 10:28:20','2020-09-28 10:28:20'),(1118,'DWI AMINAH','6955',NULL,'$2y$10$0TXep7ZhOc6HBLjveryJ6e/Z8tld3x6D1zH2RMwqyi.miL71/uvWe',NULL,'2020-09-28 10:28:20','2020-09-28 10:28:20'),(1119,'FARAH TSANI MAULIDA','6956',NULL,'$2y$10$MDVEdkBRoqq2dWCC28JFEOMV6xfcoiIKcdU46UZ7oWi4wXzy5lO7O',NULL,'2020-09-28 10:28:20','2020-09-28 10:28:20'),(1120,'FARHAN ARDEN WIDYADHANA','6957',NULL,'$2y$10$rTOOV0gDT/Cz3ZYOQ94zYeyW5uhL3zEV0mkJAtCD4g9beuMiLHTzu',NULL,'2020-09-28 10:28:20','2020-09-28 10:28:20'),(1121,'FERDY ARIESTYANTO NUGROHO','6958',NULL,'$2y$10$YCADdLnEYEFel/I1HPc.9eb3OZW2Fjhkpp8pyLsw9vdiS6lN6xJs6',NULL,'2020-09-28 10:28:20','2020-09-28 10:28:20'),(1122,'HASYA DESWITA SADIDA','6959',NULL,'$2y$10$c3wryvEqSYB5DZ.iIoobveaS1dfkRaLBWO4IeobMtwia8mHo.JwNm',NULL,'2020-09-28 10:28:20','2020-09-28 10:28:20'),(1123,'HENNI FARIYANINGRUM','6960',NULL,'$2y$10$ZkcnCNulcCaFep5UqxmfYuvSeYsj07fzIABQIXa13hhec9aSCQ/TS',NULL,'2020-09-28 10:28:20','2020-09-28 10:28:20'),(1124,'INDAH KUSUMA WARDANI','6961',NULL,'$2y$10$x/ArFrgpdpJ5.6UOhFnTVe.Iq1QLBC9QcSKuF/3AThD8weE2jxkC2',NULL,'2020-09-28 10:28:20','2020-09-28 10:28:20'),(1125,'ISABELLE PUTRI ARDINI','6962',NULL,'$2y$10$ioqgwMBB9EdFecqW6YFWVu.oWsM7SeRkAlD/uF6A8jGGWwp8qdNGS',NULL,'2020-09-28 10:28:21','2020-09-28 10:28:21'),(1126,'JASON ABEL SUGIARTO','6963',NULL,'$2y$10$K2QwHqfl2jr.Ue0SVi7kDOM.twR6n/hI29gxm/s5OjfLRxJlq8pS2',NULL,'2020-09-28 10:28:21','2020-09-28 10:28:21'),(1127,'KHALIFATUN NISA','6964',NULL,'$2y$10$.gKGe30NG.kSlXcSpWo26OPIHRwscEgFKo7vDhqRYrJSh6qJW//Qq',NULL,'2020-09-28 10:28:21','2020-09-28 10:28:21'),(1128,'LOISA GABRIEL KRISTINA PURBA','6965',NULL,'$2y$10$c18/5khHFpHP9lLhNcv5qOfEe3HMBsb1TnMwnJMRPmBkQrXFKdqRi',NULL,'2020-09-28 10:28:21','2020-09-28 10:28:21'),(1129,'M. AERIKO ADIJAYA','6966',NULL,'$2y$10$JDQ/wZ1EcE8YjV7LVuUO0esjgchiG1IIPXhYcNQOIRHe6/Yv6IbIe',NULL,'2020-09-28 10:28:21','2020-09-28 10:28:21'),(1130,'M. FARHAN HAQIQI','6967',NULL,'$2y$10$2131cyDGYT8U9qS0GBBVk.aiF/EzjYQEKgCtgYq93UsBFMNAZxOy.',NULL,'2020-09-28 10:28:21','2020-09-28 10:28:21'),(1131,'MOCH. SYABBI KAUTSAR','6968',NULL,'$2y$10$y8UQFpv6BDbyVur8/oQuSOw98yZDdqSbMSRF0jUnsR3e.vwVOlJDC',NULL,'2020-09-28 10:28:21','2020-09-28 10:28:21'),(1132,'MOH. ADITYA PAMUNGKAS','6969',NULL,'$2y$10$Gx4vaFAkVKcbi5e254jnRurL4/tEnsvoUqDxag.MKwVETbL2UxycS',NULL,'2020-09-28 10:28:21','2020-09-28 10:28:21'),(1133,'MUHAMMAD AQIL SAPUTRA','6970',NULL,'$2y$10$4p/ySpGol4G2LlpwL7PIfu6ImoMUwYr1aqoS3MgtRYWeSGtcfDmHu',NULL,'2020-09-28 10:28:21','2020-09-28 10:28:21'),(1134,'MUHAMMAD MIQDAD FAWWAS','6971',NULL,'$2y$10$4xBEVICjh5pER0iErYONe.f0pNQ/i4Z8XSpoIxaHfqasEpBXV7b.u',NULL,'2020-09-28 10:28:22','2020-09-28 10:28:22'),(1135,'NAILUS SYARIFAH','6972',NULL,'$2y$10$/BS80vbp.RKn4Ux1m.7sM.tAH2WV4UzTIKlKauDN19xXDTj20GHqu',NULL,'2020-09-28 10:28:22','2020-09-28 10:28:22'),(1136,'NANDA SAGITA IMAYA','6973',NULL,'$2y$10$NBSTapKDlDe5..zMqCeQYeoVdLkmxTwM1nN7/pfWDDg2W958/54DS',NULL,'2020-09-28 10:28:22','2020-09-28 10:28:22'),(1137,'NATASHA JIHAN ALAYA','6974',NULL,'$2y$10$/hUi.6gLB0n6J4uqP1ye4eFhFEJnRnl1RSSO0JeKQHTmUDm91GpHC',NULL,'2020-09-28 10:28:22','2020-09-28 10:28:22'),(1138,'NAURA AMELIA PUTRI','6975',NULL,'$2y$10$MAa1vQNI3BlFD7xYRK6uw.qaRXpBBBbXJN81sCvGNCOcUh9gjyFYa',NULL,'2020-09-28 10:28:22','2020-09-28 10:28:22'),(1139,'NAZHIFA NUR ZAHIRA','6976',NULL,'$2y$10$3PrDRoXU6M0MKYb3vMKgV.wEWUTyBIQzjLKK4ArcoxAcn8D.NCmwi',NULL,'2020-09-28 10:28:22','2020-09-28 10:28:22'),(1140,'RAHMA TANZILA','6977',NULL,'$2y$10$FsaTEBTahgdmaJk9IKgYq.K.Trm6SwGax6u4Xp0Jrd3YQrMVC78Re',NULL,'2020-09-28 10:28:22','2020-09-28 10:28:22'),(1141,'RICKO DINA DZAKWAN','6978',NULL,'$2y$10$LdSwid4EhL7cuA7ZohD8z.6D6GpieYCEy9GT4GxSQnRBoi4QsZedG',NULL,'2020-09-28 10:28:22','2020-09-28 10:28:22'),(1142,'SHERIN SUNGKAR','6979',NULL,'$2y$10$N1WPVo13S9VSLWi7TYZHPe7Zy7di/Rf6hcKjprR62LQY5bnSD.DHe',NULL,'2020-09-28 10:28:23','2020-09-28 10:28:23'),(1143,'TEGAR YOGA WICAKSANA','6980',NULL,'$2y$10$4QQS.12dZKamQ3pKSx6C/exNz9tqMvhpRCLH09ilC0uRWN7g8Yjfe',NULL,'2020-09-28 10:28:23','2020-09-28 10:28:23'),(1144,'VALENSIUS VASTUVONDRA','6981',NULL,'$2y$10$B85GzZiKx5UULSSVgEFD7.stWT1rAyyYqfOEt4Ofily4ndKK4lxz2',NULL,'2020-09-28 10:28:23','2020-09-28 10:28:23'),(1145,'YESENIA IKFA SHAHLA','6982',NULL,'$2y$10$bVyHtcfHJGhqFWHFSKsTKeAxuEX6ZEd0SQkLuLrIs77VJVBgGhgtK',NULL,'2020-09-28 10:28:23','2020-09-28 10:28:23'),(1146,'ZACKY ARYA YUSTICIO','6983',NULL,'$2y$10$wtCCNiVR3Lu52n0s4bDfLOJZAbyGJBhRZVqQMZZi0d8qfVtfXou4u',NULL,'2020-09-28 10:28:23','2020-09-28 10:28:23'),(1147,'ANGGITA DIAS NURFANDILA','6984',NULL,'$2y$10$.0BdGAdiiOcY0C3GIJdp6uCXLpP3XU6WRoFMsjOmFVKcUHCwdFONO',NULL,'2020-09-28 10:28:23','2020-09-28 10:28:23'),(1148,'ANGWIN MEILISA AULIA','6985',NULL,'$2y$10$tP4RX9dFKEkNBdrjTK/6Keqw.d4/VzzdTpCcbYCEk4EdU0b1V1Lau',NULL,'2020-09-28 10:28:24','2020-09-28 10:28:24'),(1149,'ARELY ANINDA MULYO','6986',NULL,'$2y$10$/W.dNfHMNLP86YzXmgWRBeUMPE0geqk9KKnJaduYCa2x38tLN38Cm',NULL,'2020-09-28 10:28:24','2020-09-28 10:28:24'),(1150,'BELLA BESTARI','6987',NULL,'$2y$10$yfvMkuh5XV7du.hDvV2fWeFYoDfwa2opmhInGKUpQcJ1XrzAJIPMm',NULL,'2020-09-28 10:28:24','2020-09-28 10:28:24'),(1151,'DEWI SAFITRI','6988',NULL,'$2y$10$46VKJG6mckG9Mpe4EflRouKn5IMTsUmHvA0PW/Z.WsLURZ3/O2ifO',NULL,'2020-09-28 10:28:24','2020-09-28 10:28:24'),(1152,'DIANA LESTARI','6989',NULL,'$2y$10$VNet4Uj7IY.H1dRcbeEhPOapz82j3NDn9fCSD5kcL0AB3tDYS89ze',NULL,'2020-09-28 10:28:24','2020-09-28 10:28:24'),(1153,'FAJAR SHIDIQ PRATAMA','6990',NULL,'$2y$10$HFkJrkECEnt1cxO52UzIgep.sG9.NGp9fS73I3tYM1Dq/Z7h9b3ty',NULL,'2020-09-28 10:28:24','2020-09-28 10:28:24'),(1154,'FAREL ARYA PRAMANDA','6991',NULL,'$2y$10$zDV8YKxlQESdBCqYAf9vWOjTzmy.Z710t5zo1.SGWJmtzaPykQ2yy',NULL,'2020-09-28 10:28:24','2020-09-28 10:28:24'),(1155,'FARIDHO','6992',NULL,'$2y$10$jB.pUy0GX0aU1XwTJAMnGenvb9wDXs9CmmzniirkMawHkmwgCCIRK',NULL,'2020-09-28 10:28:25','2020-09-28 10:28:25'),(1156,'FIONA WIJAYA','6993',NULL,'$2y$10$y6q7WkZtl.SgMTTPiZM/2u7ZEe7PQEdQ8lCXaCI7wxeDgIA4uBk3y',NULL,'2020-09-28 10:28:25','2020-09-28 10:28:25'),(1157,'GEBY ADELY BINTARY','6994',NULL,'$2y$10$cFO0wzXJfJRVwSSSWbCMQuLxUePgcgkQEO9M1m296/FRpAkzeGgSS',NULL,'2020-09-28 10:28:25','2020-09-28 10:28:25'),(1158,'HALIZA RIFATUNNISA','6995',NULL,'$2y$10$s4Ln1q0tR9ZDaZM0cICBRuIoaAHU0V7iWIZLpijC0rVi53nbBJK32',NULL,'2020-09-28 10:28:25','2020-09-28 10:28:25'),(1159,'HANUM FINISHA MORBIDEZZA','6996',NULL,'$2y$10$vQ74mlBNC9owxaJRusThcu8PIRiqvYKmrh47BCr0y2YnFZv/2JCQa',NULL,'2020-09-28 10:28:25','2020-09-28 10:28:25'),(1160,'HANUM SALSABIELLAH','6997',NULL,'$2y$10$h6k9zYu1tXxxz7ARw9tUceEb6LTjjnUbveFPikXI/40lXZaDyeoNS',NULL,'2020-09-28 10:28:25','2020-09-28 10:28:25'),(1161,'INDAH PUJIARTI','6998',NULL,'$2y$10$hRqmW9vMIH0G2ca9p0Vryu1fiZO6.MPQBrmNRhGTZ5jUoSD9HYeS6',NULL,'2020-09-28 10:28:25','2020-09-28 10:28:25'),(1162,'IRGI AKHMAD FARRERY','6999',NULL,'$2y$10$gsDqVPN7vRhw0J3LH/g2C.V5IpaGczDWaQi/u9MVTtj8WWkmKTZqK',NULL,'2020-09-28 10:28:25','2020-09-28 10:28:25'),(1163,'JUSTIN EDUARDO LUCIUS','7000',NULL,'$2y$10$HhisT84mt/n0bvn3NeOCjOkJzGf6I32syW9S4LiW8kxFrTnqnO/9.',NULL,'2020-09-28 10:28:26','2020-09-28 10:28:26'),(1164,'KENDRICK GREGORYUS VALENTINO KARIM','7001',NULL,'$2y$10$qOJhtt/RQ8m83e.ODTZ7MudwgdabN9y9DTW2l51sSgzj9jjiPzK/e',NULL,'2020-09-28 10:28:26','2020-09-28 10:28:26'),(1165,'M. DAVA ARDANA','7002',NULL,'$2y$10$.C8s8LUIZ0nXTuk4vmhqGu09Tx8Pwiwmh64ohcnUur2Ury1jfr3ry',NULL,'2020-09-28 10:28:26','2020-09-28 10:28:26'),(1166,'MUHAMMAD AZIZ SATRIA SANTOSO','7003',NULL,'$2y$10$vIIxyqCqFwlcshrPNSQvz.6V8IJu2qninyhlxIEp5exepGaLi1..q',NULL,'2020-09-28 10:28:26','2020-09-28 10:28:26'),(1167,'MUHAMMAD FAHLEVI SYAHRIAL','7004',NULL,'$2y$10$xbMnV5sIUuAvfH1gAFa3lOjph5RUZLCU.Rvs4pbCHAWhPRCK0W6Xq',NULL,'2020-09-28 10:28:26','2020-09-28 10:28:26'),(1168,'MUHAMMAD IRAWAN','7005',NULL,'$2y$10$U7s24ni2CrQKQ3yy.hhXY.KDe9QF7i7HfYa2pk/2reOwYVtWtxHju',NULL,'2020-09-28 10:28:26','2020-09-28 10:28:26'),(1169,'MUSYAFA\' AKMAL','7006',NULL,'$2y$10$A0fPJzXIb/vn9O.fYDI98eK8YMA0uh2gYPZDZhc6SfBBN5UFOHG5u',NULL,'2020-09-28 10:28:26','2020-09-28 10:28:26'),(1170,'NABILA AZZAHRA','7007',NULL,'$2y$10$OrdXHohnMOmhI3WycvNe1u3JPt4CRg1Ugw2msqgTSija3OKcwq9ha',NULL,'2020-09-28 10:28:26','2020-09-28 10:28:26'),(1171,'NAJWA SAKINAH','7008',NULL,'$2y$10$nC4sit/J.GkA5cKoNg6NsO3sQ2gdflCUTnHCVZjyYPskpR7ZI7BXC',NULL,'2020-09-28 10:28:27','2020-09-28 10:28:27'),(1172,'NAUFEL AHMAD HAYDAR','7009',NULL,'$2y$10$so0pNecGz9HjIGqlMCYp8.n.qzZlMjRoLi5Wp/ybHzVrWAXetBk4u',NULL,'2020-09-28 10:28:27','2020-09-28 10:28:27'),(1173,'NICOLAS KRISNA PRAWIRAJATI','7010',NULL,'$2y$10$MmPkPOQzLgsvoQNJIoa7X.pu7xS7bVMVSx5WXN0Ypzcn7hn.r0tYq',NULL,'2020-09-28 10:28:27','2020-09-28 10:28:27'),(1174,'RABBILA TADZARNI FARDA','7011',NULL,'$2y$10$Xw6clAwqWlqxZYbvXdnM9e3ctgTsAIj9eCaPUY4gSDnIMhAsqtQM6',NULL,'2020-09-28 10:28:27','2020-09-28 10:28:27'),(1175,'RAHMA ZELIKA PUTRI','7012',NULL,'$2y$10$UonzPD1o2X0OOqfX0uIaWOQhcJedjSshlQ0GVSiPRFViR4CrJHhhC',NULL,'2020-09-28 10:28:27','2020-09-28 10:28:27'),(1176,'RIFDAH ALVIONITA HARBELUBUN','7013',NULL,'$2y$10$4low9UikPIdg172GprO7cOhnYr3EbskqIdv8paBmU6oK27a05Rwkq',NULL,'2020-09-28 10:28:27','2020-09-28 10:28:27'),(1177,'SALMA PUTRI AFIYANI','7014',NULL,'$2y$10$QPOf0V7eBxynTO7mGsW6PunC8HrGbuOUHaYACpUgFhMAEW7zj7qfi',NULL,'2020-09-28 10:28:27','2020-09-28 10:28:27'),(1178,'SATIVA DENA ALYA LUTHFIYANI','7015',NULL,'$2y$10$JYVeNp2FN4qHz4zPlau3neDawqpeewE6Myu3E3nP.dXuRIe0JjSkC',NULL,'2020-09-28 10:28:27','2020-09-28 10:28:27'),(1179,'SELLI NOVITASARI','7016',NULL,'$2y$10$7qyNWgF0kl44wObZnt89Ge02RvHU1Nb6z3zJDTzpCcZuZH9qHeMTG',NULL,'2020-09-28 10:28:28','2020-09-28 10:28:28'),(1180,'VICTOR ANTONIO COLIN','7017',NULL,'$2y$10$Wy0VXnFDpVv43MRFI9OdYOKcOz/poHY46k.ogVfyrzJUiyRdFtalS',NULL,'2020-09-28 10:28:28','2020-09-28 10:28:28'),(1181,'VIKY NAURA KAMALIA','7018',NULL,'$2y$10$FKPRgq8keoW5UHvfIalvIe.phdyeySHPGm7rJ0akLGsT7YLq1pZQm',NULL,'2020-09-28 10:28:28','2020-09-28 10:28:28'),(1182,'VIRA AULIA UTHMA','7019',NULL,'$2y$10$i9kOZBF.rjYBjnGsmYnSIOb5RzaxfKaKpmkgEduEVa7tuHNPYoZl6',NULL,'2020-09-28 10:28:28','2020-09-28 10:28:28'),(1183,'AHMAD NAQI ASSEGAF','7020',NULL,'$2y$10$g4R23utTzNpIcWeSu6qoD.retsaWJyO/UfHc/wPqMCl399wX5CtTa',NULL,'2020-09-28 10:28:28','2020-09-28 10:28:28'),(1184,'AKMAL ADMAJA GANDI','7021',NULL,'$2y$10$w6e/r5l.kR6/piTPKDROOesdzXfIwPON9egGIrmhissY9gGSmQ422',NULL,'2020-09-28 10:28:28','2020-09-28 10:28:28'),(1185,'ALMA PUTRI ANDIRA','7022',NULL,'$2y$10$GmojCbBRSQbZOREA89OyhOqWR.4NKDMFqaKrvY6vZndCOWzCyI2s6',NULL,'2020-09-28 10:28:28','2020-09-28 10:28:28'),(1186,'ANGGUN SEKAR MELATI','7023',NULL,'$2y$10$anqWe2KxHZmQnppAt/fMYOQ8e8gKlrQYrsWISEkcuASwfS9b2Jqw6',NULL,'2020-09-28 10:28:28','2020-09-28 10:28:28'),(1187,'CANTIKA RIZKI PERMATASARI','7024',NULL,'$2y$10$/r/NUg20RSlywIF9aVniL.CW7ZpUNqCb7x1FLFglX4iUELV6ExXLy',NULL,'2020-09-28 10:28:29','2020-09-28 10:28:29'),(1188,'DEVEN KHOSTYA','7025',NULL,'$2y$10$OK69qIOIgFCEoxq7AYbeM.XNWrtSy0tEDkQo8zrGLCNUGK2pZKp6K',NULL,'2020-09-28 10:28:29','2020-09-28 10:28:29'),(1189,'DONI SULISTIYAWAN','7026',NULL,'$2y$10$gkNfL77xxfu3YmfW6DOkY.KlW3YhFNkpGBXnRsi.xRbyysfhvsWCW',NULL,'2020-09-28 10:28:29','2020-09-28 10:28:29'),(1190,'EKA SALMA AULIA','7027',NULL,'$2y$10$hYl.dAvNjKUbyrdzfdT.7OuqudIVnurBqiYQIcbYna/KggEjKLfhi',NULL,'2020-09-28 10:28:29','2020-09-28 10:28:29'),(1191,'FIDA NABILA ILAL ULYA','7028',NULL,'$2y$10$KqRewkDmSMfINTZvNccSWOTyuSxQyQrpeImAf1UqDY4hUaWqDq0.G',NULL,'2020-09-28 10:28:29','2020-09-28 10:28:29'),(1192,'GIZKA JIHAN NAFISAH','7029',NULL,'$2y$10$QtaijUWv7OdKEe9.yRip3.821kclPAG0G2tXlL/fbsidShx03i18e',NULL,'2020-09-28 10:28:29','2020-09-28 10:28:29'),(1193,'HAURA\' FARAH SYIFA','7030',NULL,'$2y$10$V2c3QNkeEHSEJP0.mFDvq.CNqNxHcqHPEhbm.0NEJkz8eb6bSIQWy',NULL,'2020-09-28 10:28:29','2020-09-28 10:28:29'),(1194,'ISA FAHLEFI','7031',NULL,'$2y$10$0T08bK55i.hW5Q6dxeKLseCxahu1vSjdsGV9nng5eeqfQaOpw13eK',NULL,'2020-09-28 10:28:29','2020-09-28 10:28:29'),(1195,'JORDAN WILLIAM PANGEMANAN','7032',NULL,'$2y$10$fO7HtTlnWcXplqktSwNQruzQKdgDFs3Kkb1HZoCQrwtw2n.shnyaq',NULL,'2020-09-28 10:28:29','2020-09-28 10:28:29'),(1196,'Kesya Febriyanti Valentina','7033',NULL,'$2y$10$RS2QCHzCH2nt0uHEFYKwXu9FLnsNQgwG2LdOJJmCdmnxdSSwYGszC',NULL,'2020-09-28 10:28:30','2020-09-28 10:28:30'),(1197,'LIDWINA NOVIANI','7034',NULL,'$2y$10$GVScSr4IYQPrm1fgRo3.mOMoXFtDC4IeghX4793PUsS3xfwEpHNiS',NULL,'2020-09-28 10:28:30','2020-09-28 10:28:30'),(1198,'LYDIA ALBERTA','7035',NULL,'$2y$10$Kurx81XwBTPZd5TXcq6GOukGkWQ80DPGj3ens/7knkLppRenYnLCO',NULL,'2020-09-28 10:28:30','2020-09-28 10:28:30'),(1199,'MAHATMA ADI RAHADIAN','7036',NULL,'$2y$10$vW4/rORlfE3V9Meb5lyAhux0hUVDyo1fONe7n74KP3L7CYvSEc292',NULL,'2020-09-28 10:28:30','2020-09-28 10:28:30'),(1200,'MEI HANNA WIDIASTUTI','7037',NULL,'$2y$10$0b1Jg1mvEDm5MrUfN1Ka3eQxy2FB3Ri7rKH5ZI4HdJkbfPcgmkryu',NULL,'2020-09-28 10:28:30','2020-09-28 10:28:30'),(1201,'MUHAMMAD SAIFUL ISLAMI','7038',NULL,'$2y$10$32bZc9RNgj9BSiCZmyg7LukHZG1KgQso0y7005lAeUbdQpYU7e6tS',NULL,'2020-09-28 10:28:30','2020-09-28 10:28:30'),(1202,'MUNGZILIN TIRTA DILAGA','7039',NULL,'$2y$10$.5pFXxXiGpG0QGrD7qfF4eOT/poVwlNNPGz8eAYDprqiiyyHMPgQK',NULL,'2020-09-28 10:28:30','2020-09-28 10:28:30'),(1203,'NABILA SALSABILA','7040',NULL,'$2y$10$977fv90Q/JJp3V6eOJ1XyOeE.fbcdTSgQPeOyiFrvELXT5yUFTXh6',NULL,'2020-09-28 10:28:30','2020-09-28 10:28:30'),(1204,'NAFISA ZUNILOVA','7041',NULL,'$2y$10$f/OcJI0XNCtdW9tAX9cR3uH8ZVzky.H1c6NlOy2IthxeXaxUnKg2m',NULL,'2020-09-28 10:28:31','2020-09-28 10:28:31'),(1205,'NAILI SA\'ADAH','7042',NULL,'$2y$10$s0j98CIQLE1GNIpy5jSEeOk2qPD3/T8xLppFYJ.ywx0Z9DHVRap.C',NULL,'2020-09-28 10:28:31','2020-09-28 10:28:31'),(1206,'NAJLA\' HUWAIDA','7043',NULL,'$2y$10$cGpXCRtmtwf1HVmZMCy26eE9SuSk8nUcLKm6KT5gQR.R9OX4W40nG',NULL,'2020-09-28 10:28:31','2020-09-28 10:28:31'),(1207,'NISRINA SALWA PUTRI','7044',NULL,'$2y$10$cgR6XUbO88EhxRbotuC1TuzRjl9luirbVyosoTd9.u1Y0v6Phbx6q',NULL,'2020-09-28 10:28:31','2020-09-28 10:28:31'),(1208,'PARWATI PARNOTO','7045',NULL,'$2y$10$dxBcxvkXQEnFZD9EaRCUkuVjQ1QqwaUcN2380kkcilf9qF5coWH8y',NULL,'2020-09-28 10:28:31','2020-09-28 10:28:31'),(1209,'RENATA CANDRA HANINGTYAS','7046',NULL,'$2y$10$vWrHzRWunkRKt98VaEAxsO8hyp6uzoUlEpTQxtZALx9A22MuH9rIu',NULL,'2020-09-28 10:28:31','2020-09-28 10:28:31'),(1210,'REVALDO DAVA ARYA SANTOSO','7047',NULL,'$2y$10$S5rQVuo2S1RFrZSajPxRDuQyzrAjMrkBIaKlviaKKkTLp7wPAMpDO',NULL,'2020-09-28 10:28:31','2020-09-28 10:28:31'),(1211,'RUSDI ABULKHEIR ATTAMIMI','7048',NULL,'$2y$10$W7Eohuzl.iLyv584KFiWZO2wxCxDGkNMZ8hfj2CbsqW/nUPzrlGqe',NULL,'2020-09-28 10:28:31','2020-09-28 10:28:31'),(1212,'RYAN NOVA SYAHIDA','7049',NULL,'$2y$10$p2BDJqlJjNgamqswiYpYv.b1y7Q5cli1e8Mwb3bVG9yotSNie66Yy',NULL,'2020-09-28 10:28:31','2020-09-28 10:28:31'),(1213,'SATRIA BAGUS PAMBUDI','7050',NULL,'$2y$10$Qo1jlHB9A5OG.r3ib0AD9eBxr4u9cGkMy3jIFJpyRTaV4XrDNE2k.',NULL,'2020-09-28 10:28:32','2020-09-28 10:28:32'),(1214,'SELVIRA YESENIA','7051',NULL,'$2y$10$qwLfH25DVbfeUBdZZ9AbmeBa3Hn7aG.mcYaHXPYoqQqEgu6LVeZqe',NULL,'2020-09-28 10:28:32','2020-09-28 10:28:32'),(1215,'SUB\'HAN ALDY HAKIM','7052',NULL,'$2y$10$/N/DLJYO6fMMuAHZhTaPD.DLlIuHfe1F2Nt50.QYK27LsFKVG6c26',NULL,'2020-09-28 10:28:32','2020-09-28 10:28:32'),(1216,'THO\'IT HAMZAH','7053',NULL,'$2y$10$Frp52m/VZ1yb0LDr1p/1eegSfDDaIOiOZj8R.HMd6BSjvAmzhlH5i',NULL,'2020-09-28 10:28:32','2020-09-28 10:28:32'),(1217,'TYO ALVIANTO UTAMA','7054',NULL,'$2y$10$QPRdlnScuWGjHh90qWUcx.4RojKk1hNwoS5pLJbfedllL5YTDW0xa',NULL,'2020-09-28 10:28:32','2020-09-28 10:28:32'),(1218,'ZALFA\'A CHAERANI','7055',NULL,'$2y$10$RBfd.IHKkltaRorCFMSHhO/4u3PXQrqhVENb5AG9gA7W1EsiUPiHW',NULL,'2020-09-28 10:28:32','2020-09-28 10:28:32'),(1219,'ALDINO ARDIYANSYAH HIDAYAT','7056',NULL,'$2y$10$lZrXF9qJuc/1dKqY8QvnfOHwu8iNdoPqaptOiYpT2TmaaGXmmQpbG',NULL,'2020-09-28 10:28:32','2020-09-28 10:28:32'),(1220,'ALYSHA KAYLA ISNA IRAWAN','7057',NULL,'$2y$10$zqpam9kutFWXHL9KnjLUDe4rO8ZHzqFGjYkHKpe0z2.I3c3Zj48V6',NULL,'2020-09-28 10:28:32','2020-09-28 10:28:32'),(1221,'ANANDA TRI AMELIA','7058',NULL,'$2y$10$zS6AsNUC3URtbhoRVNwz3OFcsWiAIdgx8qDg.oKZr.r0vmeUM3ykK',NULL,'2020-09-28 10:28:33','2020-09-28 10:28:33'),(1222,'ANGELICA LIDYA SOESANTO','7059',NULL,'$2y$10$PKWZw/lhPsR3Mw0xIQQbd.e1rkSn4JWS.Q63rWotaoyX4avYq85xK',NULL,'2020-09-28 10:28:33','2020-09-28 10:28:33'),(1223,'ANGGUN RIZKI PERMATASARI','7060',NULL,'$2y$10$Dwh64h3/3.lXziTDx1bkruDeqNItlPdMBfxIixxKGQJ307k.wCw3W',NULL,'2020-09-28 10:28:33','2020-09-28 10:28:33'),(1224,'DANDY RAKESRAY S KEMBAREN','7061',NULL,'$2y$10$UkcbS2QHIkop7zlWJ0mBDeBrZI.CaaQvXjQffOlTWRmsgRkZs4tmS',NULL,'2020-09-28 10:28:33','2020-09-28 10:28:33'),(1225,'DEWINDA RATU EL FATIKA','7062',NULL,'$2y$10$reu4ryNrNmRtkgV2yguuxehsuGrHj8nPleyUcd4SGVtYnPt26m4my',NULL,'2020-09-28 10:28:33','2020-09-28 10:28:33'),(1226,'EGY SURYA HERMANSYAH','6809',NULL,'$2y$10$D4eOkDNMKvDXB8bBb9MZzOCUH3gIO.hlwhzy6zLkLSHVvNl.xn.iC',NULL,'2020-09-28 10:28:33','2020-09-28 10:28:33'),(1227,'ENGGAR AKHMAR NUGROHO','7063',NULL,'$2y$10$IUwT6hgW1btEYktWb81.AORQVa5gHCjAc6L04V.i9lwxxg6q5dAS.',NULL,'2020-09-28 10:28:33','2020-09-28 10:28:33'),(1228,'FATIKHA CAHYA JANNAH','7064',NULL,'$2y$10$DsxQFkbvwUugnTdIxwmXMO/Uz24KCfW5Bpz/jNKLfg7KBRr40ZXQe',NULL,'2020-09-28 10:28:33','2020-09-28 10:28:33'),(1229,'GHINA NASYWA KAMILA','7065',NULL,'$2y$10$Y1yMu2/VQrlMr7HiolLHxeDuz7qxgeP4zY2f3IaAlON6N0fRdnfJW',NULL,'2020-09-28 10:28:33','2020-09-28 10:28:33'),(1230,'HAMALAH AUNIL ILAH','7066',NULL,'$2y$10$Xf33lxrkKxBJOjpBWV6xmeHv996DtKQlo2D.l1HS5VRnDC9FHHTNq',NULL,'2020-09-28 10:28:34','2020-09-28 10:28:34'),(1231,'IMROATUL AULIA','7067',NULL,'$2y$10$9MyPQKx.v6fGdxCFuJlMceUspa05jrZcbuhNRUbD2FUzOEVM3yIB6',NULL,'2020-09-28 10:28:34','2020-09-28 10:28:34'),(1232,'IQBAL MAULANA','7068',NULL,'$2y$10$xbLlG34h5smmJDvq8vKCguDd1iwMjc2pxLH9GO/s754UBsHnT2K4y',NULL,'2020-09-28 10:28:34','2020-09-28 10:28:34'),(1233,'JALU MALCOLM SATRIA','7069',NULL,'$2y$10$r5DS967fo963q/sGTZOjsuf8WBATyg/42GjjfR551NOstSbvHnQG6',NULL,'2020-09-28 10:28:34','2020-09-28 10:28:34'),(1234,'JEDIDAH CARLA ETHEL NANLOHY','7070',NULL,'$2y$10$eAirfPSanjCyj.XqpIpQ2OYQtcmDf8OnYhb3hHL8sQ52tdMoN0ElK',NULL,'2020-09-28 10:28:34','2020-09-28 10:28:34'),(1235,'M. FADHIL KUMAR','7071',NULL,'$2y$10$36SovGhCeqjaHRJ3tCQRrOo2bMYCsf5gPKSMZBdSCQyBKQXHxSGE2',NULL,'2020-09-28 10:28:34','2020-09-28 10:28:34'),(1236,'M. MUFID ALI KURNIAWAN','7072',NULL,'$2y$10$hoZ.qb0IkFbb3VedwPD9Pe.4qfIjq/ROIb07tb6jbrQ1hhJbLvnTS',NULL,'2020-09-28 10:28:34','2020-09-28 10:28:34'),(1237,'MOHAMMAD ADNAN KHOLIZ NUGROHO','7073',NULL,'$2y$10$CoHW6mmugVqKZXyN3Jje4OhIf07M.14TkrPASanv5S4syLVwNHBdC',NULL,'2020-09-28 10:28:34','2020-09-28 10:28:34'),(1238,'MUHAMMAD FARREL ABIGAIL','7074',NULL,'$2y$10$KvKgTGd.mGO6B/vgp6ze0OhQ0EvT/CcGtcn..B4DS1ayDx646YDc6',NULL,'2020-09-28 10:28:34','2020-09-28 10:28:34'),(1239,'MUHAMMAD RIFKI SETIAWAN','7075',NULL,'$2y$10$QrALqjoWXOamH/9fOc.TGuaKntwIG7uUMUaSkq3zyWB5CvNLVESC.',NULL,'2020-09-28 10:28:35','2020-09-28 10:28:35'),(1240,'NAJWA LATHFA ASHILA','7076',NULL,'$2y$10$eB3IBdEEDF4gMBCOhmR75OrmbSlSE7Zy25sxQspmyNkroRhZH/jLi',NULL,'2020-09-28 10:28:35','2020-09-28 10:28:35'),(1241,'NAWAL MAHDALUL HAMIDAH','7077',NULL,'$2y$10$/MsSIo1TXKUMQIX2SyztHexkd1rx5wKZbo8scOQ1zla712TteUaPS',NULL,'2020-09-28 10:28:35','2020-09-28 10:28:35'),(1242,'NOVITA ARISTIYA WIJAYA','7078',NULL,'$2y$10$e7.cd8DDTW/WpnfMYVGDwuccPFswqdzv/z.fHL0Z/rcnq26VzhQUK',NULL,'2020-09-28 10:28:35','2020-09-28 10:28:35'),(1243,'OLIVIA AZAHRO','7079',NULL,'$2y$10$9mOp5tRMkyhVumvSKPBUw.8fms9JrLE5JU59.yNuRzsy2JKzP7gFu',NULL,'2020-09-28 10:28:35','2020-09-28 10:28:35'),(1244,'PANJI PRADANA YUDHA SAPUTRA','7080',NULL,'$2y$10$6r71P0PGD6joRDSbzSjfpey05xv54JAm6RJZtKedC310FC7MwCM7y',NULL,'2020-09-28 10:28:35','2020-09-28 10:28:35'),(1245,'RAMA ALDIANSYAH','7081',NULL,'$2y$10$51Vyryu/HhL7Dko0.vPnPea8fnJsgpC01O/R94pruvfXT9V2RpLnK',NULL,'2020-09-28 10:28:35','2020-09-28 10:28:35'),(1246,'SALSABILA MEITA WULANDARI','7082',NULL,'$2y$10$MjGqIiK1ev08VCEg3D0R6.VVe.qCDYPjJ/05U3Ch3yI9Oe86s0..C',NULL,'2020-09-28 10:28:35','2020-09-28 10:28:35'),(1247,'SALWA NASYWA NABILLA','7083',NULL,'$2y$10$DMrCbqpiTZXdFXmQF6ssVuxfpjb/dFf/nj6pPYb0/FJDxG5fHD9rq',NULL,'2020-09-28 10:28:36','2020-09-28 10:28:36'),(1248,'SEPTIAN GILANG PAMUNGKAS','7084',NULL,'$2y$10$jD7BosMW4.VLxj3/67/sheEfTcoASma6qBgAs3xsQHBbjHEXWxQt6',NULL,'2020-09-28 10:28:36','2020-09-28 10:28:36'),(1249,'SYA\'BANA SALSABILA RAMADHANI','7085',NULL,'$2y$10$zTU3ZbOfF7c7aTzpEfFL2O4xuw6.EyQKwNztoUcjgEpKTv0g4abpW',NULL,'2020-09-28 10:28:36','2020-09-28 10:28:36'),(1250,'TALITHA SAFA AZZAHRA SUPRIYONO','7086',NULL,'$2y$10$Xj76V9ilneHUDxmlfU5h2.7LJi9CKNrjMQd53wIQEmHv/eAuOl2je',NULL,'2020-09-28 10:28:36','2020-09-28 10:28:36'),(1251,'TRI DYAH KURNIASIH','7087',NULL,'$2y$10$6kPqEQwrGKGefyFfuu7BBuE4KJ5.L9ovrFvgLDr1ZUwClNYY7SJnO',NULL,'2020-09-28 10:28:36','2020-09-28 10:28:36'),(1252,'YEMIMA GABRIELLA','7088',NULL,'$2y$10$76xFbr77Xc1sKcwnaLq/See4t8oNpffWjewr3rzOP12LRXVA01pd6',NULL,'2020-09-28 10:28:36','2020-09-28 10:28:36'),(1253,'YUDIT ROVALINO','7089',NULL,'$2y$10$QAUguW.tVwCJhFWSMQuQVeyL5smo8JBAhOdXe1EoYodBHTma.o9OO',NULL,'2020-09-28 10:28:36','2020-09-28 10:28:36'),(1254,'YUNITA SETIANA','7090',NULL,'$2y$10$g0JCTBwM5S12h.TSG8de1uIkvz7E6CwJkfGlvMwQO/cI9SkwO.8KK',NULL,'2020-09-28 10:28:36','2020-09-28 10:28:36'),(1255,'ADRIAN PRADANA RULLYANTO','6696',NULL,'$2y$10$2mdRIGi4j3.cfJV7yIby8.EOdy3hh9ZAuPDY8txtps9h3Frv9M2X.',NULL,'2020-09-28 10:28:36','2020-09-28 10:28:36'),(1256,'ALDISAR GIBRAN','6661',NULL,'$2y$10$PnWCdMKyZSJ4gcMl.Y2aZeKQP5GYCvqvxRqll9nrTJ.9JCGx173Z2',NULL,'2020-09-28 10:28:37','2020-09-28 10:28:37'),(1257,'ALENA YASMIN AZZAHRA','6662',NULL,'$2y$10$7WiHK7sk3r5u92mQJ0ReCug3Hi1.jbh19Loy/rEJ0arIMvLVGjKnK',NULL,'2020-09-28 10:28:37','2020-09-28 10:28:37'),(1258,'ALIFIA BUDIYANI','6626',NULL,'$2y$10$AcVGvehgMlO4dxua6FVGZusgQmwxBVylVPGVCwBbo1X9fQYtuclKO',NULL,'2020-09-28 10:28:37','2020-09-28 10:28:37'),(1259,'ANDIKA TRI PRASETYA PAMUNGKAS','6737',NULL,'$2y$10$XU2zbk6.OGnYbuXyibpRQOMwqBjNB4UFc1QR4RIBj/TSfs7kgarQS',NULL,'2020-09-28 10:28:37','2020-09-28 10:28:37'),(1260,'AUFA MUHAMMAD ISYFA\'LANA','6664',NULL,'$2y$10$v7lIVzFbUGsia3ogfdOgnuFF2Gb7O1X3op0VSe1LVYxIoWe2yJ0.a',NULL,'2020-09-28 10:28:37','2020-09-28 10:28:37'),(1261,'AYU MUTIARA AULIA','6702',NULL,'$2y$10$ktKEMy3iYWXJPrrvb83LNuDQeR10VjGrfGXwoLn0BtH3biHxX44Ne',NULL,'2020-09-28 10:28:37','2020-09-28 10:28:37'),(1262,'BENNY MUHAMMED EDRES','6630',NULL,'$2y$10$T8OBF2QA45w0.gUvWkL3zet.b7/qYdJ4Xe5cdK3V0ByxNb3bF7LSi',NULL,'2020-09-28 10:28:37','2020-09-28 10:28:37'),(1263,'CAHYA DWIKI HARISTYA','6631',NULL,'$2y$10$Vejzt1O.qrUYCWQbechSpuZaW0ThJVz0UQFl82.8XjiluEulnOKri',NULL,'2020-09-28 10:28:37','2020-09-28 10:28:37'),(1264,'DAVID VIERI PURWANTO','6665',NULL,'$2y$10$.vs4qNmuWu/u.Culo3783uedccOurwNKjimP9fza7VXAeDakAHe26',NULL,'2020-09-28 10:28:38','2020-09-28 10:28:38'),(1265,'DEA SEPTI ANGGREINI','6704',NULL,'$2y$10$3XX4KHD3qCu.f1ZKXVBGgeRy/Wk9ybvxJk3o443J2VGxmLEczB4g2',NULL,'2020-09-28 10:28:38','2020-09-28 10:28:38'),(1266,'FAZA MUNIFAH','6707',NULL,'$2y$10$9bkkL5RJT46r8yoTxkXcfOiBXYzwhGHAgy/vr1l/k.0SzUiUeQEPi',NULL,'2020-09-28 10:28:38','2020-09-28 10:28:38'),(1267,'FRETI NAFA SAPUTRI','6669',NULL,'$2y$10$3cHTdm.oD9wCO7LFncn4/OpiXBNpODx0hBt/M/4PU2fxK7cBx/GcO',NULL,'2020-09-28 10:28:38','2020-09-28 10:28:38'),(1268,'GAINDRA ARTAWAN KUSDARMONO','6670',NULL,'$2y$10$TtjmgQK80mFI.IJQVvGx5OTBK2d0m287Zoux9UDcGuhy8y3GPDfHO',NULL,'2020-09-28 10:28:38','2020-09-28 10:28:38'),(1269,'HANNA HAYU NIF\'ANA','6708',NULL,'$2y$10$BzQEFWiIoSLb/3EG74G1QeH60akQHVjG.6jS5IEhx.oqOf2Tl3mle',NULL,'2020-09-28 10:28:38','2020-09-28 10:28:38'),(1270,'HASNA DEA RISTIVANIA','6672',NULL,'$2y$10$QY55G1aBTFKCJ.Umc8xOHOvJlI.sC24PqNbZfjXfBGPjlcRGF8Ja.',NULL,'2020-09-28 10:28:38','2020-09-28 10:28:38'),(1271,'HIKMAH ALFITRIANI','6635',NULL,'$2y$10$CRCiMX.iLI3QDaSFSWjVTupKCUR9QjgsD0tu7HaSjjT9/drnhaCBG',NULL,'2020-09-28 10:28:38','2020-09-28 10:28:38'),(1272,'KARINA ISMADILLA','6744',NULL,'$2y$10$pbba/3ZImtnOvNCw1hFha.m8hZJ28unMiw8TRsFsrgG8QFh1of1zm',NULL,'2020-09-28 10:28:38','2020-09-28 10:28:38'),(1273,'KARTIKA AMELYA AMIN','6676',NULL,'$2y$10$9rVv4vr9ohplik0vcFJva.isFzIahrWOOvRVCgdZq5hUD0XiaADrq',NULL,'2020-09-28 10:28:39','2020-09-28 10:28:39'),(1274,'MARSHA FEBRINA NOORSY','6678',NULL,'$2y$10$.CKa4fqdju0jShhryN/qveAKMT5DCKjGdUE5OFx35a6zR.XEgbMtO',NULL,'2020-09-28 10:28:39','2020-09-28 10:28:39'),(1275,'MUHAMAD IVAN ASHIDDIQ','6715',NULL,'$2y$10$TUvCalCVr2Au2Vmc8YsAPua5zeGlZ7YQ0Qvt2Rbd04NfbTm3Gxqgi',NULL,'2020-09-28 10:28:39','2020-09-28 10:28:39'),(1276,'MUHAMMAD ARIF DANENDRA','6747',NULL,'$2y$10$K7agOtHexT7N7KG6baT5COi7Xy9YGV.mw4nk4hHmhEtLlqop2OtEG',NULL,'2020-09-28 10:28:39','2020-09-28 10:28:39'),(1277,'MUTIARA RAMADHANTI','6610',NULL,'$2y$10$1/ExxJM7TjVp2v3bqlDaWuFc45hZcaPY.XJ59XtybEt7btfQOV9pa',NULL,'2020-09-28 10:28:39','2020-09-28 10:28:39'),(1278,'NABILA PUTRI LARASATI','6611',NULL,'$2y$10$x4qONHjgJt8EajcjCSTkFuBPqyTTC4.F05UhTLDC4EXyM2SKKmNDy',NULL,'2020-09-28 10:28:39','2020-09-28 10:28:39'),(1279,'NABILATUNNISAA','6643',NULL,'$2y$10$ZOkFLm6A65QsG/XDCx/8CemYD6p4r4LZDp8tXNovjtfj9Na0E1/r.',NULL,'2020-09-28 10:28:39','2020-09-28 10:28:39'),(1280,'NATHANAEL SANTOSO','6749',NULL,'$2y$10$ZzUjn6usHAtHIOQSqNRBROf26HGVkMNXFO1z9MjPZQ.1bxH0eGQxa',NULL,'2020-09-28 10:28:39','2020-09-28 10:28:39'),(1281,'NINA RISKI INDRIANI','6613',NULL,'$2y$10$i8yyqXEiwFJ4u21V8qSVRe0ik4SdNQkV.JH6iCQHUeWSBWoLQNAVu',NULL,'2020-09-28 10:28:39','2020-09-28 10:28:39'),(1282,'NURAYUNING SEPTIANA MEGANANDA','6725',NULL,'$2y$10$srfjl36OMVnIOLkaX20kfO3gdTW9Av0fWeNa51A65Eyse229nolpq',NULL,'2020-09-28 10:28:40','2020-09-28 10:28:40'),(1283,'NYAR OSMI ARIANTI','6684',NULL,'$2y$10$xTqUo4hovN8umUUsH0akR.jIhjK2.wfr5t9mh1qBf80uvCov3ljWi',NULL,'2020-09-28 10:28:40','2020-09-28 10:28:40'),(1284,'PESONA BIAS PELANGI KARINA PUTRI','6645',NULL,'$2y$10$BBW5x0g8Ghee5s9g9sxmS.Tydi7mPoBcCKJPxN9uK5GZdnGziU3C.',NULL,'2020-09-28 10:28:40','2020-09-28 10:28:40'),(1285,'RAYHAN NANDA ADIPRAMANA','6727',NULL,'$2y$10$YA8P8X/.UGy.q9xVl3ztsuwgOoOasXwXYUpD6V.ThVGYvZdO4SVa.',NULL,'2020-09-28 10:28:40','2020-09-28 10:28:40'),(1286,'SAFIKA MAULIDA AZZAHRA','6619',NULL,'$2y$10$1dK1fxp8F52wQevOxcvD3eAEKAxBhTRObmoiaibLBQZ4MZJBvG.Dy',NULL,'2020-09-28 10:28:40','2020-09-28 10:28:40'),(1287,'SANIA NAJMA ROSYADA','6689',NULL,'$2y$10$VxIYp8hPRrcxA4f4oAqO9uQzaRcqsdoFx6VkKKhatTWnH6KK0K1Ce',NULL,'2020-09-28 10:28:40','2020-09-28 10:28:40'),(1288,'SYIFA DESNITA','6620',NULL,'$2y$10$s.dgPDdqqDjWITWXLgUSjeMZ9jP9gR7PGCcq9sys3f0/VvJhc3qMS',NULL,'2020-09-28 10:28:40','2020-09-28 10:28:40'),(1289,'TOHA ARROZAQ','6621',NULL,'$2y$10$SPCpyW3sUWJqL9fqdOFcuuAIm3/mvXzSBmUXzyjbUzl6DPcMPy9Hq',NULL,'2020-09-28 10:28:40','2020-09-28 10:28:40'),(1290,'VITA RAHMA ANINDYA','6656',NULL,'$2y$10$sjK20PfXuFknFk84DAkRDegICKpDXN6y/GQV0eUQZCaFq//u/iN.e',NULL,'2020-09-28 10:28:41','2020-09-28 10:28:41'),(1291,'ABRAM DILLON SUGIANTO PUTRA','6731',NULL,'$2y$10$hPLSpl/Nu4MebxkgRqhXkeFiTacarxahki0S3cmSq4vxpE1kWE9JG',NULL,'2020-09-28 10:28:41','2020-09-28 10:28:41'),(1292,'ABYAN YURDIN KAMAL','6624',NULL,'$2y$10$.W9ArcGZSZqdaGyGOPC4y.s4kMo36Rj3LgRx5jzkRdOzO/QDVJafW',NULL,'2020-09-28 10:28:41','2020-09-28 10:28:41'),(1293,'AGNES ANGGRAENI','6589',NULL,'$2y$10$JAvD9LYxA/yIH6MuTdtqw.nbAUo7JDJu5OEFKqN4FBZVWozOT0hUG',NULL,'2020-09-28 10:28:41','2020-09-28 10:28:41'),(1294,'AINUN MUFIDAH','6734',NULL,'$2y$10$htjUatjiQsqQl.iIyJb2Pu4k/v9WecQQPLCVUgdhxw6Us8xS6VcVW',NULL,'2020-09-28 10:28:41','2020-09-28 10:28:41'),(1295,'ANISA SALSABILA','6592',NULL,'$2y$10$kZsBzGQNL0m0urJcm7X.QO9B3Fv8cF.zbNBcqNdxKqmrRmhItcd6a',NULL,'2020-09-28 10:28:41','2020-09-28 10:28:41'),(1296,'APRILA ANASTASIA FLOREAN','6629',NULL,'$2y$10$XVS1t.Bn78b/E6yBuZPpheRSKTwsSQjrAdd2hSKlD5iSW6yx8qU9a',NULL,'2020-09-28 10:28:41','2020-09-28 10:28:41'),(1297,'CATRINE GRACIELLA PUTRI PARHUSIP','6595',NULL,'$2y$10$2txbS1KAyK5uznD132YIB.Wg.vk22sC2flBFG8dKGOiIM8x30P/Se',NULL,'2020-09-28 10:28:41','2020-09-28 10:28:41'),(1298,'CETTA UGAMA','6703',NULL,'$2y$10$zR057K6sEjKHzmP0G//Kzui8cu01R.UapOlVNl0T0FNrlhGc80Rma',NULL,'2020-09-28 10:28:41','2020-09-28 10:28:41'),(1299,'DEVI SYAKIROTUL MAHFUDLOH','6740',NULL,'$2y$10$3B7fUQpv/3lwYkjKcrMeWeX/FOG.P88.a4YTyednONZudvhHQlH82',NULL,'2020-09-28 10:28:42','2020-09-28 10:28:42'),(1300,'DIAN RISKI SARASATI','6666',NULL,'$2y$10$C3Cu6Fs2k8q6MYKLQ8/vOOkek8/ehSat3uUQb0Do3dSI.z5GPgUjy',NULL,'2020-09-28 10:28:42','2020-09-28 10:28:42'),(1301,'DINA KAMILA','6705',NULL,'$2y$10$mF1FI5yrSToW9ihFS/kzHucTOEg.XujuIT3Re8KN.5Goyqdkj17vS',NULL,'2020-09-28 10:28:42','2020-09-28 10:28:42'),(1302,'ELSA ELLISYA RAHMAHADI','6597',NULL,'$2y$10$NdyrI/jzmBjS2TO7TNaLJ.dfTsJFVGH9H8NpXb4GLGNr2u8ggE6Q.',NULL,'2020-09-28 10:28:42','2020-09-28 10:28:42'),(1303,'FAUSTINA FRISKA SITANGGANG','6706',NULL,'$2y$10$cQVHobCpXa8y9vL0tY9TZeX0Vr.mGezkQH5WYCsbMZCAbYx663MhW',NULL,'2020-09-28 10:31:02','2020-09-28 10:31:02'),(1304,'FIJJAY NAUFAL AHMAD','6601',NULL,'$2y$10$fpvC6zr8KoPz3v3o0KF8wulv5Ajrx5.GvVFMdsrEqJpruAM.D9rDS',NULL,'2020-09-28 10:31:02','2020-09-28 10:31:02'),(1305,'ICCA FEBITA PRAMESWARI','6742',NULL,'$2y$10$MvK7Bizys8QE7ZKdx1KNceNHpFmCSucHY5HFFltYsnE/LVYkcQEB2',NULL,'2020-09-28 10:31:02','2020-09-28 10:31:02'),(1306,'IRFAN RAMADHANI','6602',NULL,'$2y$10$tnIEhJGyrVQ.co0vjhDB7eo0roHmmYInV0w314AC.K1om5p1Pvkv.',NULL,'2020-09-28 10:31:03','2020-09-28 10:31:03'),(1307,'LUTFIYAH','6677',NULL,'$2y$10$4tHUTt4WnNvBm9LHP5OvGeuiauiYuW7X2qkXVqyzcZqHiBlyFT7na',NULL,'2020-09-28 10:31:03','2020-09-28 10:31:03'),(1308,'M. INDRA ADI KUSUMA','6605',NULL,'$2y$10$aeSwSrGoerW0LKEQj/o2aOnPbW4aGSQTlPfntVlZOLIjAODHUGfqm',NULL,'2020-09-28 10:31:03','2020-09-28 10:31:03'),(1309,'M. NAUFAL KURNIA RAMADHAN','6606',NULL,'$2y$10$ePivmB2HMY9jd/GkY22oW.FU7r/JjbWM0ovxyCkaxxPtW2pFLc4ri',NULL,'2020-09-28 10:31:03','2020-09-28 10:31:03'),(1310,'MUHAMMAD ADIL SURYA','6680',NULL,'$2y$10$xKKH.5TK9jigvhmO.Mc6F.MxwjCTJtsszFnmIwtR.uA4gYo7zCSOW',NULL,'2020-09-28 10:31:03','2020-09-28 10:31:03'),(1311,'MUHAMMAD HUSSEIN','6681',NULL,'$2y$10$aUk8l6RmCIkvqj9uZtwGZe4Vu/2THrd7BU3IyABX0boRLQ6.jerjO',NULL,'2020-09-28 10:31:03','2020-09-28 10:31:03'),(1312,'MUHAMMAD IZZA AZKALHUDA','6717',NULL,'$2y$10$DRWAFO7q.DI8cm8BTI07iucBK2nIiOooFMr/tr3l30YZouUxteZxO',NULL,'2020-09-28 10:31:03','2020-09-28 10:31:03'),(1313,'MUHAMMAD KHANIF NAUFAL','6748',NULL,'$2y$10$mjijd6fBFsQk44hOzy0.ze5aSGjfs5aLIOoPMeFIOZpyDFWe9UZsW',NULL,'2020-09-28 10:31:03','2020-09-28 10:31:03'),(1314,'MUHAMMAD WIJDAN ANARGYA','6719',NULL,'$2y$10$BeiVyvf/.TRimDt/5vaxCu7tltiiGLgjCMAR0XNTn8IqPl0.dOUdS',NULL,'2020-09-28 10:31:03','2020-09-28 10:31:03'),(1315,'NATHANIA TRIXIE LIYANTO','6750',NULL,'$2y$10$aiApdJvb5J7ZGRCZSZu5seuDXt1wUerg7ad8BmKOo7UdhxHevGPvm',NULL,'2020-09-28 10:31:04','2020-09-28 10:31:04'),(1316,'NIA NURUL IMANA','6683',NULL,'$2y$10$LwXDn3puHcImUFhNO7R0JeJ2jwH6jmGcs/i6tVJtATMcWxwn8.A.u',NULL,'2020-09-28 10:31:04','2020-09-28 10:31:04'),(1317,'PUTRI NABILLA','6726',NULL,'$2y$10$7TXC6NsGGrmweVSxudsW..lDv7iBNRYEkPnWQXJf0OKnhOG3FGFgu',NULL,'2020-09-28 10:31:04','2020-09-28 10:31:04'),(1318,'RIFKA ELYSIA RAMADHANI','6728',NULL,'$2y$10$nroGeTNl15799TnrdU48iOcUDwlShRzFeGaNhPDRef8CUgwujY6mu',NULL,'2020-09-28 10:31:04','2020-09-28 10:31:04'),(1319,'RIYAN ADRIAN WIJAYANTO','6758',NULL,'$2y$10$cL9Fh9mSaxnmP7KyuXXlmee.br2e9Ws13gEHM7plVlBvZ4Ygq7vNG',NULL,'2020-09-28 10:31:04','2020-09-28 10:31:04'),(1320,'SABILA AHMAD','6759',NULL,'$2y$10$79Gf0UFyl7L3cG1erzNE..cv6by9AauVe5F5Wf4Y7bgojiFGQk.2a',NULL,'2020-09-28 10:31:04','2020-09-28 10:31:04'),(1321,'SALSABILA CAHYA RAMADHANI','6762',NULL,'$2y$10$BiuaAKKutwpCpOxcxNX/wuz20oxBELVIueftp5s.RzHZ/tK3K2eme',NULL,'2020-09-28 10:31:04','2020-09-28 10:31:04'),(1322,'SEKAR ARIANI QISTHIA','6690',NULL,'$2y$10$jHK8SOxyKmeYUFA5j1FOo.NRJscjTO5ZU1diRtzBTdr9OtYbnPsdS',NULL,'2020-09-28 10:31:04','2020-09-28 10:31:04'),(1323,'SELA RISQI PUTRI WIBOWO','6652',NULL,'$2y$10$jBmUtRWgwlxOrw7fhSCEGOkfhAjdGcTgH0H9GaXYLEdWPU/mlZVcm',NULL,'2020-09-28 10:31:05','2020-09-28 10:31:05'),(1324,'SITI ANDRIANIS','6653',NULL,'$2y$10$t5fJAjBwwSh9F/1a4MM.e.sWf2KVTUM.dIozEv3tSYna0yXWV5o92',NULL,'2020-09-28 10:31:05','2020-09-28 10:31:05'),(1325,'SURYA LESMANA','6654',NULL,'$2y$10$Mdo/Qe/1TkBuWdlOgJf9JOhSzK6LP.mI9Cd8JKmMtPhLhXGUiLCs2',NULL,'2020-09-28 10:31:05','2020-09-28 10:31:05'),(1326,'YUSMALIA FAJRI TANAYA','6694',NULL,'$2y$10$DvEuQ5o.rsxmsmwbxXgjtOjTFxgHpdKao/dhorK4CkM/5UMHYYc/2',NULL,'2020-09-28 10:31:05','2020-09-28 10:31:05'),(1327,'ABSANA MUTIARA NABILA','6659',NULL,'$2y$10$tfE5VqI3sbIGpsCSloe7/eWidNzZyP.MRuOTv0StR3JenuZBcKZoG',NULL,'2020-09-28 10:31:05','2020-09-28 10:31:05'),(1328,'ACHMAD IVAN YUGAVA','6695',NULL,'$2y$10$YL3CDON5GHmo2OAxk6VW9uEuLAkI/hGQukS3eEjlud6hXaSMYtYu.',NULL,'2020-09-28 10:31:05','2020-09-28 10:31:05'),(1329,'ADELIA PUTRI YUNITA','6588',NULL,'$2y$10$Ej.smMCuPxMZi5S867vOpuuA5GJr6OxDFvcYBcf4pbapbPYJ7U4am',NULL,'2020-09-28 10:31:05','2020-09-28 10:31:05'),(1330,'ADHE IMAN NUGRAHA','6660',NULL,'$2y$10$F.TfWtrv0o3mPvUpHOTSceqT9hyKSwgnonqoH2VVYUL6TsI/A5Jnm',NULL,'2020-09-28 10:31:05','2020-09-28 10:31:05'),(1331,'ALIKA RISQI HANDAYANI','6697',NULL,'$2y$10$5xMLSUoxCqHbyP1e4p1u0OQ5DlQ3SgHCvYg/fs6gqrTt5j8u5L3iK',NULL,'2020-09-28 10:31:06','2020-09-28 10:31:06'),(1332,'ALLYA SOFIANA ASSYIFA','6663',NULL,'$2y$10$IiilH13vEkbqvGUltojo5eH1mzjW8kstzNE5BYbUg4Dw5Gfq2ggcG',NULL,'2020-09-28 10:31:06','2020-09-28 10:31:06'),(1333,'AMANDA PUSPITA SARI ARIFIN','6698',NULL,'$2y$10$FTsdNCP5PyYlv.YEWu.NeeECCnY1WNNVvdAOfQe/vfa6lyKBJPbPC',NULL,'2020-09-28 10:31:06','2020-09-28 10:31:06'),(1334,'APRILIANA SHELMA KARAMI','6699',NULL,'$2y$10$gaqdsaL3reBNXJdOTCIAkeXFKAYPXqE2QjpIF0X7cCPimJ2NglRgS',NULL,'2020-09-28 10:31:06','2020-09-28 10:31:06'),(1335,'AZANZI BAGUS PRATAMA','6593',NULL,'$2y$10$aHDvb2PMI2NRyBRcGj1IouzBUEpeB1M9Q/AHRbsVwNdYAvBuOwBHW',NULL,'2020-09-28 10:31:06','2020-09-28 10:31:06'),(1336,'BELA SABRINA','6594',NULL,'$2y$10$aXiopF4v/L4EX1MmTs5bOeK1mbTROU7qbGe2DrNkvA9kRGB8clnla',NULL,'2020-09-28 10:31:06','2020-09-28 10:31:06'),(1337,'DIMAS ADI PANGESTU','6667',NULL,'$2y$10$4BM11lI5nPdIu/dlQS6Bf.kSV12.3mgUEEPIsi8N2HT46JmzvKDoK',NULL,'2020-09-28 10:31:06','2020-09-28 10:31:06'),(1338,'EUNIKE SEFIANI IRAWAN','6633',NULL,'$2y$10$TdcuvBQyKhQWTdLQaGQwC.H8WQDGyTEdFv8.TgJFiJQp1JNp.lnVW',NULL,'2020-09-28 10:31:06','2020-09-28 10:31:06'),(1339,'FELENA DINDA SENTIKA','6600',NULL,'$2y$10$EWWUP/goHDREae7xabk0Ru5UxZ.sfZcRN5gFYp//omSPvBZaPhc4O',NULL,'2020-09-28 10:31:06','2020-09-28 10:31:06'),(1340,'KAFIN AKBAR','6743',NULL,'$2y$10$N5aNejKrd5/q3US/xPlfNOd4gfjxyaSJk7Gd/kHBy/kKflAMFASwy',NULL,'2020-09-28 10:31:07','2020-09-28 10:31:07'),(1341,'LIA AGUSTINA','6711',NULL,'$2y$10$xXZBA18jJoRSpXg7m1g4ne0mNmbPNZB/lsth.suOYoEXcG3kQG2c6',NULL,'2020-09-28 10:31:07','2020-09-28 10:31:07'),(1342,'LULUK RAHMAWATI','6712',NULL,'$2y$10$u2mk1Zs5ni5PPxvm8QxHuuIluKi9yDPwTRWy6mnbC7M6jk.Uy2fni',NULL,'2020-09-28 10:31:07','2020-09-28 10:31:07'),(1343,'NADYA MAYLA PUTRI RAHMADANI','6722',NULL,'$2y$10$xX2ptKAaOinIc6ZtHNwIpuFFYlCZpTMzfoDrakzewg/4zTcTIIzgC',NULL,'2020-09-28 10:31:07','2020-09-28 10:31:07'),(1344,'NAJWA AULIA','6723',NULL,'$2y$10$wd1aiydCgeOgmmgU006v.uN4YsiG6NSyhCDDXj2cU7XLVNzKcqzbO',NULL,'2020-09-28 10:31:07','2020-09-28 10:31:07'),(1345,'NAYRA ARDANIA','6724',NULL,'$2y$10$z9QurqB32FZIFqiPQDwLj.soIECoQi45hPldKCA9BNmXSNTwNMbu6',NULL,'2020-09-28 10:31:07','2020-09-28 10:31:07'),(1346,'NILAM LINGGA ASTRYANI','6751',NULL,'$2y$10$gqyOqiNgClda2eX3ygcqqe1Lp4o/jfmkXX/JvO8w2OkmLxt6zipG2',NULL,'2020-09-28 10:31:07','2020-09-28 10:31:07'),(1347,'NUR AINI HANIFAH','6752',NULL,'$2y$10$y.QYMKnfHci/L40h2Mdha.5H/1n0cVY2wMoElB.p7U/0JSiJTlhcO',NULL,'2020-09-28 10:31:07','2020-09-28 10:31:07'),(1348,'PUTRI AGNES CANDRANINGTYAS','6614',NULL,'$2y$10$1MhGjTrBEQiLDoijG5OafuUdqP.Vnm3P.rMNSropsVnAkbBr/zSEG',NULL,'2020-09-28 10:31:08','2020-09-28 10:31:08'),(1349,'RACHEL SAVITRI','6755',NULL,'$2y$10$PBqRiLMs/4BKFc0kzsDM4O4kwx7Su6ScW52hGEGQ5LoBsvos3G3Ru',NULL,'2020-09-28 10:31:08','2020-09-28 10:31:08'),(1350,'RAYKHAN ZULFAR MUSYAFA\'','6685',NULL,'$2y$10$SKGa5Dhl3SrVQylfgLswHOq/XmmhEBscjN9jGpV5Qon0HKMKzunjS',NULL,'2020-09-28 10:31:08','2020-09-28 10:31:08'),(1351,'REGITA AULIA KHANAFI','6615',NULL,'$2y$10$ieWkhrHD62H7yQRKvBxsPOnX6bU5mlGX781lLwdxfEYhNRDXUEiXO',NULL,'2020-09-28 10:31:08','2020-09-28 10:31:08'),(1352,'RHEZNANDYA PRADIPTA','6616',NULL,'$2y$10$vqM2EFEKOI2zFzSUsDWaQ.6zaAHwkY7roKxCo5x7RPUMFUGNwoXEe',NULL,'2020-09-28 10:31:08','2020-09-28 10:31:08'),(1353,'ROSI ELSA MARIANA','6650',NULL,'$2y$10$TsXmllKad/V3ETXPkeYbWef9ajjbNGw6u6cWBXAtXa6QNzERb6.2a',NULL,'2020-09-28 10:31:08','2020-09-28 10:31:08'),(1354,'SABRINA WANDA OKTAVIANI','6760',NULL,'$2y$10$JUIT/DWN2t6ND8F4aFIrJ.WsXZcVE6c6NQdU7Di7hVuK24d..0VSm',NULL,'2020-09-28 10:31:08','2020-09-28 10:31:08'),(1355,'SAHPUTRA DIMAS PRAKOSA','6761',NULL,'$2y$10$ev06q2D/2yOkJwMVhU7NpeEqAf74puQWvpZcf0hvF7PVTaaZyeG6a',NULL,'2020-09-28 10:31:08','2020-09-28 10:31:08'),(1356,'SANDY RIZKASOFA','6688',NULL,'$2y$10$Cua/VTbt9PRnLUcLcnwwtOIVLHcjP9Hv08s3NyzAgWDKv5r4EaUp.',NULL,'2020-09-28 10:31:08','2020-09-28 10:31:08'),(1357,'SARAH NABILA LAILA','6763',NULL,'$2y$10$AgkUBRegTaFozfOskGxxqegcP84zwajoP3p4v6tCL2GjJt47I2cme',NULL,'2020-09-28 10:31:09','2020-09-28 10:31:09'),(1358,'SHINTA AULIA MAHARANI','6691',NULL,'$2y$10$H43TZeXGsC4aDydO2sB1a.l47QQravw1DrbVq/E/Qt1lMyCr6FNra',NULL,'2020-09-28 10:31:09','2020-09-28 10:31:09'),(1359,'SYIFA AMALIA PUTRI','6692',NULL,'$2y$10$YT4v.wfpXsJ810prZXCSluqnoMXfZI0QNvA1q/rDKInZndF4SIaMC',NULL,'2020-09-28 10:31:09','2020-09-28 10:31:09'),(1360,'TRIFENA','6693',NULL,'$2y$10$QiB6FPUn5gODcwlBPuEuDuh/g7SQK0Y7KEvhm2YLU/YyGtn.Ksrvm',NULL,'2020-09-28 10:31:09','2020-09-28 10:31:09'),(1361,'WIDYA WAHYUNING WIJAYA','6765',NULL,'$2y$10$PBfp5.GZACe1sIVLjVkeneDQBH8Sl33MqEwVn84MgFy13w0CXCtvK',NULL,'2020-09-28 10:31:09','2020-09-28 10:31:09'),(1362,'YEREMIA NELSON KURNIAWAN','6657',NULL,'$2y$10$5Qz4PHbVNk0Sj327TzjqEuyENLTHZVatesrVanPENJoOtMTXOw.qe',NULL,'2020-09-28 10:31:09','2020-09-28 10:31:09'),(1363,'ADITYA YUDHA AL SYAFIQ','6732',NULL,'$2y$10$VLRvFt9DuzroqDXPZn7m9eCN0UABSyUOCOY3HJS13FRZs6tmwPXRC',NULL,'2020-09-28 10:31:09','2020-09-28 10:31:09'),(1364,'ADRIANO ABELIONATHAN','6733',NULL,'$2y$10$JxFuE/utuTgOR7bt1CpJSubaFuqWi76WzHcB0OyZw0n2zuY0VmrsG',NULL,'2020-09-28 10:31:09','2020-09-28 10:31:09'),(1365,'AISYA NURUL FALLA','6590',NULL,'$2y$10$VjZjvvIjhUR/YKaeamc7gOFcSSjbsRzb.QwuKLAQMCNhxaVDOU5dy',NULL,'2020-09-28 10:31:10','2020-09-28 10:31:10'),(1366,'AKHMAD RIZKI ARDISAPUTRA','6625',NULL,'$2y$10$ZFW0ViLBVxmyQkj3yqCxE.4bZI5z4Pg2/9hyi.7GHtxYkZbKokxUK',NULL,'2020-09-28 10:31:10','2020-09-28 10:31:10'),(1367,'AKMALA DINA RAMADANI','6591',NULL,'$2y$10$zniJ8bwwtL8Bew/2hYtFr.04A1.Rq1Ijo4XTVZC38ABbJGfNNpvOy',NULL,'2020-09-28 10:31:10','2020-09-28 10:31:10'),(1368,'AMIRUL NUSWANTARA ADLI','6627',NULL,'$2y$10$HGM1q9T2RWYp4139Eu1YN.ovZiiD5GugjHgR8U/Ua11Y5pEPckIkq',NULL,'2020-09-28 10:31:10','2020-09-28 10:31:10'),(1369,'ANDHIKA PERMANA','6736',NULL,'$2y$10$YOAhFoT1g1TFp7ktUgMEKeT991Rht2dM1YgNQfQRSpPMVhEgH/6mG',NULL,'2020-09-28 10:31:10','2020-09-28 10:31:10'),(1370,'AWFIYAH AGHNA WIDYANDHARI','6701',NULL,'$2y$10$pnewzbSBySvs95lI/nhMm.WULKqw.for3Jv.CS1nwcUFGhr/aQXP.',NULL,'2020-09-28 10:31:10','2020-09-28 10:31:10'),(1371,'CHANTIKA ARTAMEVIA','6632',NULL,'$2y$10$BLqcUvCNdIDiZ6IxiWmN/uqTi6o2RVA1TnlXCNg3nigMRxRlMRhd.',NULL,'2020-09-28 10:31:10','2020-09-28 10:31:10'),(1372,'CHELSY RACHEL DWINDASARI','6596',NULL,'$2y$10$56VVHdWuvPVYNmooPkxlNeCuTfvnbj/3a.JsHYJIcI1AFyBgRUfcW',NULL,'2020-09-28 10:31:10','2020-09-28 10:31:10'),(1373,'DIMAS RAHAYU SAPUTRA','6741',NULL,'$2y$10$iBtKE1xv6uU.4Gz566rnpeLjAIbmlE9hOgRlzCPNfgG.OSKrWwKY.',NULL,'2020-09-28 10:31:11','2020-09-28 10:31:11'),(1374,'FANINA HUWAIDA','6599',NULL,'$2y$10$XYQfaQEygDx3He.PRV6UQuoGSzpiXZQRYiKvhbJ8Yrhw6XboBiaCG',NULL,'2020-09-28 10:31:11','2020-09-28 10:31:11'),(1375,'GINA MUTIA NURROHMAH','6671',NULL,'$2y$10$2QoXGp92VKziQj82G0ytouSMue6oklPDcX5pqWRB9hjGpaaSbPVFq',NULL,'2020-09-28 10:31:11','2020-09-28 10:31:11'),(1376,'GITA FATIKASARI','6634',NULL,'$2y$10$gOlZy3Y34SojLq8gVvdiQ.F7FnXn1fcnioWXq6261CQJF3CsEoTbK',NULL,'2020-09-28 10:31:11','2020-09-28 10:31:11'),(1377,'HENDRA FEBRIA DAMARA','6673',NULL,'$2y$10$x82P51qHK38aa/m.j0GHheOe0cBJRlU6VQfgeFPJrtij7Ct87v1PO',NULL,'2020-09-28 10:31:11','2020-09-28 10:31:11'),(1378,'HILMY DANY RAIHAN','6674',NULL,'$2y$10$/mYdVxUo01az./2rm0D0LuH8AUQNQiFZ8p2SKvUvFHZc.2xxNPhmu',NULL,'2020-09-28 10:31:11','2020-09-28 10:31:11'),(1379,'HIMAWAN JOYO MAHARDIKO','6636',NULL,'$2y$10$9UDoH0q1g5LYre0BNCwVVeAkyxiynlKy0iSQ2nyA98sqoX7uFrnDG',NULL,'2020-09-28 10:31:11','2020-09-28 10:31:11'),(1380,'IMMANUEL NUGROHO','6710',NULL,'$2y$10$oJ2EhbBJ0pAta658l36tmu6W.8NN1k4mhGfW/rhbbRLb6Jr9rVgfO',NULL,'2020-09-28 10:31:11','2020-09-28 10:31:11'),(1381,'KURNIAWAN DWI SANTOSO','6637',NULL,'$2y$10$j0ZmsD74lq/miLdvBl7h8eWfIkyEvrfl/m6.gR2sZwo.9wa2a4l9O',NULL,'2020-09-28 10:31:12','2020-09-28 10:31:12'),(1382,'LEONARD CHRISTIANDRO NGORANUBUN','6638',NULL,'$2y$10$OLnNIvZNN0HEn.KU9D83YOHa1pe3s22HUn.ZS2qMN2FsUKnz7g/HW',NULL,'2020-09-28 10:31:12','2020-09-28 10:31:12'),(1383,'M. ARIEL AL-FARIZ','6603',NULL,'$2y$10$kG7B37LlTKP/dnumJVLiquYdhe0TdHQIky6h/MjdhLeNwuferRWXa',NULL,'2020-09-28 10:31:12','2020-09-28 10:31:12'),(1384,'MARISKA ANDINI','6639',NULL,'$2y$10$zwesWXIIAJEByK.m74Rtd.zvy3LhFaheEtYvxG3GM/JFoOompifoS',NULL,'2020-09-28 10:31:12','2020-09-28 10:31:12'),(1385,'MAULINA SALIMA BISMIKA YA ADZIM','6679',NULL,'$2y$10$ngRJLxfombMpRjYZ4NobLOmeCLrDe2fPjc8E7OhRptkaPwTznYoIO',NULL,'2020-09-28 10:31:12','2020-09-28 10:31:12'),(1386,'MOHAMMAD DWI IRZA RAMADHAN','6607',NULL,'$2y$10$1Mr6QkE1QQSDe7ifAes92ea9kJ17jj.4e1n.jzNHNmuhHCMQROvY2',NULL,'2020-09-28 10:31:12','2020-09-28 10:31:12'),(1387,'MUHAMMAD RIZQI WIJAYA','6609',NULL,'$2y$10$.zH3hpCBOAiyQGhb5CEQaeJbKZ2uT2vjYJ4Fg3/h7ArqN2Q5WRDPi',NULL,'2020-09-28 10:31:12','2020-09-28 10:31:12'),(1388,'MUHAMMAD SA\'AD NUR FATHUDDIN','6682',NULL,'$2y$10$eF4KhjY8yj4/z5TWFFuIluFt3l6oOjVjbTMErhubyqTdv.eZGINIa',NULL,'2020-09-28 10:31:12','2020-09-28 10:31:12'),(1389,'PUTRI AMALIYA','6753',NULL,'$2y$10$Vy1GpgEbDyUb8Ojc5195IeSyX7d22nImOKPOON7CINGMCiIb2fdWG',NULL,'2020-09-28 10:31:12','2020-09-28 10:31:12'),(1390,'RATU ARINI ASTARI','6648',NULL,'$2y$10$bZfgJf.GAKxa3kH3z.HHlOzXeP1zhXRuEp1XI761hJoYn/WS4TTaC',NULL,'2020-09-28 10:31:13','2020-09-28 10:31:13'),(1391,'RINA RAMADHANI','6686',NULL,'$2y$10$H1oMEMdhcap7Gsmn7IITUu8WWmivypafYZ/.sVrmqdQZAhg5KWAjC',NULL,'2020-09-28 10:31:13','2020-09-28 10:31:13'),(1392,'SABRINA ZAHWA KAMELIA AYUSTI','6651',NULL,'$2y$10$uKPYAJMv3a59FLcuMOVsV.COWY02622XaDWpvCWdcjBNdDMrOlPL6',NULL,'2020-09-28 10:31:13','2020-09-28 10:31:13'),(1393,'SIERA RADINKA','6764',NULL,'$2y$10$asazM38c5BqGZhedLI.5j.nPA.jAUu7hJp2LOiIQM5L6QN6riP18O',NULL,'2020-09-28 10:31:13','2020-09-28 10:31:13'),(1394,'SYAIDAH SUNNIYAH','6655',NULL,'$2y$10$.S/xncq67Yo3Vic9LaauTOMHR7m2s1O/vVJmA3cvz3bkOmlE67TGG',NULL,'2020-09-28 10:31:13','2020-09-28 10:31:13'),(1395,'TRI BUANA TUNGGA DEWI','6622',NULL,'$2y$10$xwRVfSFmD1zJX2j29pMAuOJWZXISogHXVRZG4B8NiGg53KgoXqu6i',NULL,'2020-09-28 10:31:13','2020-09-28 10:31:13'),(1396,'ZAHRRO NURSITA SARI','6623',NULL,'$2y$10$uTjrY9SSrnOAPhT6JvsC1uq5uu3BKbET5lzxIbKNE0wP2mliBgfIS',NULL,'2020-09-28 10:31:13','2020-09-28 10:31:13'),(1397,'AMALIA KUSUMA CANDRA DEWI PUTRIYANSYAH','6735',NULL,'$2y$10$uLZofFUouRn0JSDujzMMaOJwZfWuzZi1JdxC/V6NRqnJLzX1SJ8cu',NULL,'2020-09-28 10:31:13','2020-09-28 10:31:13'),(1398,'ANITA APRILLIA','6628',NULL,'$2y$10$cnTSqNHnaf.5kwiw2NU/Y.Q4fYAKvtNOckFPzIGLWxnt9sdjDtHau',NULL,'2020-09-28 10:31:13','2020-09-28 10:31:13'),(1399,'ARLYN KUMALA DWI HAPSA SULISTYA','6700',NULL,'$2y$10$vnIXVs.ZqF44JYPVYGQzzOTKEoRGaanEScWgGhA2o8vIqlSjyWCwW',NULL,'2020-09-28 10:31:14','2020-09-28 10:31:14'),(1400,'BALGIS RIZKI AULIA','6738',NULL,'$2y$10$nkKKUfguMksZe1y3t3XhyuhN4C4a11K9JuyLAYgSsbSSIYJhLdUXy',NULL,'2020-09-28 10:31:14','2020-09-28 10:31:14'),(1401,'BRIGITA ADEILLA ZERRIN NAVIOLA','6739',NULL,'$2y$10$sZsz6j/rPoaSf4PrXSfdxODxLUu83ecQLWyCl9fIn6UD3aMKBA8a.',NULL,'2020-09-28 10:31:14','2020-09-28 10:31:14'),(1402,'EVIE SUSANTI','6598',NULL,'$2y$10$wKQVpzg61aNmwo4z.ZvWluLZceiUdO8QB3ZrmyENqV6EaTxC440Oy',NULL,'2020-09-28 10:31:14','2020-09-28 10:31:14'),(1403,'FAREZA BALQIS','6668',NULL,'$2y$10$Cdbf/uTbfH990UOOm1HXSeeJNzvTU8/yJ0SXICLCJ2P4Yn6JLlApm',NULL,'2020-09-28 10:31:14','2020-09-28 10:31:14'),(1404,'HIDIER MANUMAYASA','6709',NULL,'$2y$10$37FVnHeG3iLzhHk79w8sGOrdrjHIVRsVMefD1EekzayIN2aUoDj5.',NULL,'2020-09-28 10:31:14','2020-09-28 10:31:14'),(1405,'IMTIYAZ SALSABILA','6675',NULL,'$2y$10$nS.5Um90lRCUaBXaPVAJc.6FBwXZsu5TI2EOv/2OzGwMja5TTgRwW',NULL,'2020-09-28 10:31:14','2020-09-28 10:31:14'),(1406,'M. ARTHUR WIJAYA','6604',NULL,'$2y$10$ASttrPNzHQ.Vg9s3fff7au6RC4uzF/m3n6psqDjKG30NwjLcf0tdG',NULL,'2020-09-28 10:31:14','2020-09-28 10:31:14'),(1407,'M. RYAN SETIAWAN','6713',NULL,'$2y$10$fkSoQaBotfIkuXb4ILptz.IygN7d6SOO9FmObjTiN./mC9ZkGPgqe',NULL,'2020-09-28 10:31:15','2020-09-28 10:31:15'),(1408,'MELANI LU\'LU\'A','6640',NULL,'$2y$10$qaxFCBy4coDti83rZtNSN.LrIvOjcn0OT1u583peuvS5SddORAhFO',NULL,'2020-09-28 10:31:15','2020-09-28 10:31:15'),(1409,'MESYA PUTRI HAPSARI','6714',NULL,'$2y$10$H2NOeMEK/oxy615It11XU.CGYa/iStSpyY0lEWMEte7.2muNsAavC',NULL,'2020-09-28 10:31:15','2020-09-28 10:31:15'),(1410,'MILADINNUR SALMA','6641',NULL,'$2y$10$0f9g4O0ZuEZ7ybDekJ8bjOnMCq4CdxyaqrH1IqycF0a99AKbcFKda',NULL,'2020-09-28 10:31:15','2020-09-28 10:31:15'),(1411,'MOH. HARISUDDIN ZUL HILMI','6745',NULL,'$2y$10$j3iMSAqRmPricYVvCWbAH.y3y5lb0UeYBvPOCLfd72Vpge1Y34WXS',NULL,'2020-09-28 10:31:15','2020-09-28 10:31:15'),(1412,'MOHAMMAD ADITYA NUGROHO','6746',NULL,'$2y$10$8PaQTxbHX5I6wnSaAkozC.Piaa48UTwCW7Vg7e2d31GTEequxiCHe',NULL,'2020-09-28 10:31:15','2020-09-28 10:31:15'),(1413,'MOKHAMAD MAULANA MAGRIBI','6608',NULL,'$2y$10$kxakeIydGkhFt2d7t5MK9OE0w2lcSSRed.oNSCarW6HlS8MBKuRbS',NULL,'2020-09-28 10:31:15','2020-09-28 10:31:15'),(1414,'MUCHAMMAD ILHAM NAJIB','6642',NULL,'$2y$10$3zUgsTiAZHeMHs5smO.P.ei6BSbvUSUJylnAdpVnovq4MHyV//Emm',NULL,'2020-09-28 10:31:15','2020-09-28 10:31:15'),(1415,'MUHAMMAD EPRILIANO SANTA ARWI','6716',NULL,'$2y$10$wxkNSEooYmNgwaR9cciKKOTrMRdlyI3OaAJ.jYNaJ8vkG93ysLNfm',NULL,'2020-09-28 10:31:16','2020-09-28 10:31:16'),(1416,'MUHAMMAD SHOBRI','6718',NULL,'$2y$10$V1jH/r5JMzVqwgHLYtAdBuEJTreB/1mgAvEinivTJIBqXykPpQJXS',NULL,'2020-09-28 10:31:16','2020-09-28 10:31:16'),(1417,'MUHAMMAD ZHAFRAN PUTRA PRAKASA','6720',NULL,'$2y$10$T6JevYZegrjtjwc4RTey9eJ3SUQbqSUmJyzscQcrtr4F/txSmNk9i',NULL,'2020-09-28 10:31:16','2020-09-28 10:31:16'),(1418,'NADYA CAHYANI PUTRI','6721',NULL,'$2y$10$ccHGFKZU4KU4Tu3HfZgSWOLc9iZ3NqIWpYeevOt4uKHDSrWQiHPF2',NULL,'2020-09-28 10:31:16','2020-09-28 10:31:16'),(1419,'NAELA SAADAH','6644',NULL,'$2y$10$0cVl44xK0P77wWevxlBIwupiMrbdPttOfxsuNbf0Cw.SLkYc57fkK',NULL,'2020-09-28 10:31:16','2020-09-28 10:31:16'),(1420,'NASYWAA ANGGITA RAMADHANI','6612',NULL,'$2y$10$9J2DykhmwpRbcwpwXEGJ/OkT3S9y0Mhto7yYTC71K7.bILz.FlQr.',NULL,'2020-09-28 10:31:16','2020-09-28 10:31:16'),(1421,'QONITAH NAUFAL DAHBUL','6754',NULL,'$2y$10$SdVJikQ8thVy0bi7kDbe1ud/aTSH7ZM9fWtTLwY44O57h/lXM1Cfy',NULL,'2020-09-28 10:31:16','2020-09-28 10:31:16'),(1422,'R. ALPHA MATIN ISTIFFAN PUTRA','6646',NULL,'$2y$10$9BVc3vBC8UUCzSLm9IYLO.9EMVk3l5bKtr/J2UTCzqHUgK5T5TbU.',NULL,'2020-09-28 10:31:16','2020-09-28 10:31:16'),(1423,'RAIHANU SHIFA MUSHAFA','6647',NULL,'$2y$10$z7J0Cqz7VflwIeLa/VDBnODm/zoXwErqHGOIT2hAEBPxumaaZhR1S',NULL,'2020-09-28 10:31:17','2020-09-28 10:31:17'),(1424,'RAISYA ERACHMIA NASTITI','6757',NULL,'$2y$10$eR1QoAdgfWJUxU5RMZrAou0QUanzdqkrD/nbLcxBWlUlUiU.fbpCi',NULL,'2020-09-28 10:31:17','2020-09-28 10:31:17'),(1425,'REYVAN AVERYL FARADANA','6649',NULL,'$2y$10$HrxF81s0T5h8Rg4RtAICouW.Bb7V3ftMwa6hllQpPeY4MNZcHD6Ba',NULL,'2020-09-28 10:31:17','2020-09-28 10:31:17'),(1426,'RIZIQ ASYSYA\'BANI','6687',NULL,'$2y$10$Bwjc.akco5e/.x7yQeJI6OVlYjaLRTyjSYrKc6ZnsVOykc8A63Uqq',NULL,'2020-09-28 10:31:17','2020-09-28 10:31:17'),(1427,'ROHIMA CHOIRUL HANA','6617',NULL,'$2y$10$43Y7ADDtOmYUEFu5OEgvluRz6a9vkFBzAFOjDPSmUPmxLDypwnPnC',NULL,'2020-09-28 10:31:17','2020-09-28 10:31:17'),(1428,'RUT SETIA HERAWATI','6618',NULL,'$2y$10$MR5I15lZcpZnSv4IFZID8u2btbzypLlnJbmLAAzIcbLCDOhukdY2.',NULL,'2020-09-28 10:31:17','2020-09-28 10:31:17'),(1429,'ZAIDAN NUR ADITAMA','6766',NULL,'$2y$10$DsNXwEqwzBaXIifsF1QjpOIE6YR5N44Dicl3vLc2/Uw3ZXxU7vZ.W',NULL,'2020-09-28 10:31:17','2020-09-28 10:31:17'),(1430,'ZIDAN NABILA','6658',NULL,'$2y$10$TjG2iHwHkwmnMdVUU7DHn.MUiXsw98Fz3ddYUZrOLnHJqvu/mHQPK',NULL,'2020-09-28 10:31:17','2020-09-28 10:31:17'),(1431,'ZULFIKAR ALIF MAULANA','6730',NULL,'$2y$10$k7AeoMammNdz4yiccLOdEOE9mJ6CUGUYbm4.w.Zh/8O6pHa2XHEIC',NULL,'2020-09-28 10:31:17','2020-09-28 10:31:17'),(1432,'AKMALIATUL KHASANAH','6767',NULL,'$2y$10$ZMZBjCDa5jYFOARI/NEVv.1h/oa39922CwrhiEldicMTVY2EYDhQq',NULL,'2020-09-28 10:31:18','2020-09-28 10:31:18'),(1433,'AMIQOH TSANAULAILA','6768',NULL,'$2y$10$U/zq7IJNjAhEE7K/QaZw8e9CJRXeVGEfVVQMgnNir5RPOCXRFIWNK',NULL,'2020-09-28 10:31:18','2020-09-28 10:31:18'),(1434,'AMMAR BAWAZIR','6769',NULL,'$2y$10$ZGlYVX2Ge8THcZOxJBgaOeZ3n71kcZlv6KGLhVaHjkbZpjAUQK6f6',NULL,'2020-09-28 10:31:18','2020-09-28 10:31:18'),(1435,'ANDHINI YUNIARTIKA','6770',NULL,'$2y$10$ehwZMO30ctPJr/gjiFd3suFCWOgw.sUrnpxC.MGLcoJ6YNT9QKipK',NULL,'2020-09-28 10:31:18','2020-09-28 10:31:18'),(1436,'AULIA INSANI','6771',NULL,'$2y$10$0PqkyUe5XiOlBTCeuwVHqOK580A4ppfygTzxCQwn8zdOAzjuvPVxa',NULL,'2020-09-28 10:31:18','2020-09-28 10:31:18'),(1437,'DINA NUR ADILLA','6773',NULL,'$2y$10$fq/o1.oBH9Bog2hNFQC00e1iVyAeBdpSSiI/gY8TwWqjAsGQ4alRC',NULL,'2020-09-28 10:31:18','2020-09-28 10:31:18'),(1438,'DYAN WIDJOYANTI','6774',NULL,'$2y$10$QqFH3toEFuLLmUos3n7SeezfCKjPhRrofgtadW77ROtstp34bwAhi',NULL,'2020-09-28 10:31:18','2020-09-28 10:31:18'),(1439,'ISADA IKA NINGRUM','6775',NULL,'$2y$10$KswgtQ5K.NmvDy/UmEjRRu8DzCxAm.SBX3nZ.R9HWn1.zel4jRuIe',NULL,'2020-09-28 10:31:18','2020-09-28 10:31:18'),(1440,'IZUN NAJA NAHAR','6776',NULL,'$2y$10$8LLsg7t0/2XtI/y1zMuQ1OJCeSCpm8cOMpSzEffsK2b/LriHiaqM.',NULL,'2020-09-28 10:31:18','2020-09-28 10:31:18'),(1441,'MAHARDIAN FAJRI','6778',NULL,'$2y$10$nfvePXg/Ge8ezHRbvow3S.HVrI.97rhRoq04VJqlo8GL2LvV8xa0S',NULL,'2020-09-28 10:31:19','2020-09-28 10:31:19'),(1442,'MAR\'I HUSEIN','6779',NULL,'$2y$10$2PL301i4lGkN7MKWYaend.r1hL.I8dm3gRt7DT8YvC4Ja0zVTNEbi',NULL,'2020-09-28 10:31:19','2020-09-28 10:31:19'),(1443,'MAULIDA RAHMA','6780',NULL,'$2y$10$mHS4gjD1F5IUVGiCpFIN9uUbI/AEdgJSg35/1Ca./eSP5JSAuI1Ji',NULL,'2020-09-28 10:31:19','2020-09-28 10:31:19'),(1444,'MU\'AMMAR RAFI','6781',NULL,'$2y$10$ISwX.RRAF7NxLMxVLtFJs.6B4WeP1nrfSQtf4F/hRy7kucqbWquvy',NULL,'2020-09-28 10:31:19','2020-09-28 10:31:19'),(1445,'MUCHAMMAD NABIL','6782',NULL,'$2y$10$Rci8cBkYZzoM6GHxx6zrnO9/88NnoS2K9obbahXQ1Ap6xKa0WJme2',NULL,'2020-09-28 10:31:19','2020-09-28 10:31:19'),(1446,'MUHAMMAD BAGAS FIRMANSYAH','6783',NULL,'$2y$10$RbeoMJyHjJH5D84iBkB6d.W3U9/bYgxE/DB1JXSjiXO9S8CzztWQ6',NULL,'2020-09-28 10:31:19','2020-09-28 10:31:19'),(1447,'MUKHAMMAD RAIHAN','6784',NULL,'$2y$10$WOxE7QYxKinqWNZ0Eftu3u8Y/bsUvfYcdl.FALyDgKUVvIpVmRidG',NULL,'2020-09-28 10:31:19','2020-09-28 10:31:19'),(1448,'NABILATUNISA','6785',NULL,'$2y$10$C3WqEv/8nGffedMHmWPyCedsfkfvLVCjIL2G4NUxwWoN7j6hI7Xf6',NULL,'2020-09-28 10:31:20','2020-09-28 10:31:20'),(1449,'NAJIH AHDA SABILA','6786',NULL,'$2y$10$7GCOSHQdSGBpDBjeoFejAOFPRDGytVrtEg8ZIETgp7PRKm5fmqRzi',NULL,'2020-09-28 10:31:20','2020-09-28 10:31:20'),(1450,'NAJMI','6787',NULL,'$2y$10$IqnfsSB0oRqr/23SQQLS0uy8XsZpK9OqnpRmCJH2cNp2NlLAqh5aC',NULL,'2020-09-28 10:31:20','2020-09-28 10:31:20'),(1451,'NIA KURNIASIH','6788',NULL,'$2y$10$qMYHCjzI3DahaJViCn3ZJuK78ZgPi96SRYp3k0YcRf.N/WLMw77vu',NULL,'2020-09-28 10:31:20','2020-09-28 10:31:20'),(1452,'NOFIA YUNIATI','6789',NULL,'$2y$10$c3lIDlTX7boCjp1RQqIC9eIVA9tn0kcUfh82DVUQCcRWz2abosVii',NULL,'2020-09-28 10:31:20','2020-09-28 10:31:20'),(1453,'NOVIA AYUNINGTYAS','6790',NULL,'$2y$10$uPxGOPkthQiT8pdqbc.GMOT.Fa7TWX09zz/PeLKQD0STPy8RGmh8u',NULL,'2020-09-28 10:31:20','2020-09-28 10:31:20'),(1454,'PRAMESWARI AYUNING KANTI','6791',NULL,'$2y$10$jVVsuXC5Roo2uDCiJSkDIOzFxPvVq0EhQAbccv5OrAtMsJ5DMwTnG',NULL,'2020-09-28 10:31:20','2020-09-28 10:31:20'),(1455,'PUTRI HANA KARLINA','6792',NULL,'$2y$10$1/j5fHB3E46aZ7kcJ1WnhOVub1YNM2ZOb.LBaKFsXo6b61mqcaHKq',NULL,'2020-09-28 10:31:20','2020-09-28 10:31:20'),(1456,'RAUDHOTUL KHABIBAH','6793',NULL,'$2y$10$ZrLpAb/4WTsfVjYZpevPB.ON8DoJeoaicQEv5pqrcUH2P97qQp25W',NULL,'2020-09-28 10:31:21','2020-09-28 10:31:21'),(1457,'SALSABILA AMANDA APRILIANI','6794',NULL,'$2y$10$ermtnPw3D0CQ8Ros0YfwE.TlFpR2YnW/wxU0QsGsBMrQqY4T1Wj.O',NULL,'2020-09-28 10:31:21','2020-09-28 10:31:21'),(1458,'SALSABILA MEILA NAZHIFAH','6795',NULL,'$2y$10$KgVTNlADEQFqKc7ooyJgN.OkS2DUr9K3WluX.K/wMCPUfP0eF9r0C',NULL,'2020-09-28 10:31:21','2020-09-28 10:31:21'),(1459,'STANIA KHOIRI NAFSA','6796',NULL,'$2y$10$mTDGbBUhiAu2pbyIUwkGIeNgAf0ZF4UcsuW3fAXsHeHGZ2bwQ8xOu',NULL,'2020-09-28 10:31:21','2020-09-28 10:31:21'),(1460,'THALLADYIA FAZA','6797',NULL,'$2y$10$b3ypbDKJ4V7vuWDbOPJgyOSaJpQn4uPY7gEx56E49OMIBLExxxVDu',NULL,'2020-09-28 10:31:21','2020-09-28 10:31:21'),(1461,'TIARA SANI','6798',NULL,'$2y$10$28q7cXzohXQCc1qD2FOlPukhayAd7g6U7atFgf1.1oeK6LwAyxoCe',NULL,'2020-09-28 10:31:21','2020-09-28 10:31:21'),(1462,'VINA HANIM NUR AZIZAH','6799',NULL,'$2y$10$WmfX4MzmBcLnEtWIXpiiaOKJQaI3iRtREz2b/tOZWGOh7R1tNsS9S',NULL,'2020-09-28 10:31:21','2020-09-28 10:31:21'),(1463,'Yoga Eka Pramudya','6800',NULL,'$2y$10$CG/pCYVdDyZGoopAw1mzeuXo69B9SvbzvRNnKHfiTzMlz0F9bE/7m',NULL,'2020-09-28 10:31:22','2020-09-28 10:31:22'),(1464,'YUYUN FIKRI HELMIATI','6801',NULL,'$2y$10$kMeD2xtCTau66GxMDeYuJuOQNdoS8SbXcrWxylczpC/I8YVas7Uqu',NULL,'2020-09-28 10:31:22','2020-09-28 10:31:22'),(1465,'ZASRA KURNIA','6802',NULL,'$2y$10$FWE/O6GPO7JKet6vXPWDzuKMc18OJ1qIDn44INWJGeg39TOQfiS/W',NULL,'2020-09-28 10:31:22','2020-09-28 10:31:22'),(1466,'AHMAD SYAFIQ YAHYA','6803',NULL,'$2y$10$JoMfEYgPXV.jWmZHTygPz.H.o70tY2J2g.H6gL2rjMURx2m/1yL8.',NULL,'2020-09-28 10:31:22','2020-09-28 10:31:22'),(1467,'AINASYIFA PUSPITA AZZAHRA','6804',NULL,'$2y$10$L6Io2PXtWyifEGfwpBCaLOXhAk9Db.5LjCCu2gb6vI.6h92.Ogzpu',NULL,'2020-09-28 10:31:22','2020-09-28 10:31:22'),(1468,'AMALIA WIDIANI','6805',NULL,'$2y$10$q/4GVlFXa29dKsx1WzRlEuYIIsTvfeu13shxLOWar.2YOif4QOgn2',NULL,'2020-09-28 10:31:22','2020-09-28 10:31:22'),(1469,'DEO FERDINAND PRATAMA','6806',NULL,'$2y$10$js8.knxHaCudRrEYFceXwO8XrGYeG2U2dbPDHsFCXERVxdMEI.M9O',NULL,'2020-09-28 10:31:23','2020-09-28 10:31:23'),(1470,'DEVI KURNIAWATI','6807',NULL,'$2y$10$cHEeWMD3nA/5GSy1tMcK.ub4lMB.J69Ezoii7Gdakfz.7aiGle2mC',NULL,'2020-09-28 10:31:23','2020-09-28 10:31:23'),(1471,'DIYAN TIFLATUSSOLIHAH','6808',NULL,'$2y$10$97lVctWdsLyiTsoT3Z.irOCvFJgxmbeIr35UgAkUz/kSwffqn6wxi',NULL,'2020-09-28 10:31:23','2020-09-28 10:31:23'),(1472,'FELITYA SYAFIRA CATUR NUGROHENI','6810',NULL,'$2y$10$fy.qYDcypHbm/jNHB8AV1.YOSRKj9QYSeTRW2HbZoFQydCPsXaJQK',NULL,'2020-09-28 10:31:23','2020-09-28 10:31:23'),(1473,'IKROMI ALIFTIAN CAHYA','6811',NULL,'$2y$10$bByEu.m2qu1b74LGIDfIP.zX.GzZHYX64.K3K2EQcL0wafUzgWTt6',NULL,'2020-09-28 10:31:23','2020-09-28 10:31:23'),(1474,'ISMI AISSYAH','6812',NULL,'$2y$10$vtm0Ll6Fwf/xZAs.BbZkjOWaXepLQ2jeeNOW5dP27gdO1nFsYbUpu',NULL,'2020-09-28 10:31:23','2020-09-28 10:31:23'),(1475,'JADID MAULANA PRIAMBODO','6813',NULL,'$2y$10$2eRwuVB7/ZZEv3wFS06cm.EFP6hrF69UUfVdL4o6u8Uajj0puOdXu',NULL,'2020-09-28 10:31:23','2020-09-28 10:31:23'),(1476,'KAMILA','6814',NULL,'$2y$10$dAN/jKdDd0IXcW8oSa2.seapDPJpyBKg.PogxDN2Y3doTsZazbfEa',NULL,'2020-09-28 10:31:23','2020-09-28 10:31:23'),(1477,'KEIVIN EDDY SURYONO','6815',NULL,'$2y$10$4/tDWsr9OYpbIWqVE7HSqOuHG532nOfSUiCWR6qiSkQm5JL2jfc9a',NULL,'2020-09-28 10:31:24','2020-09-28 10:31:24'),(1478,'KHODIJATIL MASTUR AL FATIMIYAH','6816',NULL,'$2y$10$i1dZAcVBLfXaIghVLlRCh.gJeONcafRGu46lathfplQqKtHFwbRmy',NULL,'2020-09-28 10:31:24','2020-09-28 10:31:24'),(1479,'LIDIYA AZRA FILZAH','6817',NULL,'$2y$10$7T9N5nKnwuzyDC8gCY9o8OaAIu6LtbHpUmaVPQafnP65vDKsKxgt2',NULL,'2020-09-28 10:31:24','2020-09-28 10:31:24'),(1480,'MAULYDIA DEWI','6818',NULL,'$2y$10$zcMWDeiOF/aWRi0IeSEeJeBmh2o7g.hDNyon/SAfXAHshd2535J3.',NULL,'2020-09-28 10:31:24','2020-09-28 10:31:24'),(1481,'MUH DAVID RAMADHAN','6819',NULL,'$2y$10$tPwdefbrAXnR.sb2TPzTc.RFBFHCEuOlFUVOs035M3DQBn3ZR79Pa',NULL,'2020-09-28 10:31:24','2020-09-28 10:31:24'),(1482,'MUH. RIZKI HARIZ PRAYITNO','6820',NULL,'$2y$10$hD.LZll3MvdxGT/JdQWU2uVykYCNpaI8U37Jo4aBywRIlEnojVSDK',NULL,'2020-09-28 10:31:24','2020-09-28 10:31:24'),(1483,'MUHAMMAD BINTANG FALIH HUDANI','6821',NULL,'$2y$10$nrAcMkTDGCSKqYYvUMDYK.eznZqXbJlAeAu9IIzKJaS2tQkSPlC4y',NULL,'2020-09-28 10:31:24','2020-09-28 10:31:24'),(1484,'MUHAMMAD GHULAM DANISH','6822',NULL,'$2y$10$btYhC2kxMf1f9BTmWC2pYum2IAYqr5xoisR9QfOa0nVs81teUIZLO',NULL,'2020-09-28 10:31:24','2020-09-28 10:31:24'),(1485,'MUHAMMAD KHOIRURRISQON AZIZI','6823',NULL,'$2y$10$KR4AiCUf.2HpGFiM2Y.cxe.9jfNv2FZ6CGxAHFFZxi/SIBwNEmdfO',NULL,'2020-09-28 10:31:25','2020-09-28 10:31:25'),(1486,'MUHAMMAD RAFI FALAKH AL-BASYAR','6824',NULL,'$2y$10$hOXPRbyGX55DM3LkgIcm1OwEY4hXGJk5A4pZqfxEwItBmXplSg1/2',NULL,'2020-09-28 10:31:25','2020-09-28 10:31:25'),(1487,'MUHAMMAD SYAUQI DZULFAHMI','6825',NULL,'$2y$10$UHsRpXrAYuJBFEXfuwJJouNVYrc5uhHq5NZo7c9kBzT/0ywGGCoHq',NULL,'2020-09-28 10:31:25','2020-09-28 10:31:25'),(1488,'MUHAMMAD ZAHIRUL HAQQI','6826',NULL,'$2y$10$/vZ6gdvmg4gGwRxHufAT2uUxYieWRljqtOV9hWibw4Di83K7HrLEe',NULL,'2020-09-28 10:31:25','2020-09-28 10:31:25'),(1489,'MUQTAB AKMAL MALIK','6827',NULL,'$2y$10$I1EAzGgtm.tZKFY55WqzL.UoBsUQdCTUWa/u5VXTgwGviiXwDMF0m',NULL,'2020-09-28 10:31:25','2020-09-28 10:31:25'),(1490,'NAILA FARADISA','6828',NULL,'$2y$10$MpE5VmCz5R73mNRW6R1WHej/tfAeluNbr9WOFoxabVuLBqaIK7qvy',NULL,'2020-09-28 10:31:25','2020-09-28 10:31:25'),(1491,'NAILATUL KARIMA','6829',NULL,'$2y$10$RXQG06LRWIJAXVVvmLx4w.knwxDnpHA2nYsLfCBR.mzitymJDGDpW',NULL,'2020-09-28 10:31:25','2020-09-28 10:31:25'),(1492,'NATHALIE DEASSY ARDHIA PUTRI','6830',NULL,'$2y$10$AaoBmhPb.3ayomP8Rnp3neaHztRuZp0lMUInDOQl4bhE15JU4iUfG',NULL,'2020-09-28 10:31:25','2020-09-28 10:31:25'),(1493,'NUR HAFIDH RIZQI DESTIAN NUGRAHA','6831',NULL,'$2y$10$NF9DW3kmpWaVKWpTiGs9s.FeoKAy8b5kLeELkt1PGRL4QXab2OOg2',NULL,'2020-09-28 10:31:25','2020-09-28 10:31:25'),(1494,'RIO FIRMANSYAH','6832',NULL,'$2y$10$T5MTkpu04bau1sJVjHVL6OGH9MAgq6fYHcJ/EfBJ5iWLAEZiTqYbK',NULL,'2020-09-28 10:31:26','2020-09-28 10:31:26'),(1495,'RIZKY AULIA JASMINE','6833',NULL,'$2y$10$TuLTZSmo2m8WT0ZNcpCM/OaAiF0e747pWTrwV2r4txaA9tlL0PZou',NULL,'2020-09-28 10:31:26','2020-09-28 10:31:26'),(1496,'SITI SETIASIH','6834',NULL,'$2y$10$BKYigB8jlKBKPzQ3OdcEjOpvmQkZGFQyfmHeyjp6HdvN3wmRcPQ/S',NULL,'2020-09-28 10:31:26','2020-09-28 10:31:26'),(1497,'SYAFRINA LATIFAH HANUM','6835',NULL,'$2y$10$mDnHnqzRaXSNBC3KgaNz0.qmtArpjqhMgC0J1T1oied4I1Pv3Y3u.',NULL,'2020-09-28 10:31:26','2020-09-28 10:31:26'),(1498,'YANUAR ADI NUGROHO','6836',NULL,'$2y$10$3noVVPcY1EXJhQlhrSCWreY6nxh41J9a0ZM1nvz8ARVweDaYeyAK6',NULL,'2020-09-28 10:31:26','2020-09-28 10:31:26'),(1499,'YUVA RAJA NAYAKA WICK','6837',NULL,'$2y$10$W0HtIBHTGchvvyaxk/kvKOCj8TCvD12/ry8GBtcLZ0mwEQzY2sjqe',NULL,'2020-09-28 10:31:26','2020-09-28 10:31:26'),(1500,'ZAHIRA GIFANI SUPARDI','6838',NULL,'$2y$10$WKFlq4p1B4P38.uQCkZLcOAhnEXpnBpqWGxG6ydYW4TmgqalqhCEi',NULL,'2020-09-28 10:31:26','2020-09-28 10:31:26'),(1501,'ACHMAD ADI NUGROHO','6332',NULL,'$2y$10$D.xCtvyysUUn8SghDMriN.pLFvq6bROSZq4KKWm23So/iwn8wYlB2',NULL,'2020-09-28 10:31:26','2020-09-28 10:31:26'),(1502,'AGATHA PUTRI PERMATASARI S.','6478',NULL,'$2y$10$H16Pebvp3KXkpTjSEiz1ZOoJgLo3y7aW6nUGi3Wz4k27Kp7bFPa8O',NULL,'2020-09-28 10:31:27','2020-09-28 10:31:27'),(1503,'AKHMAD ABDURROSYID','6481',NULL,'$2y$10$4xmxiUld/Id9q6fLoj8Lk.xetM3mQXfvNqfBKSEoQ7ObR0pU0tqz2',NULL,'2020-09-28 10:37:13','2020-09-28 10:37:13'),(1504,'ALIYAH SIDQIYAH','6334',NULL,'$2y$10$UMBga8xqxJmdekAnx6B7k.5AKxw.3PLudSU0S5t5d493rTuD/WUg2',NULL,'2020-09-28 10:37:13','2020-09-28 10:37:13'),(1505,'CHALISUN FIRIFQAH','6485',NULL,'$2y$10$dYN4GKG.QqG5kJoh0EYi7.8nVkQWpQtGrkgMVcSSHDeBASMtIF68q',NULL,'2020-09-28 10:37:13','2020-09-28 10:37:13'),(1506,'DAVID ALVIAN','6486',NULL,'$2y$10$jjzTntDf5s3tQs6KEEQzJ.vqYdIYCoqW2w1LTFm5aPRa7OMHIz1vS',NULL,'2020-09-28 10:37:13','2020-09-28 10:37:13'),(1507,'DINA FUDHLATINA','6374',NULL,'$2y$10$4b3olG6699ElqnM2NwQxQOisEWtP6OW.rTEOfdtgxFhrtP8cAFGNa',NULL,'2020-09-28 10:37:13','2020-09-28 10:37:13'),(1508,'EKO CAHYO BIMANTORO','6490',NULL,'$2y$10$xO3YhnBnRYNPcB6fbh6jHeE6lI9W2RV.j4Xe6Ao5l/8VxZ.STitFa',NULL,'2020-09-28 10:37:14','2020-09-28 10:37:14'),(1509,'ERDIN RYAN ANDREANTO','6448',NULL,'$2y$10$rbD8Alj4LWE1cZyO5ggFRutlCNjc6dmgAD32jDPoPdzKTe6D8q9Xq',NULL,'2020-09-28 10:37:14','2020-09-28 10:37:14'),(1510,'FUTICHATUR ROKHMATUL UMAMI','6378',NULL,'$2y$10$A.KzoFRNOXBN6J5LTR5Upew16wCOtzmwNLSXRSq2ZgEYp6vJXhTTK',NULL,'2020-09-28 10:37:14','2020-09-28 10:37:14'),(1511,'HAFIZ WIRA ADYATMA','6494',NULL,'$2y$10$4qn0U0YzvjvJQJp8nq5MXe8H2Vl4SuyIxSO78alyire9tY6JSA7.m',NULL,'2020-09-28 10:37:14','2020-09-28 10:37:14'),(1512,'HAIKAL NAFIS ISHFAHANI WIBAWA','6495',NULL,'$2y$10$u27Vd/rHWkjK24Yv598ZwuraaDmq2pOkQIcSJTk1T69H70zeua2Tq',NULL,'2020-09-28 10:37:14','2020-09-28 10:37:14'),(1513,'HASNA PUTRI DHENIA','6496',NULL,'$2y$10$12Ui4JeNNklTycxwLrxuT.uwwXcT600L/0aYFSEv8DiUVkiJfb7I2',NULL,'2020-09-28 10:37:14','2020-09-28 10:37:14'),(1514,'KHANSA NAFIRA JASMINE','6499',NULL,'$2y$10$GO2Shxm2YEO8oayFNcZxpOw8rv4l3fVDGo0q02wk4ywlwMrplnlmu',NULL,'2020-09-28 10:37:14','2020-09-28 10:37:14'),(1515,'LAURA GRESIA AGUSTINA NAPITUPULU','6425',NULL,'$2y$10$0xsU4yNl8FL2Fq4WiUzUu.8siTlnqgyij3.S0ku8emn2RmMVyhiPW',NULL,'2020-09-28 10:37:14','2020-09-28 10:37:14'),(1516,'LAURA ROSE SAHARA','6500',NULL,'$2y$10$Kz6ypznccETPgX.DRyZHNOsjGhpJlWyOER0PD36vJK/AQxDaDaDMm',NULL,'2020-09-28 10:37:15','2020-09-28 10:37:15'),(1517,'MAHARDINA FITRI AULIA','6382',NULL,'$2y$10$UILCgMcu5.2oxJXdqqjPyeD4wtLe0xAv1urOumYXBMZvwL/rpExv.',NULL,'2020-09-28 10:37:15','2020-09-28 10:37:15'),(1518,'MARSYA NADIYYATUL HANI\'AH','6383',NULL,'$2y$10$pegnJqFbbNBDqvr2DAHmYOxty35afCpnhJR6FkchgE1KUqIF3wRYi',NULL,'2020-09-28 10:37:15','2020-09-28 10:37:15'),(1519,'MUHAMMAD FAIQ AKMAL','6457',NULL,'$2y$10$fj8ujJbbrlTj9AcEU4Mtoumv5bbri6XWJpb0JRJkDGtvaNuCbVI3y',NULL,'2020-09-28 10:37:15','2020-09-28 10:37:15'),(1520,'MUHAMMAD HISYAM ASADUL HAQ','6504',NULL,'$2y$10$OAwzkOXnlrEm/TlMYXVRCOm4HXmDzndu1EZyvHAcoD2kzg.sjO7Zy',NULL,'2020-09-28 10:37:15','2020-09-28 10:37:15'),(1521,'MUHAMMAD ILHAM','6430',NULL,'$2y$10$yoOzBLNyPC1HvHEWAmyloud4ZHetnYfUdozB942pqF20mfTjPjFHe',NULL,'2020-09-28 10:37:15','2020-09-28 10:37:15'),(1522,'MUHAMMAD ZIDAN ARRIF BILLAH','6391',NULL,'$2y$10$DMInoWzXgbNE0LhWYSeP1Of8/oSp7J1Vwlhl4Tmw9blGaiy4q.1Eq',NULL,'2020-09-28 10:37:15','2020-09-28 10:37:15'),(1523,'NABILA AZ ZAHRA','6357',NULL,'$2y$10$yjoN44EVw3K3dz0Lj7vd4OzL678JIyGSPjUVPmWedM2dWuXMuhOJC',NULL,'2020-09-28 10:37:15','2020-09-28 10:37:15'),(1524,'NAURA FIRDAUS','6505',NULL,'$2y$10$QsFVMjj.qme3BxV1LQeQnOqQgIfQq6u4Mz8CbO/wjXWPk9UhU.GF6',NULL,'2020-09-28 10:37:16','2020-09-28 10:37:16'),(1525,'NUR INES YULIANTI','6434',NULL,'$2y$10$pfzYcxwFLNF.A1FzwJchGeiTxQ1Zcx1tfYw0.tW/pp/5RQHstR4tC',NULL,'2020-09-28 10:37:16','2020-09-28 10:37:16'),(1526,'PUTRI EMBUN AULIANI','6394',NULL,'$2y$10$KTJFZ66TnshK3ipDXZepoufp1.iVhN0TCJzEVd3aSV1b2EXscHACG',NULL,'2020-09-28 10:37:16','2020-09-28 10:37:16'),(1527,'PUTRI ZULFA NABIGHAH','6361',NULL,'$2y$10$Tp/6y8QXGmaEFd7R7Cpj1uekoJCJrQgWffbD0usXkBQqFxf6yOmLu',NULL,'2020-09-28 10:37:16','2020-09-28 10:37:16'),(1528,'SABINA YULIA PRABOWO','6396',NULL,'$2y$10$hW2wkh8JGqNpSAlU6eI4yeaJh/uEVcGmI94RrdMPh2NjTTKKPfAXC',NULL,'2020-09-28 10:37:16','2020-09-28 10:37:16'),(1529,'SALMA DEVY ANDINI','6437',NULL,'$2y$10$hnbr9BJjtF6KGuctPzy/7.vCh1AjiEYtFUhdfQt0iqrsbPohZjiJy',NULL,'2020-09-28 10:37:16','2020-09-28 10:37:16'),(1530,'SHAFA NADIA KUSUMAWARDANI','6467',NULL,'$2y$10$Wxqm7Vm4txzJK/j9kCbZ2OoZ1CsuCfpKs8q1a9QLIkiweDL.jBIoy',NULL,'2020-09-28 10:37:16','2020-09-28 10:37:16'),(1531,'SUHAILA HEDRA','6398',NULL,'$2y$10$qhmyeAyunH7pjDR2sx6hJeGQEVBv.P5zuqLZFiFUFcbI/qVo/.obi',NULL,'2020-09-28 10:37:16','2020-09-28 10:37:16'),(1532,'SYAFNI RAHMA MAULIDA','6366',NULL,'$2y$10$quiYpHiydxE64euUYPFKFeDNS7u0GjfkWlvUA13pbdq5MII74643K',NULL,'2020-09-28 10:37:16','2020-09-28 10:37:16'),(1533,'TALITHA RAHMANIA','6367',NULL,'$2y$10$UFQc6uruOpXimgOMvwivdOpUP5yK6Sn2v9LqE4GIojZxjSzjc6a7W',NULL,'2020-09-28 10:37:17','2020-09-28 10:37:17'),(1534,'VIONA AMANDA','6471',NULL,'$2y$10$OlquWCd//2fL7A9eQ/kDi.KJhHQdW3hjVM7oihOU6rcpAvXTGAF3m',NULL,'2020-09-28 10:37:17','2020-09-28 10:37:17'),(1535,'YUNI AYUNING TIYAS','6402',NULL,'$2y$10$cAaZxq6saU7gE43PheX1wuFLlfC45qPXQIg1KFP1x3c.juaydntyS',NULL,'2020-09-28 10:37:17','2020-09-28 10:37:17'),(1536,'ZAHARA JASMINE','6403',NULL,'$2y$10$ZjLTv2t2QxzOocaN.hJVyetTn5aBubj6EchmIAxKQPgMRuw6TbTau',NULL,'2020-09-28 10:37:17','2020-09-28 10:37:17'),(1537,'ADIMAS AULIA MUHAMMAD','6477',NULL,'$2y$10$x5QRdTh0bvsM1CRkLyI3QOqRz0JJgFLk8H1QF.0AwRM7JCWxF2vsO',NULL,'2020-09-28 10:37:17','2020-09-28 10:37:17'),(1538,'AHDA HASAN SUNGKAR','6408',NULL,'$2y$10$8rmHK4pDU9ySWHnRRgFGB.wkHzv6bmg9CHcJqOwEFyjLrUv5f2.kG',NULL,'2020-09-28 10:37:17','2020-09-28 10:37:17'),(1539,'AISHA KIFLAINI','6480',NULL,'$2y$10$Mxk5eN1NaFPHeCpIpAeNkuSkq7Ce.IwujD2ob9l.CUPk.6f.QGDoC',NULL,'2020-09-28 10:37:17','2020-09-28 10:37:17'),(1540,'ANGELA GRACIA SANLIM','6410',NULL,'$2y$10$7vlcAz4/T6evOH5sl5cnpeSErGcILfEE0zQ67pJCTaUVLjYfPh7rW',NULL,'2020-09-28 10:37:17','2020-09-28 10:37:17'),(1541,'ANINDA FAZA','6440',NULL,'$2y$10$MWUQnd9Mq6UBR7oCB3H7c.aGMD3Yb5upBut0t0oX09lTiF0k5wrcW',NULL,'2020-09-28 10:37:18','2020-09-28 10:37:18'),(1542,'ARSYANA OKTAVIA PRAMESWARI','6443',NULL,'$2y$10$MNmtzVHD6nJ4E6fADC3XMOOJGNdFmGKlj77uyEC0yip54nS.VlwsO',NULL,'2020-09-28 10:37:18','2020-09-28 10:37:18'),(1543,'AYU DWI LESTARI PUTRI','6336',NULL,'$2y$10$.H234fV0xXvFfWsUs8VzJuoL3GdCDsKSotU26Fx2807EElurXEa.6',NULL,'2020-09-28 10:37:18','2020-09-28 10:37:18'),(1544,'DEVINA GRACIA','6447',NULL,'$2y$10$AgCGdnLWIxAylgAsFrOBe.dYNqu10YPJTgnifSXQaeEprOyo05tvG',NULL,'2020-09-28 10:37:18','2020-09-28 10:37:18'),(1545,'DEWI ARUM QORIK','6371',NULL,'$2y$10$CrYiX5OoQrZ9dlWZkvwu3O/cbz/7QZmPaO4m.O2nx.QUibwt6mrQy',NULL,'2020-09-28 10:37:18','2020-09-28 10:37:18'),(1546,'DIAN FUADAH','6372',NULL,'$2y$10$MwLWa9q3c6.3gBS69j0Cbeid7IB23vonLewrGXKQBgjZ4dHbGIN06',NULL,'2020-09-28 10:37:18','2020-09-28 10:37:18'),(1547,'DIFFA SALISTYA','6487',NULL,'$2y$10$5G6EZ6BsCiTPxiCmGenttujLEJsGxFhU880OhHeQiYfCcL1SZQKa.',NULL,'2020-09-28 10:37:18','2020-09-28 10:37:18'),(1548,'DIRA RAMADHANI AZ-ZAHRA','6376',NULL,'$2y$10$MqDN8HIGJgzzLH702fKZHuJtwtFzePD4ioEkuwn.yKNMBjyAKqHdK',NULL,'2020-09-28 10:37:18','2020-09-28 10:37:18'),(1549,'EKA ANYDIA PUTRI','6339',NULL,'$2y$10$Nw5x.cAyK90cV4knMKGZDe1lAtxKDZcr0UeaeZtzGFD9kLBxgJXgy',NULL,'2020-09-28 10:37:18','2020-09-28 10:37:18'),(1550,'FELICIA ESTEVAN LIE','6491',NULL,'$2y$10$RDg.YrwKPu3e1wbbimYwfuZhQMkp9v.arZ.G7BXe0S8pipJqsTUIq',NULL,'2020-09-28 10:37:19','2020-09-28 10:37:19'),(1551,'FRISKA DESI SABITA','6423',NULL,'$2y$10$.zN5dnSmsFZttYdrU3xz8eaNRyEFhd41d6cvhS7E0HnKfFw5HLjT2',NULL,'2020-09-28 10:37:19','2020-09-28 10:37:19'),(1552,'GABRILIA SETYOWATI','6493',NULL,'$2y$10$sNi14UJPfWfSiMsiedvP7O01olgPEq468d/HqFIm6Hy7EWyzG6Usm',NULL,'2020-09-28 10:37:19','2020-09-28 10:37:19'),(1553,'Henida Silva Laelly Rosyada','6451',NULL,'$2y$10$Ee1vyLyV5TANyJ.yCLjlpeiXUs8ibw7C/3CbtauL4b4NKn82oYrbS',NULL,'2020-09-28 10:37:19','2020-09-28 10:37:19'),(1554,'INDY KEVIN MIHOPE','6346',NULL,'$2y$10$fdUZa.TSq4X5VQKMXkYNhOZqMDZGdBw2WcKybIGg4LtbOKVJAJDFi',NULL,'2020-09-28 10:37:19','2020-09-28 10:37:19'),(1555,'INTAN NADZIFA','6379',NULL,'$2y$10$btcn5LVteGmsy7/ljxaKgeAgDBsmBQhOC2avYKAYb7Gr6Ea/1Boji',NULL,'2020-09-28 10:37:19','2020-09-28 10:37:19'),(1556,'JUSTICIA KHANSA\' LOVINA SABILILLAH','6498',NULL,'$2y$10$LkxoioOZVUf9WxKs.ycGmO7gUfI3u4plHhyPOatAfT41y/DHVooUO',NULL,'2020-09-28 10:37:19','2020-09-28 10:37:19'),(1557,'M. ISAAC KURNIAWAN','6455',NULL,'$2y$10$I9dF8ZHqNkaJ1Tn3roUZjeZtfxE8ZK6LgmP8IxpMCxAbNq5BHn5Iy',NULL,'2020-09-28 10:37:19','2020-09-28 10:37:19'),(1558,'MOCH FARIS OLDIE','6501',NULL,'$2y$10$gIijMlfDH/b9EnQZvl5AL.tGxvD8T..7qeBX9MZhCXp9lErHBCXja',NULL,'2020-09-28 10:37:19','2020-09-28 10:37:19'),(1559,'MUHAMMAD BAHRUL ILMI','6355',NULL,'$2y$10$ZwYGgq4p//eNxKCoCxOq7eSAVTYhHX7Lre8xypyo1foJZUBO76dze',NULL,'2020-09-28 10:37:20','2020-09-28 10:37:20'),(1560,'MUHAMMAD FAJRI ALVIANDIKA','6458',NULL,'$2y$10$0iq9QXcjyJfR5cjZwCa0hePDEk2LJxJLWRjE69iNntksFxcVgkLIG',NULL,'2020-09-28 10:37:20','2020-09-28 10:37:20'),(1561,'MUHAMMAD FERDYNAN ALI SYAHBANA','6388',NULL,'$2y$10$mqSv230/qP7nPQ2y10/r5Oep/KJP6uezFk1X4fqcuTz1vRmG11QoG',NULL,'2020-09-28 10:37:20','2020-09-28 10:37:20'),(1562,'MUHAMMAD RIKI','6389',NULL,'$2y$10$lz1hdkFES2pKrvjzK28p7eTdT2h2PUphgFI.vKdgbvvOpND4n.TCS',NULL,'2020-09-28 10:37:20','2020-09-28 10:37:20'),(1563,'NAILA FATHINA','6392',NULL,'$2y$10$I5jF2bqVtiXE14a6g2Nmke/s7XdUNhYwjcdazD.kE2aXThvrp/kw2',NULL,'2020-09-28 10:37:20','2020-09-28 10:37:20'),(1564,'NAUFA AFIFAH','6461',NULL,'$2y$10$UrUoraERZKjkhtqdRy8P9uNMrSDx.qT/ZagZLE3KMqWIUB3WD4N2m',NULL,'2020-09-28 10:37:20','2020-09-28 10:37:20'),(1565,'NICKEN MAHARANI BESTARI','6433',NULL,'$2y$10$riXhyC2lTDnZeCsxD7Zhs.F9tWvdWuyUGiQjR5kA7hm6gzFucFuBW',NULL,'2020-09-28 10:37:20','2020-09-28 10:37:20'),(1566,'NOVA ARIANDA AZAHRA','6393',NULL,'$2y$10$LQUUPi8f3paYmtN4k.yPk.uJvdEQWcxI4SrorvOBSOnzO2gH7uaoK',NULL,'2020-09-28 10:37:20','2020-09-28 10:37:20'),(1567,'NUR FITRIANI NIKMATUSSHOLEKHA','6463',NULL,'$2y$10$ySs0uPh46klvxLGwagE5xuRn1PTUZ.4z34SU26d384q3b3m24.dB2',NULL,'2020-09-28 10:37:21','2020-09-28 10:37:21'),(1568,'RAHMA FELIA AINI','6507',NULL,'$2y$10$Rhqgtvh6trJGUFm5YT0xmuwm239yLrpAeKtRQtfD6vN0Yp87QIOoG',NULL,'2020-09-28 10:37:21','2020-09-28 10:37:21'),(1569,'SILVIA QUTROTUN NADA','6468',NULL,'$2y$10$Nsx7AX7EQaEemH8rYr8ChuMV2/L3Nn8XeGs3fx8jl499ECDLZosWu',NULL,'2020-09-28 10:37:21','2020-09-28 10:37:21'),(1570,'TESALONIKA OLIVIA CHRISTINA','6439',NULL,'$2y$10$wedkadS5enJ95/pBF5T.meabnkMriPg2rdRADSVAmiAi8vNOPGDWG',NULL,'2020-09-28 10:37:21','2020-09-28 10:37:21'),(1571,'TITANIA AURELIA SUSETIYO PUTRI','6401',NULL,'$2y$10$lvbfeIBy5aDEJ/74sL0Y4.QYPPRNgYX9/sQZPmrXc2kedhIXx7iFa',NULL,'2020-09-28 10:37:21','2020-09-28 10:37:21'),(1572,'VIONA LAURENTIA SETIAWAN','6472',NULL,'$2y$10$b4f4TIvZGhVseH9yuFtgNO8ICaDsdmEVPk6ymqfJcA2EfPv99oiFu',NULL,'2020-09-28 10:37:21','2020-09-28 10:37:21'),(1573,'ADIBA RAIHANA ADINDA','6404',NULL,'$2y$10$7FniIqnmL1D75DScENibuuzc6L/egDCom9HrjdOKnr1vcWwb//iS6',NULL,'2020-09-28 10:37:21','2020-09-28 10:37:21'),(1574,'AKMALA SAVIRA','6368',NULL,'$2y$10$LFfnTC4ukD4EkW3uYN6oLuwdeoB98FfUF/4aRRokZNWc6cHTotOd2',NULL,'2020-09-28 10:37:21','2020-09-28 10:37:21'),(1575,'ALDINO SENTOT BAGASKARA','6482',NULL,'$2y$10$ZUy6WepY571y6oHF.xEPdeCuPFa3BFToN5f/g/hjZwCbE7jm5J18.',NULL,'2020-09-28 10:37:22','2020-09-28 10:37:22'),(1576,'ANINDA RACHMANIA AZ-ZAHRA','6411',NULL,'$2y$10$.3rlr7Fjg4rtUgcpz4sTMOr.KsM/LlpX5bMSJYc97ZSlTv1QVs8Fq',NULL,'2020-09-28 10:37:22','2020-09-28 10:37:22'),(1577,'ANJAY AYATULLOH FAROH AL-MONIER','6369',NULL,'$2y$10$RBF3.A8hUQvuKehZauc/K.Lb8xda03eVhh1X.hF.X/GN4OpMeFLeC',NULL,'2020-09-28 10:37:22','2020-09-28 10:37:22'),(1578,'ARDELIA RIZKY SURYANING PUTRI','6370',NULL,'$2y$10$q9QWtwwJS8wDprUn73VSv.2D2x4Ewuvlg5GPejzooyHflla.t05Ci',NULL,'2020-09-28 10:37:22','2020-09-28 10:37:22'),(1579,'ARINAL MUNAH','6442',NULL,'$2y$10$hJEi7RkhVjNME0zaeQpWTuSc.oQw5RSkh.UGmSv/zI5Z6c00Hl2my',NULL,'2020-09-28 10:37:22','2020-09-28 10:37:22'),(1580,'AULIA RAHMA DINIYA PUTRI','6414',NULL,'$2y$10$heFXvtOYvbAV31.sf7p9Q.MMv6boIx9a7ibBiYLrocYIsUYig3CTO',NULL,'2020-09-28 10:37:22','2020-09-28 10:37:22'),(1581,'AURA ROSE SAHARA','6444',NULL,'$2y$10$cdNtO26I.Mb7bF5YnB3qu.Vz7haoiKG2W4INcMnbAtEAnYWE8LO1S',NULL,'2020-09-28 10:37:22','2020-09-28 10:37:22'),(1582,'DEA AYU SRI WULANSARI','6417',NULL,'$2y$10$VlhPVTaFjTrV/t3SxhP6Uun1wM0.m5ITyNUI0Fv5tKezDS.yg1ByS',NULL,'2020-09-28 10:37:22','2020-09-28 10:37:22'),(1583,'DIANA ZALFANUR','6373',NULL,'$2y$10$6X/DiSwGy.PrY3rTOd8gzOzSaWo2G/OcFWMcldmU1o1qcfuAP31Ey',NULL,'2020-09-28 10:37:22','2020-09-28 10:37:22'),(1584,'DINDA NETHANIA PRASASYA','6375',NULL,'$2y$10$enKU1HtYpOCbC2Jlkumwx.wpIg4dU3y6a85Fd97NDnTQYWm5gK25.',NULL,'2020-09-28 10:37:23','2020-09-28 10:37:23'),(1585,'DIVA HARDIESTYA FANNY','6488',NULL,'$2y$10$so5LFqjg3MxxWh77cxzKZe2G6/Ko3BHoZ8I7Ya/flW/9xRhjSiJDu',NULL,'2020-09-28 10:37:23','2020-09-28 10:37:23'),(1586,'ENDANG AXTIA PUTRI PRATAMA','6377',NULL,'$2y$10$lMmj1gTwGtc9qXSqO1osp.4/q8kn8D2vygPM9veah8EPwfqJnJjLK',NULL,'2020-09-28 10:37:23','2020-09-28 10:37:23'),(1587,'FARADILLA AULIARAHMA','6449',NULL,'$2y$10$m61YVrXznngSLKUKaagGcuLkNZhFeEfAYPymUNpSMIRPi6lWFncJy',NULL,'2020-09-28 10:37:23','2020-09-28 10:37:23'),(1588,'FATY PUSPA NEGARA','6422',NULL,'$2y$10$tL0NXYoUQj6JcyX92ygbT./rDtlZE603x5ee9t6sEUy5oQsPgFoOe',NULL,'2020-09-28 10:37:23','2020-09-28 10:37:23'),(1589,'FIKA NURUL ALIM','6342',NULL,'$2y$10$5CZ.5UTSrBmfLFjN9b.ZGumHFVpxVZAJ9FU3V.C.Uxs3Nu4Hg2UI6',NULL,'2020-09-28 10:37:23','2020-09-28 10:37:23'),(1590,'ISHIKA NUR AISYAH ERDIANI','6380',NULL,'$2y$10$tOmKxNQSeYfNcbrMX4oum..CJ8uPMSgOVAO0fKqyz2kpc2AtW/kNG',NULL,'2020-09-28 10:37:23','2020-09-28 10:37:23'),(1591,'KAYLA ARSHINTA','6452',NULL,'$2y$10$XR/pM2PK2P8SOFrbDfRPc.ayVI.bf5XnPNi6o2Xw0KgtJIRg4dD6q',NULL,'2020-09-28 10:37:23','2020-09-28 10:37:23'),(1592,'KURNIA LINGGA ANDINI','6347',NULL,'$2y$10$mBayq00.US8Ijt7NE./6kOYz/kxTVNFXhWNRwP/QkBjrvCxonuYSa',NULL,'2020-09-28 10:37:23','2020-09-28 10:37:23'),(1593,'M. IRZA RAMADHANI','6454',NULL,'$2y$10$CR.qJPVnv1rb0Hf4P1xG..nK12TcW2ZelzB1K4.8jBTTU/RfFIHi6',NULL,'2020-09-28 10:37:24','2020-09-28 10:37:24'),(1594,'MARITZA SALWA NABILA','6426',NULL,'$2y$10$52Tq4bpK8gZq6tv.KCf//uDBt6wInYWmy8erobLBd0/TZNR6Try8q',NULL,'2020-09-28 10:37:24','2020-09-28 10:37:24'),(1595,'MARSANDA BERLIAN','6351',NULL,'$2y$10$NjXaeMHdrvfsX.BhLF/FO.i0efJY1enyyrV0nDvuXuEw2PPMHSRMa',NULL,'2020-09-28 10:37:24','2020-09-28 10:37:24'),(1596,'MOCHAMMAD REYHAND BACHIS','6384',NULL,'$2y$10$WwwDrrdmOxaLPzTalgUoNeQg5dFt97xkvUo9MM/zbREpKHN9puMMq',NULL,'2020-09-28 10:37:24','2020-09-28 10:37:24'),(1597,'MOHAMMAD ADI HARTOYO','6385',NULL,'$2y$10$4MAGqk181YlJMrp2QNJVtOtsK.c0ArOkzOLQksuc/14eO9OkB2P.q',NULL,'2020-09-28 10:37:24','2020-09-28 10:37:24'),(1598,'MUHAMMAD\' AMRUDIEN','6387',NULL,'$2y$10$MtqEZK2xjrEB.pPY6bwJy.WH.sTD3UwUZhGGfucjjGbiX0wEHI7yS',NULL,'2020-09-28 10:37:24','2020-09-28 10:37:24'),(1599,'MUHAMMAD YAFI DHIYAULHAQ','6390',NULL,'$2y$10$dq3pvjctOTK7pyFGN8Csq.5Y3xfkLJx/iwenK35tWr3qJMBmkqifu',NULL,'2020-09-28 10:37:24','2020-09-28 10:37:24'),(1600,'NOVREZA MAHADIPUTRA','6462',NULL,'$2y$10$lEb6dQhNMcXcROeuq86Cp.l4jhnl2gVuB86mi2lHKj56EeUn4EDCC',NULL,'2020-09-28 10:37:24','2020-09-28 10:37:24'),(1601,'SALMA NAILATU SYIFA','6397',NULL,'$2y$10$j6D2Ru2nkl3b8GzEVl8nyubtyqXfhyptRa7WS7VRFIA0xGYx21ec.',NULL,'2020-09-28 10:37:25','2020-09-28 10:37:25'),(1602,'TALITA RAMADHANTYA TANDO','6470',NULL,'$2y$10$DnOan/KsLLHg/WebI3vgQ.ItxUtFmJR3aRuPWwybpXJc58MitcgT6',NULL,'2020-09-28 10:37:25','2020-09-28 10:37:25'),(1603,'TAUFIQUL HAKIM TSABIT','6400',NULL,'$2y$10$euLLUOOHUS0JpXGElhP2nuy8VUYW4ppGCo6ITOnqbb19yBX8XON2G',NULL,'2020-09-28 10:37:25','2020-09-28 10:37:25'),(1604,'VANIA SETIANI WIBOWO','6509',NULL,'$2y$10$SV5UDUPSDMyV2WZXqN/YlemreEn9G0BwVWgz5sKTZo2t3ddYoB.Hy',NULL,'2020-09-28 10:37:25','2020-09-28 10:37:25'),(1605,'VIRADITA','6473',NULL,'$2y$10$ArgaZrZhnj9wZ6N00/rhsOyE.dFIjC0/r0/7yHXgAxv0GnYXbbJEK',NULL,'2020-09-28 10:37:25','2020-09-28 10:37:25'),(1606,'WANDA AGSELA DURBA','6474',NULL,'$2y$10$5caoq3S14HtE.rQ2x4dgJOKz4OAL3oMQv5d8rX9zIsAJnG0WwG/Ou',NULL,'2020-09-28 10:37:25','2020-09-28 10:37:25'),(1607,'YUNI DANUWATI','6510',NULL,'$2y$10$povU7H.NRxTcwFynp6HUH.zVFpjDOfiaE5A68gBFIAeqtYCYpRLGi',NULL,'2020-09-28 10:37:25','2020-09-28 10:37:25'),(1608,'ZAHRA HUWAIDA','6511',NULL,'$2y$10$meOpHVvePfELU3X1pU3Ff.nTDMXfwr2xleOd3vzfrn1vAAimSQbEy',NULL,'2020-09-28 10:37:25','2020-09-28 10:37:25'),(1609,'ADRIA FARHAN ARNALDA','6405',NULL,'$2y$10$hgQTgaTL0Z3kZfe469VJVOjBNLe6Bff7rFiXB0jhT71gjx2gpfmCm',NULL,'2020-09-28 10:37:26','2020-09-28 10:37:26'),(1610,'AGILIA NURUL UTAMI','6479',NULL,'$2y$10$QB13/.SbhanEYLrLnyrJnOnRyVrKZ8jzGddo2hJGV8Pe6gAVURZ7m',NULL,'2020-09-28 10:37:26','2020-09-28 10:37:26'),(1611,'AMANDA PUTRI MEIRANI','6409',NULL,'$2y$10$i5Yt/wFOaljvWlVtdYY3cOmSwBM2UOTERHnS9jOcA6CTxEQoGGJua',NULL,'2020-09-28 10:37:26','2020-09-28 10:37:26'),(1612,'ARGA RAFA NAGATA ALFARABI','6412',NULL,'$2y$10$y84Wa73h7nKe3vaRTSS9I.eIsBlObT4NxNedtJfaAaAuK3dFp0hKm',NULL,'2020-09-28 10:37:26','2020-09-28 10:37:26'),(1613,'BAGUS SETYA PRAMANA','6445',NULL,'$2y$10$Dc0UlD/DyNJsYQiknHEi9Od7PNGc1wUVZWJ9Pa.m7d/Ux460IVNja',NULL,'2020-09-28 10:37:26','2020-09-28 10:37:26'),(1614,'CANA TABITA DE LAKSA ARTA','6415',NULL,'$2y$10$0wlIVk0aliwDhEnLQRR3Oe2FSS85SJcfW37RV61b9gEfqGHy7Jzyy',NULL,'2020-09-28 10:37:26','2020-09-28 10:37:26'),(1615,'CHUSNUL NANDA APRILLYANI','6416',NULL,'$2y$10$Z8tB6WigZ1UA8vRQK9QJsON5VC1n/rKblE7DIrOL6NT0iFlXMbEeC',NULL,'2020-09-28 10:37:26','2020-09-28 10:37:26'),(1616,'DIMAS WISNU HANGGITA','6418',NULL,'$2y$10$o5cE0aLQmQ7fy5IpOeUAq.vrWipwnMUchxd/wxRuRb7PxUNtUNm66',NULL,'2020-09-28 10:37:26','2020-09-28 10:37:26'),(1617,'ELSA SYAHPUTRI','6420',NULL,'$2y$10$qd6BZbheSvGfMOHotk8UL.beGTXVqMF.8Mb8E1UZwr31yeddeEUbi',NULL,'2020-09-28 10:37:26','2020-09-28 10:37:26'),(1618,'FARDA AZKIYA BILLAH','6421',NULL,'$2y$10$flp92twhuCsjHQsANRgPR.o5qUOOcwqvvIWDGFHfh5rUaUxThOCGS',NULL,'2020-09-28 10:37:27','2020-09-28 10:37:27'),(1619,'FARHAN','6450',NULL,'$2y$10$edcRq5b7NN5yZWljYNFcxuLFodu0Ax0hqkyzjAtBEmWD2HaeBNM7C',NULL,'2020-09-28 10:37:27','2020-09-28 10:37:27'),(1620,'FERDANI VETO WIJAYA','6341',NULL,'$2y$10$V3.9L2dqnzgo72jT6WI./.iMxuk9BidLCwydAN6dSlB2s/AXseCM6',NULL,'2020-09-28 10:37:27','2020-09-28 10:37:27'),(1621,'FIRDA SALMAH ATIATUL MAULA','6492',NULL,'$2y$10$zCXGn0FA9KrvLLPBL4u6aeu5SpGfBJ1q9Z2B2ncGs1uFIMCxwKM7W',NULL,'2020-09-28 10:37:27','2020-09-28 10:37:27'),(1622,'IKRIMAH','6497',NULL,'$2y$10$0Epq0EGoNGyBqyLneyYBmut7mth3QYXuJzQIXf7wCtdKiroxwo9GC',NULL,'2020-09-28 10:37:27','2020-09-28 10:37:27'),(1623,'KANANA ANTANA IRAWAN','6381',NULL,'$2y$10$16dQyP7uVq161htGdBWUqe60vmSydYCjWf1ICirUPkq3lsW7/3Kb6',NULL,'2020-09-28 10:37:27','2020-09-28 10:37:27'),(1624,'LIVIA FARDAH PERMATASARI','6348',NULL,'$2y$10$ELgJ6Kydbhbnshtmi/6xkOAXeDNxfn4/qAPSWTO7TIEjouNxMupje',NULL,'2020-09-28 10:37:27','2020-09-28 10:37:27'),(1625,'LIYANI AGUSTIN','6349',NULL,'$2y$10$FcO7wbPzaocif1HmSmPnZurLwlGc4D4.EAtUNmRTg6OsQUSe1m7fu',NULL,'2020-09-28 10:37:27','2020-09-28 10:37:27'),(1626,'M. FAZAL FIRDAUS','6453',NULL,'$2y$10$tPhdRyG3Ba.bx8vgx9shbuagsADTeVIHF5fkFKKVk2gFWTzJH3IY.',NULL,'2020-09-28 10:37:28','2020-09-28 10:37:28'),(1627,'MAISA NABILA AZZAHRA','6350',NULL,'$2y$10$QLBdsn6Mhp0y/HOBwmbsUOsHZCqaD/bXR2D2.79uBzuAqLxQPM.RK',NULL,'2020-09-28 10:37:28','2020-09-28 10:37:28'),(1628,'MUCHAMAD FIRDAUS','6427',NULL,'$2y$10$0PIXtSnIC50zVmg.fenUP.so3K4xjUbehbvG0OTiqSsfxI9ZEDeU2',NULL,'2020-09-28 10:37:28','2020-09-28 10:37:28'),(1629,'MUCHAMMAD IQBAL MUSYAFAK','6428',NULL,'$2y$10$mFd4mfJ2mCNshDauiCCf/OR7/atTzm9m66kODTdjXdUHYEnBchmQW',NULL,'2020-09-28 10:37:28','2020-09-28 10:37:28'),(1630,'MUHAMMAD AIFA SAPUTRA','6456',NULL,'$2y$10$oKGoWBzTEOU0cq3M/7/cwekh1sdZWpaCeZUD4gVvz0HFhVsn42pgK',NULL,'2020-09-28 10:37:28','2020-09-28 10:37:28'),(1631,'MUHAMMAD ARIF TIRTANA ARADHEA','6354',NULL,'$2y$10$bOxegBECpYFqyk4VsRKDRueKvce8wpUHa/odvJlTSrrdB.DL7gbgu',NULL,'2020-09-28 10:37:28','2020-09-28 10:37:28'),(1632,'MUHAMMAD NAUFAL ARKAN','6459',NULL,'$2y$10$6GQxjAZz8LYpqEonAYECNe5tYJLFjDOFq6Ia0RCguJf/I9UU6Czii',NULL,'2020-09-28 10:37:28','2020-09-28 10:37:28'),(1633,'MUHAMMAD NUGRAHANING MEYDI','6460',NULL,'$2y$10$DYeIj1YZ02Kx2Q/Y2HS4cOiM7whUWidk06QZZDfOAuVluIyPtD3.i',NULL,'2020-09-28 10:37:28','2020-09-28 10:37:28'),(1634,'MUHAMMAD SYAMSUL ULUM','6431',NULL,'$2y$10$IP8O5VcnC2RPuni7QxumUujqpZ0KDkSFjHdNJAJsItT2MNlkeB73.',NULL,'2020-09-28 10:37:29','2020-09-28 10:37:29'),(1635,'NIDA HUWAIDA','6506',NULL,'$2y$10$H/ewbxbnZu63MTo7SG/kTeTg6E3XG.Wl5kSkoKPR/HQR4/17A.MQW',NULL,'2020-09-28 10:37:29','2020-09-28 10:37:29'),(1636,'NUR HANAFI','6464',NULL,'$2y$10$bxIaCMKRA3SLrPG.aZpRmOMZ/uCpUMpPWwbS1AH/LmWtnYBnB6JmG',NULL,'2020-09-28 10:37:29','2020-09-28 10:37:29'),(1637,'NUR ROHMANIA','6360',NULL,'$2y$10$0mvBNDQj9weX8FfHylJXSu2TfSQtOOBvXAb4aO3YTM3mwTDmOFnCm',NULL,'2020-09-28 10:37:29','2020-09-28 10:37:29'),(1638,'RAHMAT AFAN ANDANO','6395',NULL,'$2y$10$SDCKP0JFQbdg3RLVxU/O8e/PiM/OyU0S3JEzYHDFkwRAKvOn4oABS',NULL,'2020-09-28 10:37:29','2020-09-28 10:37:29'),(1639,'RIZQON MAULANA','6466',NULL,'$2y$10$hT4VDMcPEE.P1um9XLTPee50l6soCb8hXL.AcB0nbb0MgfneMpr8m',NULL,'2020-09-28 10:37:29','2020-09-28 10:37:29'),(1640,'SAFIRA VIVI RAMADANTI','6362',NULL,'$2y$10$LOM4R1o2iinI9LMYnXS8ROYz1JVtFSVCrpkf/w1PWSREPTxIoaCcC',NULL,'2020-09-28 10:37:29','2020-09-28 10:37:29'),(1641,'SAHILA HIKMATUL MAULA','6363',NULL,'$2y$10$KUvNqWAcFTFFat99dMQXi.rBHVPEq2Dx.YgFQzHEnxM03fMsbIsRa',NULL,'2020-09-28 10:37:29','2020-09-28 10:37:29'),(1642,'SITI MULYATI','6469',NULL,'$2y$10$R3Tox9d4.7aDMrm6xnsVWOoM6b5tYvDFoDbzMi030SYkGsVXqkfJ.',NULL,'2020-09-28 10:37:29','2020-09-28 10:37:29'),(1643,'SULTHAN AHMAD ROYYAN','6586',NULL,'$2y$10$XgYgZLF5kTcSo1xK9gQBwOezqshepgpL2uK5LlptI07BHgdhCvZU.',NULL,'2020-09-28 10:37:30','2020-09-28 10:37:30'),(1644,'YULYANDA DWI PANGESTIKA','6475',NULL,'$2y$10$ahRbPRin5/g7JKIk0CWaEOhb1ZIg3HTEPuV7wmhcOa2uPNnatAMma',NULL,'2020-09-28 10:37:30','2020-09-28 10:37:30'),(1645,'A. LATHIF MUKTI KUSUMO','6476',NULL,'$2y$10$FAKCTd/.0TwU8f5sHC1Douu7mXMFJgJ3La09f2x9js3x9F6Vc5SaO',NULL,'2020-09-28 10:37:30','2020-09-28 10:37:30'),(1646,'ADRIAN HARTANTO SETIONO','6406',NULL,'$2y$10$PquMeOkWf2S/MImg.HvUT.MTcZKTTSW4dXus/AlsFozydc0F9GKei',NULL,'2020-09-28 10:37:30','2020-09-28 10:37:30'),(1647,'ADYATMA FAKHRI','6407',NULL,'$2y$10$WQBwYHcllEmCq7/d.kxyxelYEGhTZZZdbkUjRZsRpJ6rGxzpZ11kS',NULL,'2020-09-28 10:37:30','2020-09-28 10:37:30'),(1648,'ALFINA MARTHA','6333',NULL,'$2y$10$N.FZ/ZcRSAQw2kcOKUuz2eyB.8Y4FmKtJID0emmxpoivxpDShocrW',NULL,'2020-09-28 10:37:30','2020-09-28 10:37:30'),(1649,'ANIKE AGUSTINA PUTRI ANGKAWIJAYA','6483',NULL,'$2y$10$HtrF1.K3/XkdIC2q.HoP1ehSQiFRlWaV5i0a1Lq6E6Pqczm/NwJoa',NULL,'2020-09-28 10:37:30','2020-09-28 10:37:30'),(1650,'ARCHELINO IVANDRA','6441',NULL,'$2y$10$Yb2sEIQtUNo5jcyo9EoLKOQNCuJjgVQ71JSO/z/48HXvvQQOFNwh.',NULL,'2020-09-28 10:37:30','2020-09-28 10:37:30'),(1651,'ARIESTO AZEL KRISNANDHA','6413',NULL,'$2y$10$ZUXdDBvppRejTl8MA8rYcefY2iIpPIS6x1biZ8cyjD5hyo4JZB/Q.',NULL,'2020-09-28 10:37:31','2020-09-28 10:37:31'),(1652,'ASEP ADHAM FAKHRUDDIN','6335',NULL,'$2y$10$WCy/L0KdlynuciYipgS.ZuG81kchO3h2nuvhQIqJ3Z7n9e8XuJ0se',NULL,'2020-09-28 10:37:31','2020-09-28 10:37:31'),(1653,'AUDRIA WAFFIQ AZIZAH','6484',NULL,'$2y$10$wd.AHlxU1djq20P8DWGPvu4dbMOPkW808X2Ix4VAW78J0.3wJnjw2',NULL,'2020-09-28 10:37:31','2020-09-28 10:37:31'),(1654,'BAGUS NUR ALAM','6337',NULL,'$2y$10$YUFEcGuBdLo6IkJm0GbYc.sePuOJlyXum21m/vOB51ssKXAO..MPa',NULL,'2020-09-28 10:37:31','2020-09-28 10:37:31'),(1655,'BELA PUTRI JUNITA','6338',NULL,'$2y$10$09SpcgFTHwLuXx6M25tW2efP9gc5Ol6oVH7z5XNBeEsdq98cZ2wGu',NULL,'2020-09-28 10:37:31','2020-09-28 10:37:31'),(1656,'CINTA AUREL FARADHIKA','6446',NULL,'$2y$10$gLX5AzoDNnnQz9WM.vEUl.k6ZjpfFl7h3tHIPs5uoND1/8Vwv7DbO',NULL,'2020-09-28 10:37:31','2020-09-28 10:37:31'),(1657,'EKA DEWI SURYANI','6489',NULL,'$2y$10$eNyWLfTp.Y39tkZ4A5w8oeUhi.4q9DYAHesRAnh4k7wPXTXN26T9m',NULL,'2020-09-28 10:37:31','2020-09-28 10:37:31'),(1658,'EKA MUMTAZA','6419',NULL,'$2y$10$pzjd7At2UZjN.9jQ4UtT.eDvIYOr94IVNNMxM7HKJS2l2Dcx4D45K',NULL,'2020-09-28 10:37:31','2020-09-28 10:37:31'),(1659,'FARREL ARDRA MUHAMMAD','6340',NULL,'$2y$10$mtSDGJZSBC7Y7qPyNJACR.6ZbYWK8D1eZsXSgvoWSers7hctFzriu',NULL,'2020-09-28 10:37:31','2020-09-28 10:37:31'),(1660,'GHANI HUSNI FATA','6343',NULL,'$2y$10$jK8NgI9TS3dSLx6QARiy1u8JbvylV1TdpuHepbDwPRB5h7hkQ170e',NULL,'2020-09-28 10:37:32','2020-09-28 10:37:32'),(1661,'HANIF PRASETYO HERLAMBANG','6344',NULL,'$2y$10$3p/PFxXKpVu3pgzcf5JBqOuTowAqhbHfQ219dRaPlu2LCSmDPGu.K',NULL,'2020-09-28 10:37:32','2020-09-28 10:37:32'),(1662,'IISTIANA AISYAH','6345',NULL,'$2y$10$m45bhyDysDH31IIZHw0Nb.FthYFFBz5.WDfhWBf05HmZ2IqiUdEm2',NULL,'2020-09-28 10:37:32','2020-09-28 10:37:32'),(1663,'INTAN MONICA ATIKASARI','6424',NULL,'$2y$10$gnn2SCuusL/u1Adnp7dfY.M/DHQ5pZVm2NYMKI8lBetFo7//1qJES',NULL,'2020-09-28 10:37:32','2020-09-28 10:37:32'),(1664,'MOHAMMAD MIRZAM MAULANA','6502',NULL,'$2y$10$aI3aXZnf9NIKzZEt78ellu1v.CtmE/BwklisQJd96TiFBfEEDzWnG',NULL,'2020-09-28 10:37:32','2020-09-28 10:37:32'),(1665,'MUCHAMAD ILHAM FIRMANA','6352',NULL,'$2y$10$fg51biIljJ1Cpu2KphVzlOay2XGoswRHmsYUbzQxVfQnGV2SXd7oG',NULL,'2020-09-28 10:37:32','2020-09-28 10:37:32'),(1666,'MUHAMMAD ALHADI MUNTAHAR','6386',NULL,'$2y$10$7Z8gAd4Gks/16tWwXWp3pOk5law.bYtWzS3e0LLkiypMx7RWcKNka',NULL,'2020-09-28 10:37:32','2020-09-28 10:37:32'),(1667,'MUHAMMAD DINAS ALMUFARRID','6429',NULL,'$2y$10$NbOU/hNF0c3RL3J9csj6Q.hsQPRq1wNgSHxtp23Ofgwo.t7XyhVxm',NULL,'2020-09-28 10:37:32','2020-09-28 10:37:32'),(1668,'MUHAMMAD HAEKAL AKBAR','6356',NULL,'$2y$10$205GrgHQXq40RrTY3RvFUOPI46.tN6AwT7OJi6PeLzJh3h8mXKHn6',NULL,'2020-09-28 10:37:33','2020-09-28 10:37:33'),(1669,'MUHAMMAD HAIDAR RUSLI','6503',NULL,'$2y$10$K2ZtCV6G.XItR9KEXdl9fuZ3yctQTeIYIwnC/lwsnPnpwxyv0PpWm',NULL,'2020-09-28 10:37:33','2020-09-28 10:37:33'),(1670,'NAUFAL HARITS','6358',NULL,'$2y$10$dEYd3fTeGIPcGoWB96pWWuUkaI/jbjTaYVwBpKKphWujFphGuruCW',NULL,'2020-09-28 10:37:33','2020-09-28 10:37:33'),(1671,'NAUFAL RAYHAN ALI RAHMAN','6359',NULL,'$2y$10$w9gPahT8ZcWXYf99d/olwOkX8pJE2txGr4L0x2ja2xC1MOGiKNmre',NULL,'2020-09-28 10:37:33','2020-09-28 10:37:33'),(1672,'NAZARINA AULIA','6432',NULL,'$2y$10$PWQ46xuhJRW0MuF85XoPgea97fSVxovuzqqrxy65X7iXfX1zFnSPq',NULL,'2020-09-28 10:37:33','2020-09-28 10:37:33'),(1673,'RAYNOR JAN SULISTIAN APTAVEDA','6508',NULL,'$2y$10$AEPLBmEa5k99ayi1Jo9g5uZb2yERRqsyU1o3L3glEmOgJXz0WOhJW',NULL,'2020-09-28 10:37:33','2020-09-28 10:37:33'),(1674,'RIFDA QORRI DZIKRIANA','6435',NULL,'$2y$10$4Z9ZIpGDGt69e6sExLI01eR/a85qA/9Ku/QVi6Ldn8PWmrNnhOBIi',NULL,'2020-09-28 10:37:33','2020-09-28 10:37:33'),(1675,'RIZKI FITRIANA','6465',NULL,'$2y$10$nPm/MBG8LFTumg6GTJoWQeqrsPofPmLuUYxaxY6VdPxltKDyECQwS',NULL,'2020-09-28 10:37:33','2020-09-28 10:37:33'),(1676,'RIZKY MEIRIANTO HALIM','6436',NULL,'$2y$10$w2FZMCOWeQqPfpZ.1F0OqOH9lLnAHDBSPdKwsvMI9cXtMf/ZgDwJS',NULL,'2020-09-28 10:37:33','2020-09-28 10:37:33'),(1677,'SALWA GHAISANI SYARIIFAH ARIFINNIA','6364',NULL,'$2y$10$/ZXUBQn68d1u9jTijYq//e3PrMtU9EVJvBA5KzHIwJ74nGI88vFhK',NULL,'2020-09-28 10:37:34','2020-09-28 10:37:34'),(1678,'SHAYLLA ADINDA YUSTICIA','6365',NULL,'$2y$10$6aCEUeOfc7y6uHNV7AZii.YW8l2OUIep81..QXY4tZsu2.g1L0UyC',NULL,'2020-09-28 10:37:34','2020-09-28 10:37:34'),(1679,'STEPHEN ABEDNEGO PHILEMON','6438',NULL,'$2y$10$q95kOifHPzy91547w2GWN.DLOweW11zvbU5Fqnt1/A2iw4fsH.eSG',NULL,'2020-09-28 10:37:34','2020-09-28 10:37:34'),(1680,'TABRIZ','6399',NULL,'$2y$10$PSVzYJsIHQ33iR7jG77.iuhpN6MYhjnZICp0MMzXYF/Rtaj/uIUfO',NULL,'2020-09-28 10:37:34','2020-09-28 10:37:34'),(1681,'ACHMAD ADI DZIKRON','6548',NULL,'$2y$10$ZBA11ggPL1YmXpMr0xMnN.C4LrYU2xpzDDDsnuwO32p.3o3/Bvz/.',NULL,'2020-09-28 10:37:34','2020-09-28 10:37:34'),(1682,'AFFAN TAQIY EFFENDY','6549',NULL,'$2y$10$IkdrAsEDpLudb8WR0o0W2ujjghVWShCgWRGxiuwU6Q.gekh1yDuMC',NULL,'2020-09-28 10:37:34','2020-09-28 10:37:34'),(1683,'ALI RIDHO','6550',NULL,'$2y$10$1MjlU8TGMBEqxMCCT2hCUu7NXZWB7OPiYBYoh.F/RW01FPz3CLqQi',NULL,'2020-09-28 10:37:34','2020-09-28 10:37:34'),(1684,'AMALIA RACHMAWATI','6551',NULL,'$2y$10$8Bp49FfCZhpsxIWQ54.pm.tRkdCRKEDLV9/n7OFY0FqvBXGJOl08G',NULL,'2020-09-28 10:37:34','2020-09-28 10:37:34'),(1685,'ARDHINI WAHYU WULAN','6552',NULL,'$2y$10$NvAtJSnnyoJLuQKQGnL4LexjcrBLDVNxWaUTJJrDzaU2IU0ol5JZK',NULL,'2020-09-28 10:37:34','2020-09-28 10:37:34'),(1686,'ASTI ANINDYA','6553',NULL,'$2y$10$AjT2W.54S9nsD4cE9a.53uhXvljJLwhlZHinn0Edc5opU/TOh1jzm',NULL,'2020-09-28 10:37:35','2020-09-28 10:37:35'),(1687,'Citra Wardani Visi Santosa','6554',NULL,'$2y$10$EvC2kjWD30d/mw3S/uhY7uiOAbMB0qhLzpjY.ak.d.PSH0LjfBF9.',NULL,'2020-09-28 10:37:35','2020-09-28 10:37:35'),(1688,'EDITYA ANISSA SYAHBANI','6555',NULL,'$2y$10$qIhb3aVnE5bGYA7lPTuYO.BVTckgMnR25MzWaTu9l99xYqz6rqUMm',NULL,'2020-09-28 10:37:35','2020-09-28 10:37:35'),(1689,'FATHIA ADELLIA','6556',NULL,'$2y$10$b4AiZyRMJSBX2URFwkS7fO/xBFd9g2Qg2ZJjlkQJt4bXjbrmveuFm',NULL,'2020-09-28 10:37:35','2020-09-28 10:37:35'),(1690,'FRANS MAULANA','6557',NULL,'$2y$10$ifOMMHzpG9wzZjlKqAoxjOjntEjNQ.QMzcM9vvqCglUGRRdBkENbO',NULL,'2020-09-28 10:37:35','2020-09-28 10:37:35'),(1691,'GANANG MEIDI PUTRANDITO','6558',NULL,'$2y$10$was84vV5aHt7YKyhYYMAPuIJyU1jx4y1SLX/gxM93X4.LJ70GV0du',NULL,'2020-09-28 10:37:35','2020-09-28 10:37:35'),(1692,'GHAISANI RATNA AGUSTINE','6559',NULL,'$2y$10$UdvuRiVKVxpp0hyWP3VaqONSZE/uo2OJUy41kXLyg5iJS/psGi.oy',NULL,'2020-09-28 10:37:35','2020-09-28 10:37:35'),(1693,'GUSTI MOHAMMAD RASYA','6587',NULL,'$2y$10$RbbfTrJeikiwDd61.7t2z.n1ObdXYOQ4.O7C3CYJlNL/82Izn/y1C',NULL,'2020-09-28 10:37:35','2020-09-28 10:37:35'),(1694,'IFFAH SISKAMAYA','6560',NULL,'$2y$10$LXv3RN01ZovIdWuKKFoG4O.kXYYJDPITmnoh4.zyYkyyZvicnE2.u',NULL,'2020-09-28 10:37:36','2020-09-28 10:37:36'),(1695,'KURNIA ADHITIA RAHMA','6561',NULL,'$2y$10$Q63oXWAU8AWDzZ2IkCaQbOCznRfUQrNl/i8faPPmFNFE.Hh3e.jqq',NULL,'2020-09-28 10:37:36','2020-09-28 10:37:36'),(1696,'LUKMAN ABDUL AZIZ','6562',NULL,'$2y$10$aoUe7ljcpOTkBezvdkD.0O/Nonf5hYz3XTmKAXR3njppB/z0ut1pq',NULL,'2020-09-28 10:37:36','2020-09-28 10:37:36'),(1697,'M. Firman Fadly Adriansyah','6563',NULL,'$2y$10$TvDRhJAidPKVUw1DGy.v2eQoa2yg8MBXLIVMq3WOkbYSolboxS1sO',NULL,'2020-09-28 10:37:36','2020-09-28 10:37:36'),(1698,'M. WISNU DARMAWAN','6564',NULL,'$2y$10$8/JVqwbw5zX5bi4QhpIiw.lBpUCif8PNxuilJGybSOAoPuJqi./Km',NULL,'2020-09-28 10:37:36','2020-09-28 10:37:36'),(1699,'MUHAMMAD BIN HUSEIN AL KETIRI','6565',NULL,'$2y$10$zGTdPp8bf2JhyyMStzjmTubW1qlAn1fdgfkxU1jKLS2/0k7ptxLSK',NULL,'2020-09-28 10:37:36','2020-09-28 10:37:36'),(1700,'MUHAMMAD IN\'AAMUN CHASAN','6566',NULL,'$2y$10$BueQAiWrPtpI/hDgJGptlecrt0o3AoYzGx9Qjg85SdOVBRdhIhgTq',NULL,'2020-09-28 10:37:36','2020-09-28 10:37:36'),(1701,'MUHAMMAD ZAKI REVANO','6567',NULL,'$2y$10$4JK10RzSJ5NUca9BhatnoO0Eq9puZ2H6x3NQDmu/DK2kgtj47tJiq',NULL,'2020-09-28 10:37:36','2020-09-28 10:37:36'),(1702,'MUHAMMAD ZIYAN ADEN','6568',NULL,'$2y$10$aBDL5A2DezWN1MwkJLcd6.0t3NlTP9Tp5irv8.Bv8qvadsuOvRRTO',NULL,'2020-09-28 10:37:37','2020-09-28 10:37:37'),(1703,'NADIA NABILA','6569',NULL,'$2y$10$ZvMaruWoX8eK3j5SP26QGeyolEkcJr4NZ3gRAtozbC5Smv6WSe5k6',NULL,'2020-09-28 10:37:37','2020-09-28 10:37:37'),(1704,'NAILAH RIZQIA AZHAR','6570',NULL,'$2y$10$lPBYViJgLr0cGwkdjpj9de12Q0WXalOerKUOfQQgThsk3sHu3GZzK',NULL,'2020-09-28 10:37:37','2020-09-28 10:37:37'),(1705,'NANDA ARTA WIJAYA','6571',NULL,'$2y$10$tMj8NthNStGUirG.T1ezheU2C7vStq7D8eTvCqQrUoviwpvkeDZ3O',NULL,'2020-09-28 10:37:37','2020-09-28 10:37:37'),(1706,'NAUFAL MUFID FEBRIAN','6572',NULL,'$2y$10$PnpxKdv5N5lAWeDqWbXRDOs8zYBPCIqbEjrPL7ECV5kWD15Y9xMFu',NULL,'2020-09-28 10:37:37','2020-09-28 10:37:37'),(1707,'NISRIN NADIAH PUTRI','6573',NULL,'$2y$10$eZsI3zlxtwO5cwWhurfcb.eT1UZxeTMCA5TzO8AWb0HJnMA2sDgFS',NULL,'2020-09-28 10:37:37','2020-09-28 10:37:37'),(1708,'NOVITA AJENG RAHMARULIA','6574',NULL,'$2y$10$ic10sMTqM0Hw2Bb5FvkSnejMRa4rHrvbVwAnidmcp9x/NVzHnOrLu',NULL,'2020-09-28 10:37:37','2020-09-28 10:37:37'),(1709,'PUTRI RAMADANI','6575',NULL,'$2y$10$8FHUfSRydQlelVe104.7lenearuUsEhjZMqVrdKnJVzKs6WkQTJk2',NULL,'2020-09-28 10:37:37','2020-09-28 10:37:37'),(1710,'Rahma Mahalia Ladaina ','6576',NULL,'$2y$10$prFU6PX8.XsBeWLjdrRUKe5aaHqgiyfAiG0uwvxt7v7WJAGyf7bfy',NULL,'2020-09-28 10:37:37','2020-09-28 10:37:37'),(1711,'RENDY DWI PERMANA','6577',NULL,'$2y$10$UZ8SCXCjyFnudzjCpxz2Ue3i2ahqPHSWsNL4ZjV2mHrx7unKleKki',NULL,'2020-09-28 10:37:38','2020-09-28 10:37:38'),(1712,'RICHARDO GILBERT RUDY YANTO','6578',NULL,'$2y$10$5r27/5ZDeygm4uhwgFxYyeNHyES47jI4Bmi/e11dDgy4RgQ63JAni',NULL,'2020-09-28 10:37:38','2020-09-28 10:37:38'),(1713,'ROY WILDAN NOVANTO','6579',NULL,'$2y$10$ZEiTH6XR4G58gqYHlVs6fOmJ.cYVkfFWAeuSLqUW8IKuN.mZtVglm',NULL,'2020-09-28 10:37:38','2020-09-28 10:37:38'),(1714,'SHAFA BERLIANA DHAMAYANTIE','6580',NULL,'$2y$10$MB2xKDj.pnJzB6WQiCiOA.6r2O/x6IJczplYTvujVwEDPK7Hzqatq',NULL,'2020-09-28 10:37:38','2020-09-28 10:37:38'),(1715,'SITI NUR HALIZA','6581',NULL,'$2y$10$pt688pt28KDRyVJl5ixuru.rZznpI50BODBKa8xPkXZXhpxC3q9dm',NULL,'2020-09-28 10:37:38','2020-09-28 10:37:38'),(1716,'YULAN ANDINI','6582',NULL,'$2y$10$oO6Yy6qiPxNiGRGuonlSfeeZG4hza6pMt25fAkTqWeqnYpO5pHY6y',NULL,'2020-09-28 10:37:38','2020-09-28 10:37:38'),(1717,'ADIBA AMALIA ELSHIVA','6512',NULL,'$2y$10$DkZjk99i0hlXY3nCtdT7/uE7MbHjUW2XTyKpTE.63SbBOjoBtjR1a',NULL,'2020-09-28 10:37:38','2020-09-28 10:37:38'),(1718,'AHMAD FADLIL ASY-SYAROFI','6513',NULL,'$2y$10$e0ApAJBBsAweqAIxlst9HeP3/VVXAkxmE8nOZ1F5HEl15brhzaOuG',NULL,'2020-09-28 10:37:38','2020-09-28 10:37:38'),(1719,'AHMAD RAFI ATHOILLAH','6514',NULL,'$2y$10$Uf4m3CtZAiN0F8QMdR5d..EUF92cfLhY/OeI5gQsZhKWakw3A0iZO',NULL,'2020-09-28 10:37:39','2020-09-28 10:37:39'),(1720,'ANDRE AJI SETYANTO','6515',NULL,'$2y$10$EuvQQQ80zaP5o9lXLb.i4ekeTS.Mj5MkSSASMHjN43nrCrFnp3B3K',NULL,'2020-09-28 10:37:39','2020-09-28 10:37:39'),(1721,'ARYA SULTAN ZAKY','6516',NULL,'$2y$10$OWgBKm91scgwEC0AZH6rTuRrRLz1PnTz5GmntplffCPQsMp8Ris02',NULL,'2020-09-28 10:37:39','2020-09-28 10:37:39'),(1722,'ASNINA. AS','6517',NULL,'$2y$10$DRGRBgqoUSZoWvcUBS1ep.QTEK67kpxxIc0BhA9RTMNlI1aDWVt3W',NULL,'2020-09-28 10:37:39','2020-09-28 10:37:39'),(1723,'AULIA SALWA','6518',NULL,'$2y$10$hbpLp6hRV0OMWVZInkte7.xNrXZp.juFioUSMwL7SEuLy1qQHw6Ry',NULL,'2020-09-28 10:37:39','2020-09-28 10:37:39'),(1724,'AYU TRISNA SETYANDINI','6584',NULL,'$2y$10$.qFArx/H/2JIsYyp2yxOS.Ptubybml.sjCLUKFQd.oYLrhzojBMmi',NULL,'2020-09-28 10:37:39','2020-09-28 10:37:39'),(1725,'BAGUS MUHAMMAD ARGI PRIHANTORO','6519',NULL,'$2y$10$AwmfEtlUGblIIY8HM.gigemFyklcHJcb1N6M37ywq1mP25y/MxOdu',NULL,'2020-09-28 10:37:39','2020-09-28 10:37:39'),(1726,'BELLA AULIA FADILLA','6520',NULL,'$2y$10$tK9Qvhpmbj/J6Du1LNXp6OfahNIB1yGFD7dM8plXkw9UKBfdkH4Ma',NULL,'2020-09-28 10:37:39','2020-09-28 10:37:39'),(1727,'BELVA AURELIA SHANA','6521',NULL,'$2y$10$caKQiTJhppTU/UKrm2V6xuk7opTriusrn0QVYVTTUu4UOeLKmUyGi',NULL,'2020-09-28 10:37:39','2020-09-28 10:37:39'),(1728,'DHEA AULIA','6522',NULL,'$2y$10$mzEJ/K9wng3jGLT53OCauO8Go9lLbu7148ui/g1IrY3vA5hlHhJjK',NULL,'2020-09-28 10:37:40','2020-09-28 10:37:40'),(1729,'HANA KIREI SASMITA','6523',NULL,'$2y$10$RtEr2KFGelzAYgqyacCg2e4DZ2wikF7r/sNHxCQ8lW94aQk97kQuG',NULL,'2020-09-28 10:37:40','2020-09-28 10:37:40'),(1730,'HASAN AL MUJTABA ALATAS','6524',NULL,'$2y$10$KENGjhsFWwQryNyb0HIeoevFziJTVrtAjiLEBlv9S0VZS85hItACq',NULL,'2020-09-28 10:37:40','2020-09-28 10:37:40'),(1731,'ILHAM WINANTYA PUTRA','6525',NULL,'$2y$10$tPTnFYiqzg4yfaXbFU/aSuKfAIuBK/Ti7MHv14Rk3zHAv7zfAZKsO',NULL,'2020-09-28 10:37:40','2020-09-28 10:37:40'),(1732,'INDANA LAZULFA','6526',NULL,'$2y$10$BG8kTB0hi6HXx8RN8Fo6WO334BXQlWCJ1NhX2kZ6bJYQ7Ukqhi0P6',NULL,'2020-09-28 10:37:40','2020-09-28 10:37:40'),(1733,'LAISLA BONITA','6527',NULL,'$2y$10$FclzAFhJpkj1XmaKg43y2eLoxsiegMP40CXTzY7mVzg.SmYr8sBmi',NULL,'2020-09-28 10:37:40','2020-09-28 10:37:40'),(1734,'M. Amrullah Setia Bella','6528',NULL,'$2y$10$BsZ8rPuhz56rpTfN2NVWquyFz8v7uE8nn.IH6UClxQksDvag9tb82',NULL,'2020-09-28 10:37:40','2020-09-28 10:37:40'),(1735,'MICHELLE PATRICIA','6529',NULL,'$2y$10$1AYLPi5myXypCeO9RzJLvOZiJWWWXIo6aIPvqhFggyQ/pFGeXChHW',NULL,'2020-09-28 10:37:40','2020-09-28 10:37:40'),(1736,'MUHAMMAD BINTANG NAVARRO','6530',NULL,'$2y$10$EvtS10NWXWPRKaLkhN6mjuq32nhV.EHuDEJwYo50BvIHP7Qj9WBHW',NULL,'2020-09-28 10:37:41','2020-09-28 10:37:41'),(1737,'MUHAMMAD HANIF AZHAHIR','6531',NULL,'$2y$10$lx9B0e7khZ5iDVfVGkfUCuJwPqqpTnTGe7rkwnPnkXSpsJaw4oo8.',NULL,'2020-09-28 10:37:41','2020-09-28 10:37:41'),(1738,'MUSLIMATUL AMINAH','6532',NULL,'$2y$10$5Kvi.2oOKlaxMlRbo5dr6eOk9X6yp7wzuWyldLgopZ4M0NeWQl3H.',NULL,'2020-09-28 10:37:41','2020-09-28 10:37:41'),(1739,'MUTIARA DWI NURANI','6533',NULL,'$2y$10$ebdtbtWNP3kUjwzlsgY/I.KdFnn6I3lwoIUSStPQk3t6Lxj9/1yv2',NULL,'2020-09-28 10:37:41','2020-09-28 10:37:41'),(1740,'NICOLAS ADRIANUS BUDIYANTO','6534',NULL,'$2y$10$BguQhDE98z5bbN8.d7hrq.U.G7KogntAW.I7M4eAIpyLUoyM.lIM6',NULL,'2020-09-28 10:37:41','2020-09-28 10:37:41'),(1741,'NONI AMALIA FITRI','6535',NULL,'$2y$10$gc9HrFveLEwxJf8OqnSAmOIgm46n/8FJuF78ktrQlDLDTZFaBWjRG',NULL,'2020-09-28 10:37:41','2020-09-28 10:37:41'),(1742,'RANI SORAYA','6536',NULL,'$2y$10$bzNsxoiCUNCk44Py6u9z5OyVUw/RNCGO2KStFFhAGorV5xd8UtdYG',NULL,'2020-09-28 10:37:41','2020-09-28 10:37:41'),(1743,'RAYA MAGHFIROTUNNISA','6537',NULL,'$2y$10$4Kqwu7YY3BxSRLf3zPxoTe.8ICQH0xfIk2Pqi/MYZVdXZ.imE7VlS',NULL,'2020-09-28 10:37:41','2020-09-28 10:37:41'),(1744,'RONAA NABIILAH','6539',NULL,'$2y$10$GvDhwwny6J4fQke7z.B9WuZgrrUpEjBZQ5XCYx.eQJgP2fkdVROs.',NULL,'2020-09-28 10:37:41','2020-09-28 10:37:41'),(1745,'SALMA NURUL BAIDHO','6540',NULL,'$2y$10$5FcL6zxcUuFnNUTVxpsrmuOAGW4Tb4X5KLspqo0Z8iAakXRdcYhl.',NULL,'2020-09-28 10:37:42','2020-09-28 10:37:42'),(1746,'SHAFIRA MAULIDYA','6541',NULL,'$2y$10$//vJK2oj/yVXsaJoT/kcKufV0EV6OgQuAAT2BFCPjobMwqWJ3WQ1y',NULL,'2020-09-28 10:37:42','2020-09-28 10:37:42'),(1747,'TARISA OKTAVIA','6542',NULL,'$2y$10$8jxWOnGtw7nEvH3ed7eVYuNqEMuG44X1ffrAVmKGUL2iQJrsqpvpK',NULL,'2020-09-28 10:37:42','2020-09-28 10:37:42'),(1748,'TISNA YULIANA','6543',NULL,'$2y$10$mJCmfxiGdqMHqiYJxuo0IeP0mXjCaux8N.WHb1uTfqC3/WTBaA.fi',NULL,'2020-09-28 10:37:42','2020-09-28 10:37:42'),(1749,'UMI SALAMAH','6544',NULL,'$2y$10$jDrJ.jz5QzKuO2zsvzEXnedxvu1hSlDN23QwVTNjPljqL.ANJ1dVC',NULL,'2020-09-28 10:37:42','2020-09-28 10:37:42'),(1750,'VALENCIA REGINA RENATA','6545',NULL,'$2y$10$9bHDhVmQFvIboH2yVtL2XOdA7sixQiVNL3a3CTNXsc9uVRDifVjRS',NULL,'2020-09-28 10:37:42','2020-09-28 10:37:42'),(1751,'WIDYA ANGGRAENI','6546',NULL,'$2y$10$QXVX/NI33C8LdHp3TQM5geJk4nGSrLsgt0xv8vosAHc5pPhX9atve',NULL,'2020-09-28 10:37:42','2020-09-28 10:37:42'),(1752,'YULIHANNA MAULIDYA','6547',NULL,'$2y$10$yWKEHi35PrgErPqz.jFCeuuXEJkbCG/i0b2g1zpLvgIhV7lOqm7Oe',NULL,'2020-09-28 10:37:42','2020-09-28 10:37:42');
/*!40000 ALTER TABLE `users` ENABLE KEYS */;
UNLOCK TABLES;
/*!40103 SET TIME_ZONE=@OLD_TIME_ZONE */;

/*!40101 SET SQL_MODE=@OLD_SQL_MODE */;
/*!40014 SET FOREIGN_KEY_CHECKS=@OLD_FOREIGN_KEY_CHECKS */;
/*!40014 SET UNIQUE_CHECKS=@OLD_UNIQUE_CHECKS */;
/*!40101 SET CHARACTER_SET_CLIENT=@OLD_CHARACTER_SET_CLIENT */;
/*!40101 SET CHARACTER_SET_RESULTS=@OLD_CHARACTER_SET_RESULTS */;
/*!40101 SET COLLATION_CONNECTION=@OLD_COLLATION_CONNECTION */;
/*!40111 SET SQL_NOTES=@OLD_SQL_NOTES */;

