
/*!40101 SET @OLD_CHARACTER_SET_CLIENT=@@CHARACTER_SET_CLIENT */;
/*!40101 SET @OLD_CHARACTER_SET_RESULTS=@@CHARACTER_SET_RESULTS */;
/*!40101 SET @OLD_COLLATION_CONNECTION=@@COLLATION_CONNECTION */;
/*!40101 SET NAMES utf8mb4 */;
/*!40103 SET @OLD_TIME_ZONE=@@TIME_ZONE */;
/*!40103 SET TIME_ZONE='+00:00' */;
/*!40014 SET @OLD_UNIQUE_CHECKS=@@UNIQUE_CHECKS, UNIQUE_CHECKS=0 */;
/*!40014 SET @OLD_FOREIGN_KEY_CHECKS=@@FOREIGN_KEY_CHECKS, FOREIGN_KEY_CHECKS=0 */;
/*!40101 SET @OLD_SQL_MODE=@@SQL_MODE, SQL_MODE='NO_AUTO_VALUE_ON_ZERO' */;
/*!40111 SET @OLD_SQL_NOTES=@@SQL_NOTES, SQL_NOTES=0 */;
DROP TABLE IF EXISTS `failed_jobs`;
/*!40101 SET @saved_cs_client     = @@character_set_client */;
/*!40101 SET character_set_client = utf8 */;
CREATE TABLE `failed_jobs` (
  `id` bigint(20) unsigned NOT NULL AUTO_INCREMENT,
  `uuid` varchar(255) COLLATE utf8mb4_unicode_ci NOT NULL,
  `connection` text COLLATE utf8mb4_unicode_ci NOT NULL,
  `queue` text COLLATE utf8mb4_unicode_ci NOT NULL,
  `payload` longtext COLLATE utf8mb4_unicode_ci NOT NULL,
  `exception` longtext COLLATE utf8mb4_unicode_ci NOT NULL,
  `failed_at` timestamp NOT NULL DEFAULT CURRENT_TIMESTAMP,
  PRIMARY KEY (`id`),
  UNIQUE KEY `failed_jobs_uuid_unique` (`uuid`)
) ENGINE=InnoDB DEFAULT CHARSET=utf8mb4 COLLATE=utf8mb4_unicode_ci;
/*!40101 SET character_set_client = @saved_cs_client */;

LOCK TABLES `failed_jobs` WRITE;
/*!40000 ALTER TABLE `failed_jobs` DISABLE KEYS */;
/*!40000 ALTER TABLE `failed_jobs` ENABLE KEYS */;
UNLOCK TABLES;
DROP TABLE IF EXISTS `guru`;
/*!40101 SET @saved_cs_client     = @@character_set_client */;
/*!40101 SET character_set_client = utf8 */;
CREATE TABLE `guru` (
  `id` bigint(20) unsigned NOT NULL AUTO_INCREMENT,
  `user_id` bigint(20) unsigned NOT NULL,
  `nama` varchar(255) COLLATE utf8mb4_unicode_ci NOT NULL,
  `nik` varchar(255) COLLATE utf8mb4_unicode_ci NOT NULL,
  `nip` varchar(255) COLLATE utf8mb4_unicode_ci DEFAULT NULL,
  `created_at` timestamp NULL DEFAULT NULL,
  `updated_at` timestamp NULL DEFAULT NULL,
  PRIMARY KEY (`id`)
) ENGINE=InnoDB AUTO_INCREMENT=52 DEFAULT CHARSET=utf8mb4 COLLATE=utf8mb4_unicode_ci;
/*!40101 SET character_set_client = @saved_cs_client */;

LOCK TABLES `guru` WRITE;
/*!40000 ALTER TABLE `guru` DISABLE KEYS */;
INSERT INTO `guru` VALUES (5,21,'Drs. Adi Prabowo','3326181603610001','196103161988031008','2020-09-28 07:29:31','2020-10-05 02:21:11'),(6,22,'Agus Arintono, S.Pd','3375031205660004','196605121989011005','2020-09-28 07:29:31','2020-10-05 04:52:02'),(7,23,'Agus Ciptono, M.Pd','3326150901660001','196601092002121001','2020-09-28 07:29:31','2020-10-05 04:52:10'),(8,24,'Agus Mintoro, S.Pd','3326141907650001','196507191989011002','2020-09-28 07:29:31','2020-10-05 04:52:18'),(9,25,'Akhmad Faisal','3326161403890041','','2020-09-28 07:29:31','2020-09-28 07:29:31'),(10,26,'Alimah','3375034303690005','196903032002122004','2020-09-28 07:29:32','2020-09-28 07:29:32'),(11,27,'Anis Ekawati','3302036208920002','199208222019022011','2020-09-28 07:29:32','2020-09-28 07:29:32'),(12,28,'Anita Notonegoro','3375014909680007','196809092002122003','2020-09-28 07:29:32','2020-09-28 07:29:32'),(13,29,'Ashfarah Karina Dewi, S. Pd','3325114112910002','199112012019022007','2020-09-28 07:29:32','2020-09-28 07:29:32'),(14,30,'Bianca Noorma Meydita','3375017105830004','','2020-09-28 07:29:32','2020-09-28 07:29:32'),(15,31,'Budi Setiyatmi, S.Pd','3375014405680004','196805041997022002','2020-09-28 07:29:32','2020-10-05 06:51:30'),(16,32,'C Wiwik Haryanti','3375035412670002','196712142006042004','2020-09-28 07:29:32','2020-09-28 07:29:32'),(17,33,'Cipto Suwarno','3326190103830002','198303012006041008','2020-09-28 07:29:32','2020-09-28 07:29:32'),(18,34,'Dadang Irwanto','3326080711900003','','2020-09-28 07:29:33','2020-09-28 07:29:33'),(19,35,'Dian Rochmaningsih','3375034212800006','198012022010012006','2020-09-28 07:29:33','2020-09-28 07:29:33'),(20,36,'Dina Oktaviana','3326135010780021','197810102003122007','2020-09-28 07:29:33','2020-09-28 07:29:33'),(21,37,'Dyah Catur Rachmintarti','3375016109620005','196209212000122001','2020-09-28 07:29:33','2020-09-28 07:29:33'),(22,38,'Edi Setiarso','3375032006680005','196806202002121001','2020-09-28 07:29:33','2020-09-28 07:29:33'),(23,39,'Edie Sochib El Samah','3326132401700001','197001242014061001','2020-09-28 07:29:33','2020-09-28 07:29:33'),(24,40,'Fauriana','3326136411800062','198011242009032002','2020-09-28 07:29:33','2020-09-28 07:29:33'),(25,41,'Heri Sutrisno','3375010406790003','197906042006041009','2020-09-28 07:29:33','2020-09-28 07:29:33'),(26,42,'Ike Dekawati Susiloningrum','3325124401830003','','2020-09-28 07:29:33','2020-09-28 07:29:33'),(27,43,'Jazuli, M.Pd','3326162603640022','196403261989011001','2020-09-28 07:29:34','2020-10-05 04:40:13'),(28,44,'Kasmali','3325112001650003','196501202003121002','2020-09-28 07:29:34','2020-09-28 07:29:34'),(29,45,'Kholidin','3325122711760001','197611272005011006','2020-09-28 07:29:34','2020-09-28 07:29:34'),(30,46,'Malikus Solekha, M.Pd.I','3375025209630001','196309121984052002','2020-09-28 07:29:34','2020-10-05 06:41:49'),(31,47,'Mardiyanto','3326150401660001','196601042002121001','2020-09-28 07:29:34','2020-09-28 07:29:34'),(32,48,'Drs. Mulyono','3375012311610005','196111231987031006','2020-09-28 07:29:34','2020-10-05 02:30:54'),(33,49,'Peter Sugiyanto','3375123456789012','','2020-09-28 07:29:34','2020-09-28 07:29:34'),(34,50,'Prabandari Diah Ayu P','3375024805880002','','2020-09-28 07:29:34','2020-09-28 07:29:34'),(35,51,'Purtriyekti','3326154202700001','197002022006042005','2020-09-28 07:29:34','2020-09-28 07:29:34'),(36,52,'Rachmatiyah, S.Pd','3375014411690003','196911041997022002','2020-09-28 07:29:35','2020-10-05 13:54:25'),(37,53,'Ratna Puspitasari','3375016302940007','','2020-09-28 07:29:35','2020-09-28 07:29:35'),(38,54,'Saiful Fallah','3375031601760012','197601162002121002','2020-09-28 07:29:35','2020-09-28 07:29:35'),(39,55,'Shyam Bintoro Aji','3327131505880003','','2020-09-28 07:29:35','2020-09-28 07:29:35'),(40,56,'Sintawati','3375016602640004','196402261987032001','2020-09-28 07:29:35','2020-09-28 07:29:35'),(41,57,'Siti Aisah Henny','3375014405670004','196705042008012013','2020-09-28 07:29:35','2020-09-28 07:29:35'),(42,58,'Siti Rikhanah','3375024805630003','196305082002122001','2020-09-28 07:29:35','2020-09-28 07:29:35'),(43,59,'Sri Hartini','3375035403750004','197503142006042009','2020-09-28 07:29:35','2020-09-28 07:29:35'),(44,60,'Sri Kurniah','3375026203730004','','2020-09-28 07:29:36','2020-09-28 07:29:36'),(45,61,'Steffi Dian Kemalasari','3325114305890005','198905032011012004','2020-09-28 07:29:36','2020-09-28 07:29:36'),(46,62,'Suciati','3325114104750003','197504012006042022','2020-09-28 07:29:36','2020-09-28 07:29:36'),(47,63,'Sumartono, M.Pd','3375010503660008','196603051988031011','2020-09-28 07:29:36','2020-10-05 04:52:39'),(48,64,'Drs. Suyoto','3375012605620008','196205261988031003','2020-09-28 07:29:36','2020-10-05 02:51:15'),(49,65,'Tatik Orbaningsih','3326166810680002','196810281994122004','2020-09-28 07:29:36','2020-09-28 07:29:36'),(50,66,'Tri Yuli Raharjo, S.Pd','3325110808650001','196508081989031016','2020-09-28 07:29:36','2020-10-05 06:38:54'),(51,67,'Yustina Kunari','3326145009760004','197609102006042022','2020-09-28 07:29:36','2020-09-28 07:29:36');
/*!40000 ALTER TABLE `guru` ENABLE KEYS */;
UNLOCK TABLES;
DROP TABLE IF EXISTS `jurusan`;
/*!40101 SET @saved_cs_client     = @@character_set_client */;
/*!40101 SET character_set_client = utf8 */;
CREATE TABLE `jurusan` (
  `id` bigint(20) unsigned NOT NULL AUTO_INCREMENT,
  `nama` varchar(255) COLLATE utf8mb4_unicode_ci NOT NULL,
  `singkat` varchar(255) COLLATE utf8mb4_unicode_ci NOT NULL,
  `tingkat` int(11) NOT NULL,
  `created_at` timestamp NULL DEFAULT NULL,
  `updated_at` timestamp NULL DEFAULT NULL,
  `thajaran` varchar(255) COLLATE utf8mb4_unicode_ci NOT NULL,
  PRIMARY KEY (`id`)
) ENGINE=InnoDB AUTO_INCREMENT=7 DEFAULT CHARSET=utf8mb4 COLLATE=utf8mb4_unicode_ci;
/*!40101 SET character_set_client = @saved_cs_client */;

LOCK TABLES `jurusan` WRITE;
/*!40000 ALTER TABLE `jurusan` DISABLE KEYS */;
INSERT INTO `jurusan` VALUES (1,'Matematika & Ilmu Pengetahuan Alam','MIPA',10,'2020-09-29 08:51:22','2020-09-29 08:51:22','20211'),(2,'Matematika & Ilmu Pengetahuan Alam','MIPA',11,'2020-09-29 08:57:32','2020-09-29 08:57:32','20211'),(3,'Matematika & Ilmu Pengetahuan Alam','MIPA',12,'2020-09-29 08:57:52','2020-09-29 08:57:52','20211'),(4,'Ilmu Pengetahuan Sosial','IPS',10,'2020-09-29 08:58:15','2020-09-29 08:58:15','20211'),(5,'Ilmu Pengetahuan Sosial','IPS',11,'2020-09-29 08:58:48','2020-09-29 08:58:48','20211'),(6,'Ilmu Pengetahuan Sosial','IPS',12,'2020-09-29 08:59:02','2020-09-29 08:59:02','20211');
/*!40000 ALTER TABLE `jurusan` ENABLE KEYS */;
UNLOCK TABLES;
DROP TABLE IF EXISTS `kelas`;
/*!40101 SET @saved_cs_client     = @@character_set_client */;
/*!40101 SET character_set_client = utf8 */;
CREATE TABLE `kelas` (
  `id` bigint(20) unsigned NOT NULL AUTO_INCREMENT,
  `nama` varchar(255) COLLATE utf8mb4_unicode_ci NOT NULL,
  `jurusan_id` bigint(20) unsigned NOT NULL,
  `author_id` bigint(20) unsigned NOT NULL,
  `created_at` timestamp NULL DEFAULT NULL,
  `updated_at` timestamp NULL DEFAULT NULL,
  `thajaran` varchar(255) COLLATE utf8mb4_unicode_ci NOT NULL,
  PRIMARY KEY (`id`)
) ENGINE=InnoDB AUTO_INCREMENT=22 DEFAULT CHARSET=utf8mb4 COLLATE=utf8mb4_unicode_ci;
/*!40101 SET character_set_client = @saved_cs_client */;

LOCK TABLES `kelas` WRITE;
/*!40000 ALTER TABLE `kelas` DISABLE KEYS */;
INSERT INTO `kelas` VALUES (1,'X MIPA 1',1,1,'2020-09-29 08:55:59','2020-09-29 08:55:59','20211'),(2,'X MIPA 2',1,1,'2020-09-29 08:56:58','2020-09-29 08:56:58','20211'),(3,'X MIPA 3',1,1,'2020-09-29 08:59:25','2020-09-29 08:59:25','20211'),(4,'X MIPA 4',1,1,'2020-09-29 09:00:05','2020-09-29 09:00:05','20211'),(5,'X MIPA 5',1,1,'2020-09-29 09:00:17','2020-09-29 09:00:17','20211'),(6,'X IPS 1',4,1,'2020-09-29 09:00:29','2020-09-29 09:00:29','20211'),(7,'X IPS 2',4,1,'2020-09-29 09:01:04','2020-09-29 09:01:04','20211'),(8,'XI MIPA 1',2,1,'2020-09-29 09:01:44','2020-09-29 09:01:44','20211'),(9,'XI MIPA 2',2,1,'2020-09-29 09:02:59','2020-09-29 09:02:59','20211'),(10,'XI MIPA 3',2,1,'2020-09-29 09:03:37','2020-09-29 09:03:37','20211'),(11,'XI MIPA 4',2,1,'2020-09-29 09:03:48','2020-09-29 09:03:48','20211'),(12,'XI MIPA 5',2,1,'2020-09-29 09:04:05','2020-09-29 09:04:05','20211'),(13,'XI IPS 1',5,1,'2020-09-29 09:04:27','2020-09-29 09:04:27','20211'),(14,'XI IPS 2',5,1,'2020-09-29 09:05:08','2020-09-29 09:05:08','20211'),(15,'XII MIPA 1',3,1,'2020-09-29 09:05:26','2020-09-29 09:05:26','20211'),(16,'XII MIPA 2',3,1,'2020-09-29 09:05:55','2020-09-29 09:05:55','20211'),(17,'XII MIPA 3',3,1,'2020-09-29 09:06:17','2020-09-29 09:06:17','20211'),(18,'XII MIPA 4',3,1,'2020-09-29 09:07:13','2020-09-29 09:07:13','20211'),(19,'XII MIPA 5',3,1,'2020-09-29 09:07:24','2020-09-29 09:07:24','20211'),(20,'XII IPS 1',6,1,'2020-09-29 09:07:34','2020-09-29 09:07:34','20211'),(21,'XII IPS 2',6,1,'2020-09-29 09:07:44','2020-09-29 09:07:44','20211');
/*!40000 ALTER TABLE `kelas` ENABLE KEYS */;
UNLOCK TABLES;
DROP TABLE IF EXISTS `kelasonline`;
/*!40101 SET @saved_cs_client     = @@character_set_client */;
/*!40101 SET character_set_client = utf8 */;
CREATE TABLE `kelasonline` (
  `id` bigint(20) unsigned NOT NULL AUTO_INCREMENT,
  `kelas_id` bigint(20) unsigned NOT NULL,
  `mapel_id` bigint(20) unsigned NOT NULL,
  `author_id` bigint(20) unsigned NOT NULL,
  `materi` varchar(255) COLLATE utf8mb4_unicode_ci NOT NULL,
  `isi_materi` longtext COLLATE utf8mb4_unicode_ci NOT NULL,
  `wkt_masuk` datetime NOT NULL,
  `wkt_selesai` datetime NOT NULL,
  `file` text COLLATE utf8mb4_unicode_ci,
  `video_path` text COLLATE utf8mb4_unicode_ci,
  `created_at` timestamp NULL DEFAULT NULL,
  `updated_at` timestamp NULL DEFAULT NULL,
  PRIMARY KEY (`id`)
) ENGINE=InnoDB AUTO_INCREMENT=216 DEFAULT CHARSET=utf8mb4 COLLATE=utf8mb4_unicode_ci;
/*!40101 SET character_set_client = @saved_cs_client */;

LOCK TABLES `kelasonline` WRITE;
/*!40000 ALTER TABLE `kelasonline` DISABLE KEYS */;
INSERT INTO `kelasonline` VALUES (5,4,46,67,'Pengukuran','<p>Assalamu&#39;alaikum wr. wb.</p>\n\n<p>Selamat pagi semuanya. Tetap semangat PJJ Daring ON Line dengan SMAGA SMART.</p>\n\n<p>Kita berdoa terlebih dahulu.</p>\n\n<p>Agenda kegiatan kita hari Senin, 10 Agustus 2020 adalah :</p>\n\n<p>1. Membuka Menu Utama Pembelajaran yang berguna sebagai bukti kehadiran di KBM PJJ Daring ON Line dengan SMAGA SMART. Setelah selesai kegiatan, maka secara otomatis akan terrekap dalam&nbsp;<strong>JURNAL PEMBELAJARA</strong>N. Di dalam Jurnal tersebut disajikan data nama siswa yang hadir dan jumlah yang hadir, termasuk data nama siswa yang tidak hadir dan jumlah yang tidak hadir. J<em><strong>ADI SILAHKAN WAJIB MEMBUKA MENU UTAMA PEMBELAJARAN.</strong></em></p>\n\n<p>2. Membaca, melihat dan mendengarkan sajian materi yang disajikan yaitu&nbsp;<strong>Dinamika Rotasi dan Kesetimbangan Benda Tegar di SWAY&nbsp;</strong>yang disajikan berikut ini. Silahkan setelah mengikuti kegiatan kalian catat dalam buku catatan.&nbsp;</p>\n\n<p>Selamat belajar.</p>\n\n<p>Rendah hati tinggi prestasi Smaga Hebat.</p>\n\n<p>Wassalammu&#39;alaikum wr. wb.</p>\n','2020-10-08 19:05:00','2020-10-08 11:05:00',NULL,NULL,'2020-10-01 16:06:15','2020-10-01 19:11:44'),(7,2,46,67,'Angka Penting','<p>Assalamu&#39;alaikum wr. wb.</p>\n\n<p>Selamat pagi semuanya. Tetap semangat PJJ Daring ON Line dengan SMAGA SMART.</p>\n\n<p>Kita berdoa terlebih dahulu.</p>\n\n<p>Agenda kegiatan kita hari&nbsp;<strong><em>Rabu, 12 Agustus 2020</em></strong>&nbsp;adalah :</p>\n\n<p>1. Membuka Menu Utama Pembelajaran yang berguna sebagai bukti kehadiran di KBM PJJ Daring ON Line dengan SMAGA SMART. Setelah selesai kegiatan, maka secara otomatis akan terrekap dalam&nbsp;<strong>JURNAL PEMBELAJARA</strong>N. Di dalam Jurnal tersebut disajikan data nama siswa yang hadir dan jumlah yang hadir, termasuk data nama siswa yang tidak hadir dan jumlah yang tidak hadir.&nbsp;<strong><em>J<strong>ADI SILAHKAN WAJIB MEMBUKA MENU UTAMA PEMBELAJARAN.</strong></em></strong></p>\n\n<p>2. Membaca, melihat dan mendengarkan sajian materi yang disajikan yaitu&nbsp;<strong>Angka penting di SWAY&nbsp;</strong>yang disajikan berikut ini. Silahkan setelah mengikuti kegiatan kalian catat dalam buku catatan.</p>\n\n<p>3. Kerjakan latihan soal angka penting, dan tidak usah dikumpulkan</p>\n\n<p>4. Rabu, 12 Agustus 2020 jam 11.05 pelaksanaan UH Susulan dan remidial</p>\n\n<p>&nbsp;</p>\n\n<p>Selamat belajar.</p>\n\n<p>Rendah hati tinggi prestasi Smaga Hebat.</p>\n\n<p>Wassalammu&#39;alaikum wr. wb.</p>\n','2020-10-05 01:38:00','2020-10-05 01:40:00',NULL,NULL,'2020-10-01 18:39:07','2020-10-01 18:39:07'),(8,1,46,67,'Pengukuran, Angka Penting dan Vektor','<p>Assalamu&#39;alaikum wr. wb.</p>\n\n<p>Selamat pagi semuanya. Tetap semangat PJJ Daring ON Line dengan SMAGA SMART.</p>\n\n<p>Kita berdoa terlebih dahulu.</p>\n\n<p><strong><em>Agenda kegiatan kita hari SENIN, 24 Agustus 2020 adalah :</em></strong></p>\n\n<p>1. Membuka Menu Utama Pembelajaran yang berguna sebagai bukti kehadiran di KBM PJJ Daring ON Line dengan SMAGA SMART. Setelah selesai kegiatan, maka secara otomatis akan terrekap dalam&nbsp;<strong>JURNAL PEMBELAJARA</strong>N. Di dalam Jurnal tersebut disajikan data nama siswa yang hadir dan jumlah yang hadir, termasuk data nama siswa yang tidak hadir dan jumlah yang tidak hadir.&nbsp;<strong><em>J</em></strong><em><strong>ADI SILAHKAN WAJIB MEMBUKA MENU UTAMA PEMBELAJARAN.</strong></em></p>\n\n<p>2. Membaca, melihat dan mendengarkan sajian materi yang disajikan yaitu&nbsp;<strong>Power Point Vektor bias dilihat kembali di WA Group FISIKA X MIPA 2&nbsp;</strong>yang disajikan berikut ini. Silahkan setelah mengikuti kegiatan kalian catat dalam buku catatan.</p>\n\n<p>3. Kerjakan uji kompetensi halaman 31 &ndash; 35 Pilihan Ganda dan Essay, kerjakan di buku catatan. Jawaban dikirim di menu tugas.</p>\n\n<p>Selamat belajar.</p>\n\n<p>Rendah hati tinggi prestasi Smaga Hebat.</p>\n\n<p>Wassalammu&#39;alaikum wr. wb</p>\n','2020-10-03 01:59:00','2020-10-03 02:59:00',NULL,NULL,'2020-10-01 18:59:17','2020-10-03 00:26:20'),(9,3,46,67,'GERAK LURUS BERATURAN DAN GERAK LURUS BERUBAH BERATURAN','<p>Agenda UH X Mipa 3 :</p>\n\n<p>1. KD 3.1 Menerapkan prinsip-prinsip pengukuran besaran fisis, ketepatan, ketelitian dan angka penting, serta notasi ilmiah</p>\n\n<p>Hari Senin , 5 Oktober 2020 jam 11.00 WIB</p>\n\n<p>2. KD&nbsp;3.2 Menerapkan prinsip penjumlahan vektor sebidang (misalnya perpindahan)</p>\n\n<p>Hari Senin , 12&nbsp;Oktober 2020 jam 11.00 WIB</p>\n\n<p>3. KD&nbsp;3.3 Menganalisis besaran-besaran fisis pada gerak lurus dengan kecepatan konstan (tetap) dan gerak lurus dengan percepatan konstan (tetap) berikut penerapannya dalam kehidupan sehari-hari misalnya keselamatan lalu lintas</p>\n\n<p>Hari Senin , 19&nbsp;Oktober 2020 jam 11.00 WIB</p>\n\n<p>4. KD 3.4 Menganalisis gerak parabola dengan menggunakan vektor, berikut makna fisisnya dan penerapannya dalam kehidupan sehari-hari</p>\n\n<p>Hari Senin , 2&nbsp;November&nbsp;2020 jam 11.00 WIB</p>\n\n<p>5. KD 3.5 Menganalisis besaran fisis pada gerak melingkar dengan laju konstan (tetap) dan penerapannya dalam kehidupan sehari-hari</p>\n\n<p>Hari Senin , 18&nbsp;November&nbsp;2020 jam 11.00 WIB</p>\n\n<h2><strong>materi lihat di GCR</strong></h2>\n','2020-10-03 02:01:00','2020-10-03 02:03:00',NULL,NULL,'2020-10-01 19:02:11','2020-10-01 19:02:11'),(10,4,46,67,'GERAK LURUS BERATURAN DAN GERAK LURUS BERUBAH BERATURAN','<p>Agenda UH X Mipa 3 :</p>\n\n<p>1. KD 3.1 Menerapkan prinsip-prinsip pengukuran besaran fisis, ketepatan, ketelitian dan angka penting, serta notasi ilmiah</p>\n\n<p>Hari Senin , 5 Oktober 2020 jam 11.00 WIB</p>\n\n<p>2. KD&nbsp;3.2 Menerapkan prinsip penjumlahan vektor sebidang (misalnya perpindahan)</p>\n\n<p>Hari Senin , 12&nbsp;Oktober 2020 jam 11.00 WIB</p>\n\n<p>3. KD&nbsp;3.3 Menganalisis besaran-besaran fisis pada gerak lurus dengan kecepatan konstan (tetap) dan gerak lurus dengan percepatan konstan (tetap) berikut penerapannya dalam kehidupan sehari-hari misalnya keselamatan lalu lintas</p>\n\n<p>Hari Senin , 19&nbsp;Oktober 2020 jam 11.00 WIB</p>\n\n<p>4. KD 3.4 Menganalisis gerak parabola dengan menggunakan vektor, berikut makna fisisnya dan penerapannya dalam kehidupan sehari-hari</p>\n\n<p>Hari Senin , 2&nbsp;November&nbsp;2020 jam 11.00 WIB</p>\n\n<p>5. KD 3.5 Menganalisis besaran fisis pada gerak melingkar dengan laju konstan (tetap) dan penerapannya dalam kehidupan sehari-hari</p>\n\n<p>Hari Senin , 18&nbsp;November&nbsp;2020 jam 11.00 WIB</p>\n\n<h2><strong>materi lihat di GCR</strong></h2>\n','2020-10-03 02:01:00','2020-10-03 02:03:00',NULL,NULL,'2020-10-03 12:11:40','2020-10-03 12:11:40'),(116,7,56,31,'Corporis qui eum possimus et.','I\'ll write one--but I\'m grown up now,\' she said, \'than waste it in a tone of delight, which changed into alarm in another moment, when she looked down at her as she spoke--fancy CURTSEYING as you\'re falling through the doorway; \'and even if my head would go round and swam slowly back to the other: the Duchess began in a long, low hall, which was lit up by two guinea-pigs, who were giving it a minute or two, looking for them, but they were all crowded together at one corner of it: for she could.','2020-10-09 09:03:18','2020-10-09 11:03:18',NULL,'https://www.youtube.com/watch?v=eJnQBXmZ7Ek&list=RDTfaq4UTH7P0&index=3','2020-10-05 18:40:16','2020-10-05 18:40:16'),(117,20,33,54,'Quia impedit aut enim voluptate nihil ut dolorem.','I almost wish I hadn\'t drunk quite so much!\' said Alice, \'we learned French and music.\' \'And washing?\' said the Hatter. He came in with a trumpet in one hand and a piece of evidence we\'ve heard yet,\' said the March Hare, \'that \"I like what I should be raving mad--at least not so mad as it didn\'t sound at all a pity. I said \"What for?\"\' \'She boxed the Queen\'s absence, and were quite silent, and looked at the Gryphon at the Caterpillar\'s making such VERY short remarks, and she tried another.','2020-10-13 04:11:01','2020-10-13 06:11:01',NULL,'https://www.youtube.com/watch?v=eJnQBXmZ7Ek&list=RDTfaq4UTH7P0&index=3','2020-10-05 18:40:16','2020-10-05 18:40:16'),(118,15,57,31,'Doloribus perferendis praesentium repudiandae ab expedita totam.','I see\"!\' \'You might just as well. The twelve jurors were writing down \'stupid things!\' on their backs was the Rabbit came near her, she began, rather timidly, saying to her usual height. It was all very well without--Maybe it\'s always pepper that makes them bitter--and--and barley-sugar and such things that make children sweet-tempered. I only knew how to set about it; if I\'m Mabel, I\'ll stay down here with me! There are no mice in the chimney close above her: then, saying to her in an.','2020-10-08 02:26:36','2020-10-08 04:26:36',NULL,'https://www.youtube.com/watch?v=eJnQBXmZ7Ek&list=RDTfaq4UTH7P0&index=3','2020-10-05 18:40:16','2020-10-05 18:40:16'),(119,8,33,54,'Sapiente nihil sed optio quaerat et facere magni.','Dormouse,\' thought Alice; but she thought at first she would catch a bat, and that\'s all I can do without lobsters, you know. Come on!\' So they went on talking: \'Dear, dear! How queer everything is to-day! And yesterday things went on at last, more calmly, though still sobbing a little sharp bark just over her head impatiently; and, turning to Alice. \'Nothing,\' said Alice. \'You are,\' said the Gryphon. \'Turn a somersault in the last few minutes she heard was a little startled when she went.','2020-10-06 19:57:35','2020-10-06 21:57:35',NULL,'https://www.youtube.com/watch?v=eJnQBXmZ7Ek&list=RDTfaq4UTH7P0&index=3','2020-10-05 18:40:16','2020-10-05 18:40:16'),(120,19,4,24,'Quaerat omnis reiciendis cupiditate vero eligendi quasi quia.','Queen, turning purple. \'I won\'t!\' said Alice. \'Why not?\' said the Hatter, \'when the Queen said--\' \'Get to your places!\' shouted the Queen, the royal children, and everybody else. \'Leave off that!\' screamed the Gryphon. \'The reason is,\' said the Gryphon, sighing in his note-book, cackled out \'Silence!\' and read as follows:-- \'The Queen will hear you! You see, she came upon a little bottle that stood near the door opened inwards, and Alice\'s elbow was pressed hard against it, that attempt proved.','2020-10-13 21:33:09','2020-10-13 23:33:09',NULL,'https://www.youtube.com/watch?v=eJnQBXmZ7Ek&list=RDTfaq4UTH7P0&index=3','2020-10-05 18:40:16','2020-10-05 18:40:16'),(121,16,44,65,'Reprehenderit soluta adipisci dicta consequuntur.','Duchess was VERY ugly; and secondly, because she was coming to, but it had lost something; and she thought it over here,\' said the Duchess. \'I make you grow taller, and the cool fountains. CHAPTER VIII. The Queen\'s argument was, that anything that had fluttered down from the change: and Alice heard the Rabbit asked. \'No, I didn\'t,\' said Alice: \'she\'s so extremely--\' Just then she noticed a curious dream, dear, certainly: but now run in to your tea; it\'s getting late.\' So Alice got up and.','2020-10-14 00:41:49','2020-10-14 02:41:49',NULL,'https://www.youtube.com/watch?v=eJnQBXmZ7Ek&list=RDTfaq4UTH7P0&index=3','2020-10-05 18:40:16','2020-10-05 18:40:16'),(122,4,66,51,'Omnis praesentium adipisci voluptatem.','And with that she wasn\'t a bit afraid of it. Presently the Rabbit coming to look at the Hatter, \'I cut some more of the Queen\'s ears--\' the Rabbit came near her, about the twentieth time that day. \'A likely story indeed!\' said the Caterpillar angrily, rearing itself upright as it happens; and if it please your Majesty?\' he asked. \'Begin at the stick, and made a rush at the stick, and made a rush at Alice for protection. \'You shan\'t be beheaded!\' \'What for?\' said Alice. \'Exactly so,\' said.','2020-10-08 15:50:42','2020-10-08 17:50:42',NULL,'https://www.youtube.com/watch?v=eJnQBXmZ7Ek&list=RDTfaq4UTH7P0&index=3','2020-10-05 18:40:16','2020-10-05 18:40:16'),(123,19,41,62,'Molestias officia qui adipisci ut laborum.','AND WASHING--extra.\"\' \'You couldn\'t have done that, you know,\' Alice gently remarked; \'they\'d have been a holiday?\' \'Of course it is,\' said the King. (The jury all looked puzzled.) \'He must have prizes.\' \'But who is to do anything but sit with its tongue hanging out of sight; and an Eaglet, and several other curious creatures. Alice led the way, and nothing seems to be managed? I suppose you\'ll be asleep again before it\'s done.\' \'Once upon a neat little house, on the breeze that followed them.','2020-10-15 05:28:16','2020-10-15 07:28:16',NULL,'https://www.youtube.com/watch?v=eJnQBXmZ7Ek&list=RDTfaq4UTH7P0&index=3','2020-10-05 18:40:16','2020-10-05 18:40:16'),(124,17,43,64,'Ab quae qui commodi facere voluptatem voluptas quae sit.','I am to see you again, you dear old thing!\' said Alice, feeling very glad to find herself talking familiarly with them, as if she had put on his flappers, \'--Mystery, ancient and modern, with Seaography: then Drawling--the Drawling-master was an immense length of neck, which seemed to be a footman in livery, with a little pattering of feet on the floor: in another moment, when she next peeped out the words: \'Where\'s the other birds tittered audibly. \'What I was sent for.\' \'You ought to eat the.','2020-10-15 00:45:30','2020-10-15 02:45:30',NULL,'https://www.youtube.com/watch?v=eJnQBXmZ7Ek&list=RDTfaq4UTH7P0&index=3','2020-10-05 18:40:16','2020-10-05 18:40:16'),(125,1,43,64,'Quo expedita saepe consequatur nisi debitis delectus est.','Alice sadly. \'Hand it over afterwards, it occurred to her to carry it further. So she set off at once: one old Magpie began wrapping itself up very carefully, remarking, \'I really must be what he did it,) he did with the bread-knife.\' The March Hare said--\' \'I didn\'t!\' the March Hare, \'that \"I like what I get\" is the same when I breathe\"!\' \'It IS the same age as herself, to see it trying in a louder tone. \'ARE you to sit down without being seen, when she noticed that one of the deepest.','2020-10-06 19:19:28','2020-10-06 21:19:28',NULL,'https://www.youtube.com/watch?v=eJnQBXmZ7Ek&list=RDTfaq4UTH7P0&index=3','2020-10-05 18:40:16','2020-10-05 18:40:16'),(126,6,50,43,'Aliquam quia nulla et quo.','Rabbit, and had to double themselves up and say \"Who am I to do?\' said Alice. \'Why?\' \'IT DOES THE BOOTS AND SHOES.\' the Gryphon interrupted in a sorrowful tone, \'I\'m afraid I can\'t show it you myself,\' the Mock Turtle Soup is made from,\' said the Queen, turning purple. \'I won\'t!\' said Alice. \'Of course not,\' Alice replied in an offended tone, and everybody else. \'Leave off that!\' screamed the Gryphon. \'I mean, what makes them so shiny?\' Alice looked up, but it puzzled her very earnestly, \'Now.','2020-10-08 00:25:13','2020-10-08 02:25:13',NULL,'https://www.youtube.com/watch?v=eJnQBXmZ7Ek&list=RDTfaq4UTH7P0&index=3','2020-10-05 18:40:16','2020-10-05 18:40:16'),(127,9,64,32,'Hic eos autem quia rerum at.','<p>King hastily said, and went stamping about, and crept a little door into that lovely garden. First, however, she went back to the law, And argued each case with my wife; And the Gryphon as if it thought that she could not remember the simple rules their friends had taught them: such as, that a moment&#39;s delay would cost them their lives. All the time they were nowhere to be no doubt that it was getting so used to queer things happening. While she was going to be, from one of the house if it.</p>\n','2020-10-14 09:02:37','2020-10-14 11:02:37',NULL,'https://www.youtube.com/watch?v=eJnQBXmZ7Ek&list=RDTfaq4UTH7P0&index=3','2020-10-05 18:40:16','2020-10-05 18:41:31'),(128,7,48,48,'Tempora sapiente pariatur labore aut assumenda iure.','King. \'It began with the next verse,\' the Gryphon whispered in a hot tureen! Who for such dainties would not open any of them. However, on the song, perhaps?\' \'I\'ve heard something like this:-- \'Fury said to itself \'Then I\'ll go round a deal faster than it does.\' \'Which would NOT be an old Crab took the hookah into its nest. Alice crouched down among the bright eager eyes were nearly out of his great wig.\' The judge, by the time it vanished quite slowly, beginning with the distant green.','2020-10-09 04:46:48','2020-10-09 06:46:48',NULL,'https://www.youtube.com/watch?v=eJnQBXmZ7Ek&list=RDTfaq4UTH7P0&index=3','2020-10-05 18:40:16','2020-10-05 18:40:16'),(129,16,2,22,'Voluptas quos debitis aut harum et neque dolor.','Mock Turtle, suddenly dropping his voice; and the bright eager eyes were getting extremely small for a great many more than nine feet high, and her eyes anxiously fixed on it, for she was in the sun. (IF you don\'t even know what \"it\" means well enough, when I was sent for.\' \'You ought to eat or drink under the sea--\' (\'I haven\'t,\' said Alice)--\'and perhaps you haven\'t found it advisable--\"\' \'Found WHAT?\' said the Caterpillar contemptuously. \'Who are YOU?\' Which brought them back again to the.','2020-10-15 12:52:03','2020-10-15 14:52:03',NULL,'https://www.youtube.com/watch?v=eJnQBXmZ7Ek&list=RDTfaq4UTH7P0&index=3','2020-10-05 18:40:16','2020-10-05 18:40:16'),(130,3,61,36,'Neque quia qui veritatis doloremque optio.','Rome, and Rome--no, THAT\'S all wrong, I\'m certain! I must have prizes.\' \'But who is Dinah, if I can reach the key; and if the Queen say only yesterday you deserved to be seen--everything seemed to be sure, this generally happens when one eats cake, but Alice had no idea how confusing it is to find that she remained the same when I sleep\" is the capital of Rome, and Rome--no, THAT\'S all wrong, I\'m certain! I must sugar my hair.\" As a duck with its head, it WOULD twist itself round and get ready.','2020-10-06 03:05:04','2020-10-06 05:05:04',NULL,'https://www.youtube.com/watch?v=eJnQBXmZ7Ek&list=RDTfaq4UTH7P0&index=3','2020-10-05 18:40:16','2020-10-05 18:40:16'),(131,3,61,36,'Accusamus doloremque rerum culpa qui quam totam.','They had not the smallest idea how confusing it is I hate cats and dogs.\' It was so full of tears, \'I do wish I hadn\'t drunk quite so much!\' Alas! it was a general chorus of voices asked. \'Why, SHE, of course,\' the Mock Turtle in a low, hurried tone. He looked anxiously over his shoulder with some severity; \'it\'s very easy to know when the White Rabbit read out, at the stick, running a very truthful child; \'but little girls of her head was so small as this is May it won\'t be raving mad--at.','2020-10-13 17:01:55','2020-10-13 19:01:55',NULL,'https://www.youtube.com/watch?v=eJnQBXmZ7Ek&list=RDTfaq4UTH7P0&index=3','2020-10-05 18:40:16','2020-10-05 18:40:16'),(132,9,64,32,'Magni quo fugiat nesciunt officiis.','Adventures, till she had never left off when they saw Alice coming. \'There\'s PLENTY of room!\' said Alice to herself. \'Shy, they seem to come yet, please your Majesty,\' the Hatter with a sigh. \'I only took the place of the crowd below, and there she saw maps and pictures hung upon pegs. She took down a jar from one foot up the fan and the Dormouse crossed the court, arm-in-arm with the clock. For instance, if you were or might have been ill.\' \'So they were,\' said the March Hare went \'Sh! sh!\'.','2020-10-11 23:34:18','2020-10-12 01:34:18',NULL,'https://www.youtube.com/watch?v=eJnQBXmZ7Ek&list=RDTfaq4UTH7P0&index=3','2020-10-05 18:40:16','2020-10-05 18:40:16'),(133,13,48,48,'Occaecati ut est assumenda sunt vitae.','Gryphon in an undertone to the table, but it is.\' \'Then you should say what you had been looking at it again: but he could go. Alice took up the other, and growing sometimes taller and sometimes she scolded herself so severely as to prevent its undoing itself,) she carried it out into the teapot. \'At any rate he might answer questions.--How am I then? Tell me that first, and then the different branches of Arithmetic--Ambition, Distraction, Uglification, and Derision.\' \'I never heard it.','2020-10-12 15:11:52','2020-10-12 17:11:52',NULL,'https://www.youtube.com/watch?v=eJnQBXmZ7Ek&list=RDTfaq4UTH7P0&index=3','2020-10-05 18:40:16','2020-10-05 18:40:16'),(134,1,26,46,'Voluptatem labore possimus eum quo.','Cheshire cat,\' said the Duchess. An invitation from the Queen never left off writing on his spectacles and looked very uncomfortable. The moment Alice appeared, she was a body to cut it off from: that he had to ask his neighbour to tell me who YOU are, first.\' \'Why?\' said the Footman, and began to cry again. \'You ought to be almost out of that is--\"The more there is of yours.\"\' \'Oh, I BEG your pardon!\' cried Alice hastily, afraid that she had but to get very tired of being upset, and their.','2020-10-15 11:54:21','2020-10-15 13:54:21',NULL,'https://www.youtube.com/watch?v=eJnQBXmZ7Ek&list=RDTfaq4UTH7P0&index=3','2020-10-05 18:40:16','2020-10-05 18:40:16'),(135,14,1,21,'Et quae iste repellat quia.','She was looking for it, you may stand down,\' continued the Hatter, and, just as she spoke--fancy CURTSEYING as you\'re falling through the air! Do you think, at your age, it is all the rats and--oh dear!\' cried Alice, jumping up in her pocket, and was suppressed. \'Come, that finished the first day,\' said the Mouse was speaking, and this Alice thought this a good many little girls of her head pressing against the ceiling, and had no very clear notion how long ago anything had happened.) So she.','2020-10-14 01:57:41','2020-10-14 03:57:41',NULL,'https://www.youtube.com/watch?v=eJnQBXmZ7Ek&list=RDTfaq4UTH7P0&index=3','2020-10-05 18:40:16','2020-10-05 18:40:16'),(136,13,24,44,'Et cupiditate nostrum fugiat neque odio numquam et recusandae.','I NEVER get any older than I am now? That\'ll be a person of authority among them, called out, \'First witness!\' The first thing I\'ve got to?\' (Alice had been (Before she had not gone far before they saw the Mock Turtle, and to hear her try and repeat something now. Tell her to wink with one finger, as he wore his crown over the fire, and at last it sat down again into its mouth and yawned once or twice, half hoping that they could not possibly reach it: she could have told you butter wouldn\'t.','2020-10-15 07:33:13','2020-10-15 09:33:13',NULL,'https://www.youtube.com/watch?v=eJnQBXmZ7Ek&list=RDTfaq4UTH7P0&index=3','2020-10-05 18:40:16','2020-10-05 18:40:16'),(137,9,24,44,'Qui nesciunt harum ipsum.','Because he knows it teases.\' CHORUS. (In which the March Hare. Alice sighed wearily. \'I think you can find out the answer to it?\' said the Mock Turtle in the pictures of him), while the rest were quite dry again, the Dodo solemnly presented the thimble, looking as solemn as she could not make out at all fairly,\' Alice began, in a great hurry. \'You did!\' said the Rabbit asked. \'No, I didn\'t,\' said Alice: \'allow me to him: She gave me a good opportunity for croqueting one of them say, \'Look out.','2020-10-07 05:53:27','2020-10-07 07:53:27',NULL,'https://www.youtube.com/watch?v=eJnQBXmZ7Ek&list=RDTfaq4UTH7P0&index=3','2020-10-05 18:40:16','2020-10-05 18:40:16'),(138,19,62,45,'Aliquam quo voluptatem quis nulla nihil sit et.','Alice replied thoughtfully. \'They have their tails in their mouths--and they\'re all over with fright. \'Oh, I beg your acceptance of this pool? I am in the night? Let me see: I\'ll give them a railway station.) However, she did not venture to go nearer till she was near enough to get in?\' \'There might be hungry, in which case it would be so stingy about it, you know.\' \'And what are YOUR shoes done with?\' said the King, the Queen, and Alice, were in custody and under sentence of execution.\' \'What.','2020-10-10 05:20:46','2020-10-10 07:20:46',NULL,'https://www.youtube.com/watch?v=eJnQBXmZ7Ek&list=RDTfaq4UTH7P0&index=3','2020-10-05 18:40:16','2020-10-05 18:40:16'),(139,16,56,31,'Asperiores commodi quas ut quia excepturi eum deleniti illum.','I didn\'t know how to begin.\' For, you see, Miss, we\'re doing our best, afore she comes, to--\' At this moment the door that led into a small passage, not much surprised at this, she came rather late, and the procession came opposite to Alice, that she began nursing her child again, singing a sort of knot, and then another confusion of voices--\'Hold up his head--Brandy now--Don\'t choke him--How was it, old fellow? What happened to me! When I used to it as a boon, Was kindly permitted to pocket.','2020-10-08 08:24:49','2020-10-08 10:24:49',NULL,'https://www.youtube.com/watch?v=eJnQBXmZ7Ek&list=RDTfaq4UTH7P0&index=3','2020-10-05 18:40:16','2020-10-05 18:40:16'),(140,14,27,47,'Iure quia consequatur eum ea.','Caterpillar. \'Well, I shan\'t go, at any rate a book written about me, that there was nothing so VERY remarkable in that; nor did Alice think it would all wash off in the way of nursing it, (which was to twist it up into the Dormouse\'s place, and Alice joined the procession, wondering very much what would happen next. The first thing I\'ve got back to the other side, the puppy began a series of short charges at the Caterpillar\'s making such VERY short remarks, and she sat on, with closed eyes.','2020-10-07 23:42:55','2020-10-08 01:42:55',NULL,'https://www.youtube.com/watch?v=eJnQBXmZ7Ek&list=RDTfaq4UTH7P0&index=3','2020-10-05 18:40:16','2020-10-05 18:40:16'),(141,17,17,37,'Laborum cupiditate aliquid nam iste delectus nihil illo.','Footman, and began picking them up again with a large cat which was sitting on a little ledge of rock, and, as she spoke; \'either you or your head must be Mabel after all, and I never understood what it was: she was about a thousand times as large as the other.\' As soon as there was silence for some time without hearing anything more: at last the Dodo had paused as if he had taken advantage of the hall; but, alas! the little thing was to find my way into a large arm-chair at one and then Alice.','2020-10-15 00:42:30','2020-10-15 02:42:30',NULL,'https://www.youtube.com/watch?v=eJnQBXmZ7Ek&list=RDTfaq4UTH7P0&index=3','2020-10-05 18:40:16','2020-10-05 18:40:16'),(142,21,41,62,'Qui quo tempora soluta quidem.','I know is, it would be quite as much use in saying anything more till the Pigeon went on, half to herself, \'I don\'t know the meaning of it at all. \'But perhaps it was quite tired and out of a good thing!\' she said to the tarts on the stairs. Alice knew it was talking in his confusion he bit a large pool all round the refreshments!\' But there seemed to be a LITTLE larger, sir, if you drink much from a Caterpillar The Caterpillar and Alice looked up, and began staring at the moment, \'My dear! I.','2020-10-09 01:28:30','2020-10-09 03:28:30',NULL,'https://www.youtube.com/watch?v=eJnQBXmZ7Ek&list=RDTfaq4UTH7P0&index=3','2020-10-05 18:40:16','2020-10-05 18:40:16'),(143,21,33,54,'Cumque numquam veritatis rerum repudiandae voluptatem nemo laboriosam.','Sing her \"Turtle Soup,\" will you, won\'t you, will you join the dance? Will you, won\'t you, will you, won\'t you, will you, won\'t you, will you, won\'t you, won\'t you join the dance. Would not, could not, would not, could not possibly reach it: she could not taste theirs, and the baby violently up and bawled out, \"He\'s murdering the time! Off with his knuckles. It was as long as there was a large crowd collected round it: there was nothing else to do, so Alice ventured to remark. \'Tut, tut.','2020-10-14 14:27:29','2020-10-14 16:27:29',NULL,'https://www.youtube.com/watch?v=eJnQBXmZ7Ek&list=RDTfaq4UTH7P0&index=3','2020-10-05 18:40:16','2020-10-05 18:40:16'),(144,13,35,56,'Autem aspernatur nobis quis et veniam commodi nihil.','March Hare said to herself what such an extraordinary ways of living would be only rustling in the world! Oh, my dear paws! Oh my fur and whiskers! She\'ll get me executed, as sure as ferrets are ferrets! Where CAN I have dropped them, I wonder?\' And here Alice began to say whether the blows hurt it or not. So she tucked her arm affectionately into Alice\'s, and they all stopped and looked at poor Alice, \'to speak to this mouse? Everything is so out-of-the-way down here, and I\'m sure she\'s the.','2020-10-08 22:46:22','2020-10-09 00:46:22',NULL,'https://www.youtube.com/watch?v=eJnQBXmZ7Ek&list=RDTfaq4UTH7P0&index=3','2020-10-05 18:40:16','2020-10-05 18:40:16'),(145,1,61,36,'Sit veritatis ea esse dolorem blanditiis optio deleniti.','Ann! Mary Ann!\' said the Gryphon. \'Well, I never knew whether it would be as well be at school at once.\' And in she went. Once more she found she had peeped into the air. She did not sneeze, were the cook, to see the Hatter went on, \'What\'s your name, child?\' \'My name is Alice, so please your Majesty?\' he asked. \'Begin at the Lizard as she could see it quite plainly through the glass, and she felt that this could not join the dance. \'\"What matters it how far we go?\" his scaly friend replied.','2020-10-11 01:26:07','2020-10-11 03:26:07',NULL,'https://www.youtube.com/watch?v=eJnQBXmZ7Ek&list=RDTfaq4UTH7P0&index=3','2020-10-05 18:40:16','2020-10-05 18:40:16'),(146,20,58,23,'Nobis animi laboriosam eos ad quidem qui facilis.','Alice after it, \'Mouse dear! Do come back with the lobsters, out to sea. So they sat down, and nobody spoke for some time without hearing anything more: at last the Dodo had paused as if it had a large flower-pot that stood near the centre of the players to be said. At last the Mouse, in a mournful tone, \'he won\'t do a thing before, and behind it when she had nibbled some more of it now in sight, hurrying down it. There was exactly three inches high). \'But I\'m NOT a serpent, I tell you!\' But.','2020-10-06 11:13:39','2020-10-06 13:13:39',NULL,'https://www.youtube.com/watch?v=eJnQBXmZ7Ek&list=RDTfaq4UTH7P0&index=3','2020-10-05 18:40:16','2020-10-05 18:40:16'),(147,8,64,32,'Autem ipsum iusto sed at enim cum.','Alice hastily replied; \'at least--at least I know is, something comes at me like that!\' But she went on in a ring, and begged the Mouse with an air of great relief. \'Call the next witness. It quite makes my forehead ache!\' Alice watched the Queen till she had accidentally upset the week before. \'Oh, I BEG your pardon!\' cried Alice in a natural way again. \'I wonder how many hours a day did you begin?\' The Hatter opened his eyes very wide on hearing this; but all he SAID was, \'Why is a long time.','2020-10-10 05:23:28','2020-10-10 07:23:28',NULL,'https://www.youtube.com/watch?v=eJnQBXmZ7Ek&list=RDTfaq4UTH7P0&index=3','2020-10-05 18:40:16','2020-10-05 18:40:16'),(148,15,44,65,'Animi qui voluptates a in suscipit ipsa nihil.','The first question of course you don\'t!\' the Hatter grumbled: \'you shouldn\'t have put it into his plate. Alice did not dare to disobey, though she looked down, was an old woman--but then--always to have any rules in particular; at least, if there are, nobody attends to them--and you\'ve no idea what you\'re at!\" You know the way of expressing yourself.\' The baby grunted again, so that by the way I ought to eat her up in such confusion that she had read several nice little histories about.','2020-10-10 16:59:43','2020-10-10 18:59:43',NULL,'https://www.youtube.com/watch?v=eJnQBXmZ7Ek&list=RDTfaq4UTH7P0&index=3','2020-10-05 18:40:16','2020-10-05 18:40:16'),(149,10,33,54,'Assumenda eos vitae accusamus exercitationem nisi est deserunt assumenda.','Mouse\'s tail; \'but why do you mean that you weren\'t to talk to.\' \'How are you thinking of?\' \'I beg pardon, your Majesty,\' he began. \'You\'re a very hopeful tone though), \'I won\'t indeed!\' said the Mock Turtle, \'they--you\'ve seen them, of course?\' \'Yes,\' said Alice indignantly. \'Let me alone!\' \'Serpent, I say again!\' repeated the Pigeon, raising its voice to a lobster--\' (Alice began to get hold of it; and the little golden key, and when she had never left off staring at the mouth with strings.','2020-10-15 20:22:18','2020-10-15 22:22:18',NULL,'https://www.youtube.com/watch?v=eJnQBXmZ7Ek&list=RDTfaq4UTH7P0&index=3','2020-10-05 18:40:16','2020-10-05 18:40:16'),(150,2,46,67,'Blanditiis sequi quae dolore quia omnis.','Let me see--how IS it to be trampled under its feet, \'I move that the meeting adjourn, for the fan and two or three pairs of tiny white kid gloves in one hand and a bright idea came into Alice\'s head. \'Is that the poor little juror (it was Bill, the Lizard) could not tell whether they were playing the Queen was to get an opportunity of adding, \'You\'re looking for them, and was going to do it.\' (And, as you are; secondly, because they\'re making such a curious croquet-ground in her pocket) till.','2020-10-10 01:22:07','2020-10-10 03:22:07',NULL,'https://www.youtube.com/watch?v=eJnQBXmZ7Ek&list=RDTfaq4UTH7P0&index=3','2020-10-05 18:40:16','2020-10-05 18:40:16'),(151,13,48,48,'Sed et quo ipsa vero.','Majesty,\' said Alice to herself. (Alice had no pictures or conversations?\' So she began shrinking directly. As soon as she went on in a large mushroom growing near her, she began, rather timidly, as she spoke, but no result seemed to quiver all over crumbs.\' \'You\'re wrong about the right word) \'--but I shall ever see you any more!\' And here poor Alice in a low voice, \'Your Majesty must cross-examine THIS witness.\' \'Well, if I chose,\' the Duchess and the whole party look so grave that she.','2020-10-15 01:17:20','2020-10-15 03:17:20',NULL,'https://www.youtube.com/watch?v=eJnQBXmZ7Ek&list=RDTfaq4UTH7P0&index=3','2020-10-05 18:40:16','2020-10-05 18:40:16'),(152,10,33,54,'Illo consequuntur qui quia ipsa in beatae.','Alice; not that she was up to her great disappointment it was too small, but at last she spread out her hand on the back. At last the Mock Turtle sighed deeply, and drew the back of one flapper across his eyes. He looked anxiously round, to make it stop. \'Well, I\'d hardly finished the goose, with the Queen,\' and she grew no larger: still it had a consultation about this, and she walked on in these words: \'Yes, we went to the Gryphon. \'Then, you know,\' the Hatter went on, spreading out the.','2020-10-13 06:51:54','2020-10-13 08:51:54',NULL,'https://www.youtube.com/watch?v=eJnQBXmZ7Ek&list=RDTfaq4UTH7P0&index=3','2020-10-05 18:40:16','2020-10-05 18:40:16'),(153,2,46,67,'Tempore fugit quo voluptatem deleniti reiciendis.','Never heard of one,\' said Alice, who felt ready to ask the question?\' said the Mouse had changed his mind, and was going a journey, I should think it was,\' he said. \'Fifteenth,\' said the Dormouse; \'VERY ill.\' Alice tried to speak, but for a minute or two sobs choked his voice. \'Same as if it began ordering people about like that!\' said Alice indignantly. \'Let me alone!\' \'Serpent, I say again!\' repeated the Pigeon, raising its voice to its children, \'Come away, my dears! It\'s high time you were.','2020-10-15 03:17:09','2020-10-15 05:17:09',NULL,'https://www.youtube.com/watch?v=eJnQBXmZ7Ek&list=RDTfaq4UTH7P0&index=3','2020-10-05 18:40:16','2020-10-05 18:40:16'),(154,12,33,54,'Dolor a voluptas aut iusto ut reiciendis culpa.','The Mouse gave a sudden burst of tears, \'I do wish they WOULD put their heads down! I am so VERY much out of the Lobster Quadrille?\' the Gryphon only answered \'Come on!\' and ran off, thinking while she ran, as well to introduce some other subject of conversation. \'Are you--are you fond--of--of dogs?\' The Mouse only growled in reply. \'Idiot!\' said the Duchess, \'and that\'s a fact.\' Alice did not at all the time they were all writing very busily on slates. \'What are they doing?\' Alice whispered.','2020-10-07 18:43:31','2020-10-07 20:43:31',NULL,'https://www.youtube.com/watch?v=eJnQBXmZ7Ek&list=RDTfaq4UTH7P0&index=3','2020-10-05 18:40:16','2020-10-05 18:40:16'),(155,3,61,36,'Rerum non aut doloribus asperiores consequatur dolore.','By this time she had someone to listen to her, though, as they would go, and making quite a large canvas bag, which tied up at this moment Five, who had been looking over their slates; \'but it doesn\'t matter much,\' thought Alice, as she could. \'No,\' said the Gryphon, and the soldiers did. After these came the guests, mostly Kings and Queens, and among them Alice recognised the White Rabbit blew three blasts on the floor: in another moment that it was empty: she did not at all a proper way of.','2020-10-13 14:20:58','2020-10-13 16:20:58',NULL,'https://www.youtube.com/watch?v=eJnQBXmZ7Ek&list=RDTfaq4UTH7P0&index=3','2020-10-05 18:40:16','2020-10-05 18:40:16'),(156,20,52,63,'Iusto ea provident ad odit voluptatem.','I was, I shouldn\'t want YOURS: I don\'t take this young lady to see what this bottle was NOT marked \'poison,\' it is to give the prizes?\' quite a large flower-pot that stood near the right height to be.\' \'It is a raven like a steam-engine when she had hurt the poor child, \'for I can\'t be civil, you\'d better leave off,\' said the Caterpillar. This was not going to remark myself.\' \'Have you seen the Mock Turtle said: \'no wise fish would go round a deal faster than it does.\' \'Which would NOT be an.','2020-10-07 16:25:44','2020-10-07 18:25:44',NULL,'https://www.youtube.com/watch?v=eJnQBXmZ7Ek&list=RDTfaq4UTH7P0&index=3','2020-10-05 18:40:16','2020-10-05 18:40:16'),(157,1,43,64,'Aut voluptatem est ab quos soluta enim.','Alice as she could. \'No,\' said the Footman, \'and that for the Dormouse,\' thought Alice; \'but a grin without a moment\'s pause. The only things in the sea, some children digging in the middle, wondering how she would manage it. \'They must go by the officers of the month is it?\' The Gryphon lifted up both its paws in surprise. \'What! Never heard of \"Uglification,\"\' Alice ventured to taste it, and they lived at the cook, and a Dodo, a Lory and an Eaglet, and several other curious creatures. Alice.','2020-10-09 21:18:59','2020-10-09 23:18:59',NULL,'https://www.youtube.com/watch?v=eJnQBXmZ7Ek&list=RDTfaq4UTH7P0&index=3','2020-10-05 18:40:16','2020-10-05 18:40:16'),(158,18,62,45,'Consequatur repudiandae quaerat recusandae debitis saepe soluta maxime.','You gave us three or more; They all sat down in a day is very confusing.\' \'It isn\'t,\' said the Caterpillar. \'Well, I\'ve tried banks, and I\'ve tried to get hold of its little eyes, but it had been. But her sister sat still and said \'No, never\') \'--so you can find them.\' As she said to herself, as usual. I wonder if I chose,\' the Duchess sang the second time round, she found to be listening, so she went on, taking first one side and up the chimney, and said anxiously to herself, \'the way all the.','2020-10-14 05:29:58','2020-10-14 07:29:58',NULL,'https://www.youtube.com/watch?v=eJnQBXmZ7Ek&list=RDTfaq4UTH7P0&index=3','2020-10-05 18:40:16','2020-10-05 18:40:16'),(159,20,58,23,'Perspiciatis quasi ratione voluptatem praesentium.','But, now that I\'m perfectly sure I have dropped them, I wonder?\' Alice guessed in a great hurry; \'this paper has just been reading about; and when she first saw the Mock Turtle yet?\' \'No,\' said the King, \'that saves a world of trouble, you know, and he says it\'s so useful, it\'s worth a hundred pounds! He says it kills all the right way to fly up into a line along the passage into the loveliest garden you ever eat a little before she made out the words: \'Where\'s the other side of the moment she.','2020-10-13 17:30:12','2020-10-13 19:30:12',NULL,'https://www.youtube.com/watch?v=eJnQBXmZ7Ek&list=RDTfaq4UTH7P0&index=3','2020-10-05 18:40:16','2020-10-05 18:40:16'),(160,1,43,64,'Blanditiis iste sapiente sed voluptatem consequatur quis.','The Hatter was out of sight, he said to the table, but there was a sound of a candle is blown out, for she was walking by the time she found to be said. At last the Mock Turtle. \'And how many hours a day or two: wouldn\'t it be murder to leave off this minute!\' She generally gave herself very good advice, (though she very soon had to kneel down on one knee as he fumbled over the wig, (look at the Mouse\'s tail; \'but why do you like the Queen?\' said the King. \'When did you do either!\' And the.','2020-10-06 04:43:33','2020-10-06 06:43:33',NULL,'https://www.youtube.com/watch?v=eJnQBXmZ7Ek&list=RDTfaq4UTH7P0&index=3','2020-10-05 18:40:16','2020-10-05 18:40:16'),(161,6,26,46,'Neque placeat dolore ut similique omnis.','Don\'t let me help to undo it!\' \'I shall sit here,\' the Footman continued in the wood,\' continued the Gryphon. \'They can\'t have anything to put it more clearly,\' Alice replied thoughtfully. \'They have their tails fast in their proper places--ALL,\' he repeated with great curiosity. \'It\'s a friend of mine--a Cheshire Cat,\' said Alice: \'allow me to sell you a present of everything I\'ve said as yet.\' \'A cheap sort of circle, (\'the exact shape doesn\'t matter,\' it said,) and then all the creatures.','2020-10-07 08:45:07','2020-10-07 10:45:07',NULL,'https://www.youtube.com/watch?v=eJnQBXmZ7Ek&list=RDTfaq4UTH7P0&index=3','2020-10-05 18:40:16','2020-10-05 18:40:16'),(162,3,46,67,'Voluptate neque cum voluptas autem.','The twelve jurors were all talking at once, in a very difficult game indeed. The players all played at once crowded round it, panting, and asking, \'But who has won?\' This question the Dodo in an undertone, \'important--unimportant--unimportant--important--\' as if he wasn\'t one?\' Alice asked. The Hatter looked at Alice, and she had peeped into the wood. \'It\'s the thing at all. However, \'jury-men\' would have this cat removed!\' The Queen turned angrily away from her as she ran; but the Rabbit say.','2020-10-09 23:29:12','2020-10-10 01:29:12',NULL,'https://www.youtube.com/watch?v=eJnQBXmZ7Ek&list=RDTfaq4UTH7P0&index=3','2020-10-05 18:40:16','2020-10-05 18:40:16'),(163,3,31,52,'Ut facere iusto quam at praesentium qui.','Christmas.\' And she thought to herself in a rather offended tone, and everybody else. \'Leave off that!\' screamed the Queen. \'I never went to the jury, in a very difficult game indeed. The players all played at once set to partners--\' \'--change lobsters, and retire in same order,\' continued the Pigeon, raising its voice to a mouse: she had put the Dormouse shook itself, and began staring at the top with its wings. \'Serpent!\' screamed the Pigeon. \'I\'m NOT a serpent, I tell you, you coward!\' and.','2020-10-13 17:05:54','2020-10-13 19:05:54',NULL,'https://www.youtube.com/watch?v=eJnQBXmZ7Ek&list=RDTfaq4UTH7P0&index=3','2020-10-05 18:40:16','2020-10-05 18:40:16'),(164,16,57,31,'Alias quia et sint.','AND WASHING--extra.\"\' \'You couldn\'t have done that?\' she thought. \'I must be collected at once in her face, with such a puzzled expression that she hardly knew what she was playing against herself, for this curious child was very uncomfortable, and, as there seemed to think that will be much the most confusing thing I ever heard!\' \'Yes, I think I should be raving mad--at least not so mad as it spoke (it was exactly one a-piece all round. (It was this last remark, \'it\'s a vegetable. It doesn\'t.','2020-10-12 12:53:35','2020-10-12 14:53:35',NULL,'https://www.youtube.com/watch?v=eJnQBXmZ7Ek&list=RDTfaq4UTH7P0&index=3','2020-10-05 18:40:16','2020-10-05 18:40:16'),(165,15,33,54,'Aliquid ratione adipisci nesciunt consectetur.','They were just beginning to write with one finger for the baby, and not to be sure, this generally happens when you have just been picked up.\' \'What\'s in it?\' said the Caterpillar took the regular course.\' \'What was THAT like?\' said Alice. \'Call it what you like,\' said the Gryphon, and all must have got altered.\' \'It is a raven like a wild beast, screamed \'Off with her arms folded, quietly smoking a long and a Dodo, a Lory and an old Crab took the place of the creature, but on the English.','2020-10-15 00:06:39','2020-10-15 02:06:39',NULL,'https://www.youtube.com/watch?v=eJnQBXmZ7Ek&list=RDTfaq4UTH7P0&index=3','2020-10-05 18:40:16','2020-10-05 18:40:16'),(166,19,47,21,'Esse et molestiae sint distinctio quibusdam quibusdam doloremque.','Queen. \'You make me smaller, I suppose.\' So she called softly after it, never once considering how in the direction in which you usually see Shakespeare, in the flurry of the March Hare went \'Sh! sh!\' and the turtles all advance! They are waiting on the end of his pocket, and pulled out a new idea to Alice, they all moved off, and had just begun to repeat it, when a sharp hiss made her feel very uneasy: to be a lesson to you to set them free, Exactly as we needn\'t try to find that her neck.','2020-10-06 21:27:40','2020-10-06 23:27:40',NULL,'https://www.youtube.com/watch?v=eJnQBXmZ7Ek&list=RDTfaq4UTH7P0&index=3','2020-10-05 18:40:16','2020-10-05 18:40:16'),(167,14,58,23,'Distinctio amet sed facilis.','Sir, With no jury or judge, would be only rustling in the house, and the King put on her toes when they arrived, with a round face, and was going to say,\' said the Caterpillar angrily, rearing itself upright as it went, \'One side will make you dry enough!\' They all returned from him to you, Though they were lying on the second thing is to France-- Then turn not pale, beloved snail, but come and join the dance. Would not, could not, would not, could not, would not join the dance?\"\' \'Thank you.','2020-10-10 15:23:29','2020-10-10 17:23:29',NULL,'https://www.youtube.com/watch?v=eJnQBXmZ7Ek&list=RDTfaq4UTH7P0&index=3','2020-10-05 18:40:16','2020-10-05 18:40:16'),(168,11,27,47,'Consequatur est tempora repellendus nulla veniam voluptatum id.','MARMALADE\', but to her full size by this time?\' she said to herself; \'I should like to try the patience of an oyster!\' \'I wish I hadn\'t cried so much!\' said Alice, as the Caterpillar decidedly, and there was no use in crying like that!\' said Alice a little three-legged table, all made of solid glass; there was Mystery,\' the Mock Turtle replied; \'and then the puppy jumped into the garden, and marked, with one finger pressed upon its nose. The Dormouse shook itself, and was going to leave off.','2020-10-11 15:07:13','2020-10-11 17:07:13',NULL,'https://www.youtube.com/watch?v=eJnQBXmZ7Ek&list=RDTfaq4UTH7P0&index=3','2020-10-05 18:40:16','2020-10-05 18:40:16'),(169,11,17,37,'Et rerum distinctio ut quod quibusdam excepturi rem.','Caterpillar sternly. \'Explain yourself!\' \'I can\'t remember things as I get SOMEWHERE,\' Alice added as an explanation. \'Oh, you\'re sure to make out who was gently brushing away some dead leaves that lay far below her. \'What CAN all that stuff,\' the Mock Turtle. \'No, no! The adventures first,\' said the Gryphon replied very readily: \'but that\'s because it stays the same when I grow at a king,\' said Alice. \'Why, there they are!\' said the Gryphon. \'They can\'t have anything to say, she simply bowed.','2020-10-13 01:05:45','2020-10-13 03:05:45',NULL,'https://www.youtube.com/watch?v=eJnQBXmZ7Ek&list=RDTfaq4UTH7P0&index=3','2020-10-05 18:40:16','2020-10-05 18:40:16'),(170,4,51,43,'Ipsam recusandae quas doloribus ut nesciunt nihil.','Gryphon. \'Then, you know,\' the Mock Turtle. \'Seals, turtles, salmon, and so on; then, when you\'ve cleared all the arches are gone from this morning,\' said Alice hastily; \'but I\'m not Ada,\' she said, without opening its eyes, for it was good manners for her to carry it further. So she stood watching them, and considered a little shriek, and went on in a low, hurried tone. He looked at Alice. \'I\'M not a bit afraid of interrupting him,) \'I\'ll give him sixpence. _I_ don\'t believe there\'s an atom.','2020-10-10 16:14:58','2020-10-10 18:14:58',NULL,'https://www.youtube.com/watch?v=eJnQBXmZ7Ek&list=RDTfaq4UTH7P0&index=3','2020-10-05 18:40:16','2020-10-05 18:40:16'),(171,14,24,44,'Occaecati ipsa est possimus ab consectetur.','I can remember feeling a little bottle on it, or at least one of the song. \'What trial is it?\' Alice panted as she could. The next thing is, to get through was more and more sounds of broken glass, from which she found her head was so large a house, that she could see it quite plainly through the wood. \'It\'s the first position in dancing.\' Alice said; but was dreadfully puzzled by the hedge!\' then silence, and then said \'The fourth.\' \'Two days wrong!\' sighed the Lory, with a sigh: \'he taught.','2020-10-12 00:43:14','2020-10-12 02:43:14',NULL,'https://www.youtube.com/watch?v=eJnQBXmZ7Ek&list=RDTfaq4UTH7P0&index=3','2020-10-05 18:40:16','2020-10-05 18:40:16'),(172,9,27,47,'Quia debitis fugit excepturi voluptatem velit.','Alice; \'I daresay it\'s a very curious thing, and longed to change the subject,\' the March Hare interrupted, yawning. \'I\'m getting tired of sitting by her sister was reading, but it makes me grow large again, for she had found the fan and a great hurry, muttering to itself \'Then I\'ll go round a deal too far off to the jury. They were just beginning to see anything; then she noticed a curious plan!\' exclaimed Alice. \'And where HAVE my shoulders got to? And oh, my poor hands, how is it directed.','2020-10-12 07:14:29','2020-10-12 09:14:29',NULL,'https://www.youtube.com/watch?v=eJnQBXmZ7Ek&list=RDTfaq4UTH7P0&index=3','2020-10-05 18:40:16','2020-10-05 18:40:16'),(173,18,17,37,'Sequi nam sit ullam aspernatur quia molestias tenetur.','Duchess! The Duchess! Oh my fur and whiskers! She\'ll get me executed, as sure as ferrets are ferrets! Where CAN I have ordered\'; and she could not think of nothing else to say which), and they lived at the March Hare. Visit either you like: they\'re both mad.\' \'But I don\'t want YOU with us!\"\' \'They were obliged to have been changed for Mabel! I\'ll try if I fell off the fire, and at once to eat some of them hit her in the other. In the very tones of the hall: in fact she was not going to begin.','2020-10-08 16:27:10','2020-10-08 18:27:10',NULL,'https://www.youtube.com/watch?v=eJnQBXmZ7Ek&list=RDTfaq4UTH7P0&index=3','2020-10-05 18:40:16','2020-10-05 18:40:16'),(174,17,57,31,'In fugit possimus in quia accusantium vel.','There seemed to be a letter, after all: it\'s a French mouse, come over with diamonds, and walked off; the Dormouse denied nothing, being fast asleep. \'After that,\' continued the Pigeon, raising its voice to a shriek, \'and just as she had gone through that day. \'That PROVES his guilt,\' said the Caterpillar. This was not even get her head to keep back the wandering hair that curled all over their shoulders, that all the unjust things--\' when his eye chanced to fall upon Alice, as she could.','2020-10-12 00:37:01','2020-10-12 02:37:01',NULL,'https://www.youtube.com/watch?v=eJnQBXmZ7Ek&list=RDTfaq4UTH7P0&index=3','2020-10-05 18:40:16','2020-10-05 18:40:16'),(175,5,43,64,'Ducimus illo aut sapiente beatae.','Mock Turtle, \'Drive on, old fellow! Don\'t be all day to day.\' This was quite pale (with passion, Alice thought), and it was a body to cut it off from: that he had come back in their mouths. So they sat down, and the three gardeners at it, and burning with curiosity, she ran out of a tree a few minutes to see the Hatter with a sudden burst of tears, \'I do wish I could say if I must, I must,\' the King very decidedly, and there she saw in another moment, when she looked down at her for a good.','2020-10-14 08:08:13','2020-10-14 10:08:13',NULL,'https://www.youtube.com/watch?v=eJnQBXmZ7Ek&list=RDTfaq4UTH7P0&index=3','2020-10-05 18:40:16','2020-10-05 18:40:16'),(176,6,26,46,'Culpa ea rerum pariatur nisi temporibus dignissimos dignissimos.','As soon as there was room for her. \'Yes!\' shouted Alice. \'Come on, then,\' said the Dodo managed it.) First it marked out a new idea to Alice, she went on at last, and they lived at the place of the room again, no wonder she felt sure it would be quite as safe to stay with it as she spoke. (The unfortunate little Bill had left off staring at the corners: next the ten courtiers; these were all in bed!\' On various pretexts they all stopped and looked at the moment, \'My dear! I wish you would have.','2020-10-06 16:01:28','2020-10-06 18:01:28',NULL,'https://www.youtube.com/watch?v=eJnQBXmZ7Ek&list=RDTfaq4UTH7P0&index=3','2020-10-05 18:40:16','2020-10-05 18:40:16'),(177,19,62,45,'Cupiditate quas hic quis saepe.','I tell you!\' said Alice. \'Anything you like,\' said the King, \'or I\'ll have you executed on the ground as she added, \'and the moral of that is, but I hadn\'t quite finished my tea when I find a number of executions the Queen had never seen such a noise inside, no one else seemed inclined to say it out again, so she helped herself to some tea and bread-and-butter, and then hurried on, Alice started to her great disappointment it was sneezing and howling alternately without a grin,\' thought Alice.','2020-10-10 01:26:16','2020-10-10 03:26:16',NULL,'https://www.youtube.com/watch?v=eJnQBXmZ7Ek&list=RDTfaq4UTH7P0&index=3','2020-10-05 18:40:16','2020-10-05 18:40:16'),(178,16,17,37,'Voluptas quia soluta adipisci pariatur nihil officia.','Adventures of hers would, in the last few minutes it puffed away without being invited,\' said the Queen. \'Can you play croquet?\' The soldiers were silent, and looked at it, and finding it very hard indeed to make ONE respectable person!\' Soon her eye fell upon a heap of sticks and dry leaves, and the shrill voice of thunder, and people began running about in the sea, \'and in that case I can go back and finish your story!\' Alice called out \'The race is over!\' and they repeated their arguments.','2020-10-13 01:32:58','2020-10-13 03:32:58',NULL,'https://www.youtube.com/watch?v=eJnQBXmZ7Ek&list=RDTfaq4UTH7P0&index=3','2020-10-05 18:40:16','2020-10-05 18:40:16'),(179,6,26,46,'Repudiandae est modi dolor delectus qui omnis.','He got behind Alice as she went on \'And how many miles I\'ve fallen by this time). \'Don\'t grunt,\' said Alice; \'that\'s not at all the time he had come to an end! \'I wonder if I know I have dropped them, I wonder?\' And here poor Alice began to cry again, for she had not noticed before, and she tried to fancy to herself how this same little sister of hers would, in the distance. \'And yet what a Mock Turtle replied, counting off the subjects on his spectacles and looked at it gloomily: then he.','2020-10-09 08:31:21','2020-10-09 10:31:21',NULL,'https://www.youtube.com/watch?v=eJnQBXmZ7Ek&list=RDTfaq4UTH7P0&index=3','2020-10-05 18:40:16','2020-10-05 18:40:16'),(180,19,66,51,'Voluptas eos expedita unde non.','Alice. \'And where HAVE my shoulders got to? And oh, I wish you were all locked; and when she was always ready to ask the question?\' said the Gryphon. \'Do you know why it\'s called a whiting?\' \'I never thought about it,\' added the March Hare and his friends shared their never-ending meal, and the jury wrote it down \'important,\' and some \'unimportant.\' Alice could hardly hear the Rabbit was still in existence; \'and now for the Duchess to play croquet.\' The Frog-Footman repeated, in the kitchen.','2020-10-14 01:34:34','2020-10-14 03:34:34',NULL,'https://www.youtube.com/watch?v=eJnQBXmZ7Ek&list=RDTfaq4UTH7P0&index=3','2020-10-05 18:40:16','2020-10-05 18:40:16'),(181,21,43,64,'Quisquam saepe quo consequuntur nobis.','Gryphon went on, spreading out the verses on his spectacles. \'Where shall I begin, please your Majesty,\' said the Caterpillar decidedly, and he wasn\'t going to do it! Oh dear! I shall be punished for it now, I suppose, by being drowned in my own tears! That WILL be a book of rules for shutting people up like a steam-engine when she looked at her hands, wondering if anything would EVER happen in a hurry to get through was more and more puzzled, but she gained courage as she could. \'The game\'s.','2020-10-09 21:47:19','2020-10-09 23:47:19',NULL,'https://www.youtube.com/watch?v=eJnQBXmZ7Ek&list=RDTfaq4UTH7P0&index=3','2020-10-05 18:40:16','2020-10-05 18:40:16'),(182,5,26,46,'Blanditiis explicabo quidem dolorum.','The Duchess took her choice, and was delighted to find her in such long curly brown hair! And it\'ll fetch things when you come and join the dance?\"\' \'Thank you, it\'s a set of verses.\' \'Are they in the long hall, and close to her, one on each side to guard him; and near the centre of the song. \'What trial is it?\' Alice panted as she was considering in her head, and she sat down and saying \"Come up again, dear!\" I shall only look up and saying, \'Thank you, it\'s a very little use, as it lasted.).','2020-10-11 15:46:46','2020-10-11 17:46:46',NULL,'https://www.youtube.com/watch?v=eJnQBXmZ7Ek&list=RDTfaq4UTH7P0&index=3','2020-10-05 18:40:16','2020-10-05 18:40:16'),(183,14,33,54,'Tenetur eos assumenda earum dolorem occaecati.','As soon as she had gone through that day. \'No, no!\' said the White Rabbit, \'and that\'s why. Pig!\' She said the Gryphon. \'They can\'t have anything to put it more clearly,\' Alice replied very readily: \'but that\'s because it stays the same thing with you,\' said the March Hare. Visit either you like: they\'re both mad.\' \'But I don\'t know where Dinn may be,\' said the Queen, who had been running half an hour or so there were three little sisters,\' the Dormouse said--\' the Hatter went on in the.','2020-10-11 18:37:07','2020-10-11 20:37:07',NULL,'https://www.youtube.com/watch?v=eJnQBXmZ7Ek&list=RDTfaq4UTH7P0&index=3','2020-10-05 18:40:16','2020-10-05 18:40:16'),(184,18,24,44,'Beatae et dolorem ut sapiente.','Majesty,\' he began. \'You\'re a very difficult game indeed. The players all played at once set to work at once and put back into the sky. Alice went timidly up to the shore, and then she noticed that they must be kind to them,\' thought Alice, \'shall I NEVER get any older than I am to see what was going to shrink any further: she felt sure she would gather about her and to wonder what I say--that\'s the same when I got up and went to work very diligently to write this down on her hand, and made.','2020-10-11 16:27:22','2020-10-11 18:27:22',NULL,'https://www.youtube.com/watch?v=eJnQBXmZ7Ek&list=RDTfaq4UTH7P0&index=3','2020-10-05 18:40:16','2020-10-05 18:40:16'),(185,13,58,23,'Magni laboriosam ut nobis et vitae accusantium.','Alice ventured to ask. \'Suppose we change the subject. \'Go on with the bones and the bright eager eyes were looking over his shoulder with some difficulty, as it turned round and swam slowly back to the puppy; whereupon the puppy jumped into the book her sister was reading, but it all came different!\' Alice replied in an agony of terror. \'Oh, there goes his PRECIOUS nose\'; as an explanation; \'I\'ve none of YOUR business, Two!\' said Seven. \'Yes, it IS his business!\' said Five, in a frightened.','2020-10-07 18:31:16','2020-10-07 20:31:16',NULL,'https://www.youtube.com/watch?v=eJnQBXmZ7Ek&list=RDTfaq4UTH7P0&index=3','2020-10-05 18:40:16','2020-10-05 18:40:16'),(186,15,4,24,'Dolorem labore et consequuntur quas omnis non cumque.','Mock Turtle said: \'I\'m too stiff. And the Gryphon whispered in a piteous tone. And she began nursing her child again, singing a sort of mixed flavour of cherry-tart, custard, pine-apple, roast turkey, toffee, and hot buttered toast,) she very good-naturedly began hunting about for some minutes. The Caterpillar and Alice was not here before,\' said the March Hare. \'Sixteenth,\' added the Dormouse, without considering at all for any of them. However, on the top of its mouth again, and she heard.','2020-10-11 18:35:45','2020-10-11 20:35:45',NULL,'https://www.youtube.com/watch?v=eJnQBXmZ7Ek&list=RDTfaq4UTH7P0&index=3','2020-10-05 18:40:16','2020-10-05 18:40:16'),(187,5,51,43,'Sapiente enim rem corrupti sit molestiae non numquam.','She said the Caterpillar. \'Not QUITE right, I\'m afraid,\' said Alice, a good opportunity for croqueting one of the earth. Let me see: that would be of very little use, as it went, \'One side of the window, and some \'unimportant.\' Alice could only see her. She is such a subject! Our family always HATED cats: nasty, low, vulgar things! Don\'t let me hear the Rabbit came up to Alice, and looking anxiously about her. \'Oh, do let me hear the very tones of the lefthand bit of mushroom, and raised.','2020-10-08 19:27:30','2020-10-08 21:27:30',NULL,'https://www.youtube.com/watch?v=eJnQBXmZ7Ek&list=RDTfaq4UTH7P0&index=3','2020-10-05 18:40:16','2020-10-05 18:40:16'),(188,1,51,43,'Possimus pariatur deserunt provident.','Duchess said in a tone of delight, which changed into alarm in another minute the whole thing very absurd, but they were playing the Queen ordering off her unfortunate guests to execution--once more the pig-baby was sneezing and howling alternately without a grin,\' thought Alice; \'I can\'t explain it,\' said Alice. \'Who\'s making personal remarks now?\' the Hatter was out of it, and they went on planning to herself in Wonderland, though she knew she had been for some time in silence: at last she.','2020-10-12 16:58:11','2020-10-12 18:58:11',NULL,'https://www.youtube.com/watch?v=eJnQBXmZ7Ek&list=RDTfaq4UTH7P0&index=3','2020-10-05 18:40:16','2020-10-05 18:40:16'),(189,15,17,37,'Quia sunt dignissimos eum et praesentium vel quia.','Alice said; but was dreadfully puzzled by the pope, was soon left alone. \'I wish I hadn\'t drunk quite so much!\' Alas! it was quite pleased to have changed since her swim in the house, and have next to no toys to play croquet.\' Then they both bowed low, and their slates and pencils had been anything near the King said gravely, \'and go on in the distance, screaming with passion. She had just upset the week before. \'Oh, I know!\' exclaimed Alice, who felt ready to play with, and oh! ever so many.','2020-10-14 06:19:00','2020-10-14 08:19:00',NULL,'https://www.youtube.com/watch?v=eJnQBXmZ7Ek&list=RDTfaq4UTH7P0&index=3','2020-10-05 18:40:16','2020-10-05 18:40:16'),(190,19,18,38,'Esse perferendis assumenda ex deleniti corrupti.','Dinah, tell me your history, you know,\' the Hatter said, turning to Alice: he had never seen such a nice little dog near our house I should think you might like to be ashamed of yourself,\' said Alice, in a wondering tone. \'Why, what are YOUR shoes done with?\' said the Mouse. \'--I proceed. \"Edwin and Morcar, the earls of Mercia and Northumbria, declared for him: and even Stigand, the patriotic archbishop of Canterbury, found it very much,\' said Alice, quite forgetting her promise. \'Treacle,\'.','2020-10-06 17:23:13','2020-10-06 19:23:13',NULL,'https://www.youtube.com/watch?v=eJnQBXmZ7Ek&list=RDTfaq4UTH7P0&index=3','2020-10-05 18:40:16','2020-10-05 18:40:16'),(191,15,4,24,'Architecto iste id recusandae quidem modi eius.','I know all sorts of things--I can\'t remember things as I get it home?\' when it grunted again, so that they had to leave off this minute!\' She generally gave herself very good height indeed!\' said the King, and he checked himself suddenly: the others looked round also, and all of them at dinn--\' she checked herself hastily, and said to Alice, \'Have you seen the Mock Turtle went on. \'We had the best plan.\' It sounded an excellent opportunity for croqueting one of the cakes, and was surprised to.','2020-10-09 11:02:26','2020-10-09 13:02:26',NULL,'https://www.youtube.com/watch?v=eJnQBXmZ7Ek&list=RDTfaq4UTH7P0&index=3','2020-10-05 18:40:16','2020-10-05 18:40:16'),(192,9,59,23,'Illo ipsum libero dolores alias maxime dicta id.','I wonder what Latitude was, or Longitude I\'ve got to the end of half those long words, and, what\'s more, I don\'t know one,\' said Alice, in a voice of the busy farm-yard--while the lowing of the sense, and the procession moved on, three of the room again, no wonder she felt a little way off, panting, with its head, it WOULD twist itself round and round goes the clock in a loud, indignant voice, but she ran off as hard as she spoke; \'either you or your head must be the best thing to eat the.','2020-10-12 05:45:59','2020-10-12 07:45:59',NULL,'https://www.youtube.com/watch?v=eJnQBXmZ7Ek&list=RDTfaq4UTH7P0&index=3','2020-10-05 18:40:16','2020-10-05 18:40:16'),(193,12,64,32,'Numquam nihil et id.','She had not gone much farther before she had nibbled some more of it had made. \'He took me for asking! No, it\'ll never do to come upon them THIS size: why, I should think you\'ll feel it a violent blow underneath her chin: it had been. But her sister was reading, but it did not at all the jurymen are back in a very fine day!\' said a sleepy voice behind her. \'Collar that Dormouse,\' the Queen merely remarking that a red-hot poker will burn you if you drink much from a bottle marked \'poison,\' it.','2020-10-08 13:43:37','2020-10-08 15:43:37',NULL,'https://www.youtube.com/watch?v=eJnQBXmZ7Ek&list=RDTfaq4UTH7P0&index=3','2020-10-05 18:40:16','2020-10-05 18:40:16'),(194,11,49,48,'Et at ipsum ea.','Oh dear! I\'d nearly forgotten that I\'ve got to the seaside once in a great deal to ME,\' said Alice to herself, \'the way all the while, till at last she stretched her arms round it as a drawing of a globe of goldfish she had never done such a thing as \"I eat what I could say if I chose,\' the Duchess said to herself; \'his eyes are so VERY tired of swimming about here, O Mouse!\' (Alice thought this a very curious sensation, which puzzled her too much, so she went on in these words: \'Yes, we went.','2020-10-06 05:07:53','2020-10-06 07:07:53',NULL,'https://www.youtube.com/watch?v=eJnQBXmZ7Ek&list=RDTfaq4UTH7P0&index=3','2020-10-05 18:40:16','2020-10-05 18:40:16'),(195,1,43,64,'Beatae qui autem sint qui omnis laudantium.','Mouse, getting up and down in a deep sigh, \'I was a child,\' said the Rabbit angrily. \'Here! Come and help me out of it, and fortunately was just beginning to see it quite plainly through the doorway; \'and even if I only wish it was,\' said the Gryphon, half to herself, \'to be going messages for a great crash, as if it began ordering people about like mad things all this grand procession, came THE KING AND QUEEN OF HEARTS. Alice was thoroughly puzzled. \'Does the boots and shoes!\' she repeated in.','2020-10-11 13:55:23','2020-10-11 15:55:23',NULL,'https://www.youtube.com/watch?v=eJnQBXmZ7Ek&list=RDTfaq4UTH7P0&index=3','2020-10-05 18:40:16','2020-10-05 18:40:16'),(196,19,43,64,'Doloremque ut doloribus est qui molestiae nihil.','I can\'t see you?\' She was a child,\' said the King and Queen of Hearts were seated on their faces, so that it felt quite unhappy at the end of the teacups as the large birds complained that they could not think of nothing else to do, and perhaps as this is May it won\'t be raving mad--at least not so mad as it spoke. \'As wet as ever,\' said Alice indignantly, and she heard a voice sometimes choked with sobs, to sing you a couple?\' \'You are old, Father William,\' the young man said, \'And your hair.','2020-10-15 15:36:36','2020-10-15 17:36:36',NULL,'https://www.youtube.com/watch?v=eJnQBXmZ7Ek&list=RDTfaq4UTH7P0&index=3','2020-10-05 18:40:16','2020-10-05 18:40:16'),(197,3,51,43,'Recusandae corrupti provident ratione.','Alice gently remarked; \'they\'d have been changed for Mabel! I\'ll try if I would talk on such a thing. After a minute or two the Caterpillar took the cauldron of soup off the mushroom, and crawled away in the kitchen that did not notice this last remark, \'it\'s a vegetable. It doesn\'t look like it?\' he said, \'on and off, for days and days.\' \'But what did the archbishop find?\' The Mouse did not much larger than a pig, and she jumped up in a Little Bill It was all about, and make THEIR eyes bright.','2020-10-06 18:08:54','2020-10-06 20:08:54',NULL,'https://www.youtube.com/watch?v=eJnQBXmZ7Ek&list=RDTfaq4UTH7P0&index=3','2020-10-05 18:40:16','2020-10-05 18:40:16'),(198,12,55,66,'Vel dignissimos ut qui quos voluptatem eos.','Alice whispered, \'that it\'s done by everybody minding their own business,\' the Duchess was VERY ugly; and secondly, because she was walking hand in hand with Dinah, and saying \"Come up again, dear!\" I shall never get to the confused clamour of the garden: the roses growing on it except a tiny golden key, and Alice\'s first thought was that she had gone through that day. \'No, no!\' said the Dodo, \'the best way you can;--but I must sugar my hair.\" As a duck with its tongue hanging out of the song.','2020-10-10 19:05:53','2020-10-10 21:05:53',NULL,'https://www.youtube.com/watch?v=eJnQBXmZ7Ek&list=RDTfaq4UTH7P0&index=3','2020-10-05 18:40:16','2020-10-05 18:40:16'),(199,16,33,54,'Qui quia veritatis esse et ex.','Cat: \'we\'re all mad here. I\'m mad. You\'re mad.\' \'How do you like the look of things at all, as the soldiers shouted in reply. \'Idiot!\' said the Cat, \'a dog\'s not mad. You grant that?\' \'I suppose so,\' said Alice. \'I\'ve read that in the distance, sitting sad and lonely on a little sharp bark just over her head pressing against the ceiling, and had just succeeded in bringing herself down to look about her pet: \'Dinah\'s our cat. And she\'s such a capital one for catching mice you can\'t take LESS,\'.','2020-10-12 04:31:27','2020-10-12 06:31:27',NULL,'https://www.youtube.com/watch?v=eJnQBXmZ7Ek&list=RDTfaq4UTH7P0&index=3','2020-10-05 18:40:16','2020-10-05 18:40:16'),(200,12,64,32,'Dolorem architecto fugiat ad quia accusantium.','Ugh, Serpent!\' \'But I\'m not myself, you see.\' \'I don\'t see any wine,\' she remarked. \'There isn\'t any,\' said the Hatter. \'It isn\'t mine,\' said the Hatter, who turned pale and fidgeted. \'Give your evidence,\' the King sharply. \'Do you play croquet?\' The soldiers were silent, and looked at the Lizard as she left her, leaning her head in the last concert!\' on which the March Hare said to the voice of thunder, and people began running about in a frightened tone. \'The Queen will hear you! You see.','2020-10-15 21:13:55','2020-10-15 23:13:55',NULL,'https://www.youtube.com/watch?v=eJnQBXmZ7Ek&list=RDTfaq4UTH7P0&index=3','2020-10-05 18:40:16','2020-10-05 18:40:16'),(201,16,43,64,'Sed autem accusantium sequi ut.','March Hare went \'Sh! sh!\' and the pool of tears which she had not a mile high,\' said Alice. \'I don\'t know one,\' said Alice, who was reading the list of singers. \'You may not have lived much under the table: she opened it, and yet it was YOUR table,\' said Alice; \'it\'s laid for a minute, while Alice thought she might as well she might, what a wonderful dream it had fallen into the sea, though you mayn\'t believe it--\' \'I never saw one, or heard of one,\' said Alice. \'Of course it is,\' said the.','2020-10-09 16:20:10','2020-10-09 18:20:10',NULL,'https://www.youtube.com/watch?v=eJnQBXmZ7Ek&list=RDTfaq4UTH7P0&index=3','2020-10-05 18:40:16','2020-10-05 18:40:16'),(202,20,8,28,'Quia culpa dignissimos sapiente qui doloribus eum.','So she went on, turning to the general conclusion, that wherever you go to on the stairs. Alice knew it was very likely it can be,\' said the Cat, and vanished. Alice was a good opportunity for repeating his remark, with variations. \'I shall be a walrus or hippopotamus, but then she walked down the chimney close above her: then, saying to her feet as the game began. Alice gave a little pattering of feet on the floor, and a scroll of parchment in the distance. \'And yet what a Mock Turtle is.\'.','2020-10-11 07:31:30','2020-10-11 09:31:30',NULL,'https://www.youtube.com/watch?v=eJnQBXmZ7Ek&list=RDTfaq4UTH7P0&index=3','2020-10-05 18:40:16','2020-10-05 18:40:16'),(203,6,8,28,'Commodi sint incidunt est distinctio.','Alice said; but was dreadfully puzzled by the time when I was thinking I should be like then?\' And she went on, \'What HAVE you been doing here?\' \'May it please your Majesty,\' said the Hatter: \'I\'m on the back. At last the Dodo could not taste theirs, and the procession came opposite to Alice, very much pleased at having found out a history of the suppressed guinea-pigs, filled the air, and came flying down upon their faces. There was a table in the sand with wooden spades, then a great many.','2020-10-07 13:45:51','2020-10-07 15:45:51',NULL,'https://www.youtube.com/watch?v=eJnQBXmZ7Ek&list=RDTfaq4UTH7P0&index=3','2020-10-05 18:40:16','2020-10-05 18:40:16'),(204,7,8,28,'Eveniet quos iure ut dolorem assumenda.','Gryphon said to one of the table, but it is.\' \'I quite agree with you,\' said the Hatter: \'I\'m on the stairs. Alice knew it was quite silent for a dunce? Go on!\' \'I\'m a poor man, your Majesty,\' said the Pigeon; \'but I must have been a holiday?\' \'Of course not,\' said the sage, as he could go. Alice took up the chimney, has he?\' said Alice timidly. \'Would you tell me,\' said Alice, seriously, \'I\'ll have nothing more to be no use now,\' thought Alice, \'as all the same, the next thing is, to get hold.','2020-10-14 03:59:47','2020-10-14 05:59:47',NULL,'https://www.youtube.com/watch?v=eJnQBXmZ7Ek&list=RDTfaq4UTH7P0&index=3','2020-10-05 18:40:16','2020-10-05 18:40:16'),(205,13,17,37,'Voluptates quod commodi et explicabo.','Alice said nothing; she had to kneel down on her face like the tone of delight, and rushed at the Cat\'s head began fading away the time. Alice had been for some way, and then treading on her hand, watching the setting sun, and thinking of little cartwheels, and the moment how large she had gone through that day. \'A likely story indeed!\' said the King, and the Queen, and Alice, were in custody and under sentence of execution. Then the Queen merely remarking as it turned round and round goes the.','2020-10-12 13:18:28','2020-10-12 15:18:28',NULL,'https://www.youtube.com/watch?v=eJnQBXmZ7Ek&list=RDTfaq4UTH7P0&index=3','2020-10-05 18:40:16','2020-10-05 18:40:16'),(206,6,62,45,'Itaque eos quaerat illo voluptatem sed voluptatem explicabo.','In another minute there was a very good advice, (though she very soon finished it off. * * * * * * * * * * * * * * * CHAPTER II. The Pool of Tears \'Curiouser and curiouser!\' cried Alice in a deep, hollow tone: \'sit down, both of you, and don\'t speak a word till I\'ve finished.\' So they had been would have done that?\' she thought. \'I must go and take it away!\' There was nothing else to do, and in a sorrowful tone; \'at least there\'s no use now,\' thought Alice, \'to speak to this mouse? Everything.','2020-10-09 00:15:04','2020-10-09 02:15:04',NULL,'https://www.youtube.com/watch?v=eJnQBXmZ7Ek&list=RDTfaq4UTH7P0&index=3','2020-10-05 18:40:16','2020-10-05 18:40:16'),(207,1,31,52,'Nihil eum ut quis mollitia consequuntur aliquid magni.','Mock Turtle, \'they--you\'ve seen them, of course?\' \'Yes,\' said Alice, who felt very glad to do with this creature when I was going to turn into a cucumber-frame, or something of the Lobster Quadrille, that she had read several nice little dog near our house I should like to try the first witness,\' said the Mock Turtle replied in an angry tone, \'Why, Mary Ann, and be turned out of the Mock Turtle said: \'I\'m too stiff. And the Gryphon whispered in a minute or two she walked sadly down the.','2020-10-10 14:25:05','2020-10-10 16:25:05',NULL,'https://www.youtube.com/watch?v=eJnQBXmZ7Ek&list=RDTfaq4UTH7P0&index=3','2020-10-05 18:40:16','2020-10-05 18:40:16'),(208,8,58,23,'Nobis nulla facilis repellat et non.','Alice: \'allow me to him: She gave me a good deal frightened at the door-- Pray, what is the reason and all sorts of things--I can\'t remember half of fright and half of fright and half of fright and half of anger, and tried to speak, and no more to be found: all she could not answer without a moment\'s pause. The only things in the night? Let me see: four times five is twelve, and four times six is thirteen, and four times seven is--oh dear! I shall have to whisper a hint to Time, and round.','2020-10-14 10:32:22','2020-10-14 12:32:22',NULL,'https://www.youtube.com/watch?v=eJnQBXmZ7Ek&list=RDTfaq4UTH7P0&index=3','2020-10-05 18:40:16','2020-10-05 18:40:16'),(209,16,44,65,'In esse ipsam ea aperiam harum corporis.','When the Mouse in the pool rippling to the tarts on the floor, and a Dodo, a Lory and an old conger-eel, that used to say when I got up and saying, \'Thank you, sir, for your interesting story,\' but she was beginning to see what I was going to be, from one end to the door, she ran off as hard as she did it so yet,\' said the King, \'or I\'ll have you got in as well,\' the Hatter was the fan she was now only ten inches high, and was going a journey, I should think!\' (Dinah was the first witness,\'.','2020-10-09 05:50:10','2020-10-09 07:50:10',NULL,'https://www.youtube.com/watch?v=eJnQBXmZ7Ek&list=RDTfaq4UTH7P0&index=3','2020-10-05 18:40:16','2020-10-05 18:40:16'),(210,15,56,31,'Odit eos adipisci quis suscipit eligendi consequatur.','However, on the bank, and of having the sentence first!\' \'Hold your tongue!\' said the Gryphon: \'I went to the jury. \'Not yet, not yet!\' the Rabbit asked. \'No, I give you fair warning,\' shouted the Queen was to find that she wasn\'t a bit of stick, and made a dreadfully ugly child: but it all is! I\'ll try if I was, I shouldn\'t like THAT!\' \'Oh, you foolish Alice!\' she answered herself. \'How can you learn lessons in the pool, \'and she sits purring so nicely by the end of every line: \'Speak roughly.','2020-10-08 08:29:52','2020-10-08 10:29:52',NULL,'https://www.youtube.com/watch?v=eJnQBXmZ7Ek&list=RDTfaq4UTH7P0&index=3','2020-10-05 18:40:16','2020-10-05 18:40:16'),(211,2,31,52,'Suscipit dolores similique a laudantium perspiciatis provident impedit.','All this time she went round the thistle again; then the Rabbit\'s voice along--\'Catch him, you by the way, and nothing seems to be a letter, after all: it\'s a French mouse, come over with fright. \'Oh, I beg your acceptance of this remark, and thought it would,\' said the Hatter. \'You might just as she ran. \'How surprised he\'ll be when he sneezes: He only does it to annoy, Because he knows it teases.\' CHORUS. (In which the wretched Hatter trembled so, that Alice had learnt several things of this.','2020-10-07 17:04:28','2020-10-07 19:04:28',NULL,'https://www.youtube.com/watch?v=eJnQBXmZ7Ek&list=RDTfaq4UTH7P0&index=3','2020-10-05 18:40:16','2020-10-05 18:40:16'),(212,1,60,36,'Et omnis placeat quaerat praesentium.','Morcar, the earls of Mercia and Northumbria--\"\' \'Ugh!\' said the King; and as it turned round and look up and picking the daisies, when suddenly a footman because he taught us,\' said the Hatter. \'Stolen!\' the King said, with a soldier on each side to guard him; and near the door between us. For instance, suppose it were nine o\'clock in the window?\' \'Sure, it\'s an arm, yer honour!\' (He pronounced it \'arrum.\') \'An arm, you goose! Who ever saw in my own tears! That WILL be a comfort, one.','2020-10-06 15:03:38','2020-10-06 17:03:38',NULL,'https://www.youtube.com/watch?v=eJnQBXmZ7Ek&list=RDTfaq4UTH7P0&index=3','2020-10-05 18:40:16','2020-10-05 18:40:16'),(213,12,64,32,'Est placeat quis consequuntur.','I can creep under the door; so either way I\'ll get into the book her sister kissed her, and the sound of many footsteps, and Alice looked at Alice, and tried to curtsey as she spoke. \'I must be Mabel after all, and I never heard before, \'Sure then I\'m here! Digging for apples, yer honour!\' \'Digging for apples, yer honour!\' \'Digging for apples, yer honour!\' \'Digging for apples, yer honour!\' (He pronounced it \'arrum.\') \'An arm, you goose! Who ever saw in another moment that it was perfectly.','2020-10-11 04:50:10','2020-10-11 06:50:10',NULL,'https://www.youtube.com/watch?v=eJnQBXmZ7Ek&list=RDTfaq4UTH7P0&index=3','2020-10-05 18:40:16','2020-10-05 18:40:16'),(214,8,33,54,'Dolorem esse quis dolores dolorem minus aliquid.','At last the Gryphon interrupted in a helpless sort of idea that they couldn\'t get them out again. That\'s all.\' \'Thank you,\' said the Mock Turtle yet?\' \'No,\' said the Hatter: \'let\'s all move one place on.\' He moved on as he spoke, and the baby--the fire-irons came first; then followed a shower of little Alice and all dripping wet, cross, and uncomfortable. The moment Alice appeared, she was to get an opportunity of adding, \'You\'re looking for them, but they were trying which word sounded best.','2020-10-10 10:19:11','2020-10-10 12:19:11',NULL,'https://www.youtube.com/watch?v=eJnQBXmZ7Ek&list=RDTfaq4UTH7P0&index=3','2020-10-05 18:40:16','2020-10-05 18:40:16'),(215,4,61,36,'Ipsa culpa aut ut aliquam facere ut.','DON\'T know,\' said the Mock Turtle. \'No, no! The adventures first,\' said the March Hare said to the Hatter. \'Stolen!\' the King had said that day. \'That PROVES his guilt,\' said the Gryphon: and Alice was more than that, if you only kept on good terms with him, he\'d do almost anything you liked with the lobsters and the Queen\'s voice in the sky. Twinkle, twinkle--\"\' Here the other side of the door with his nose, and broke off a head unless there was a general chorus of voices asked. \'Why, SHE, of.','2020-10-07 10:40:59','2020-10-07 12:40:59',NULL,'https://www.youtube.com/watch?v=eJnQBXmZ7Ek&list=RDTfaq4UTH7P0&index=3','2020-10-05 18:40:16','2020-10-05 18:40:16');
/*!40000 ALTER TABLE `kelasonline` ENABLE KEYS */;
UNLOCK TABLES;
DROP TABLE IF EXISTS `komen_pengumuman`;
/*!40101 SET @saved_cs_client     = @@character_set_client */;
/*!40101 SET character_set_client = utf8 */;
CREATE TABLE `komen_pengumuman` (
  `id` bigint(20) unsigned NOT NULL AUTO_INCREMENT,
  `peng_id` bigint(20) unsigned NOT NULL,
  `author_id` bigint(20) unsigned NOT NULL,
  `komentar` varchar(255) COLLATE utf8mb4_unicode_ci NOT NULL,
  `created_at` timestamp NULL DEFAULT NULL,
  `updated_at` timestamp NULL DEFAULT NULL,
  PRIMARY KEY (`id`)
) ENGINE=InnoDB AUTO_INCREMENT=4 DEFAULT CHARSET=utf8mb4 COLLATE=utf8mb4_unicode_ci;
/*!40101 SET character_set_client = @saved_cs_client */;

LOCK TABLES `komen_pengumuman` WRITE;
/*!40000 ALTER TABLE `komen_pengumuman` DISABLE KEYS */;
INSERT INTO `komen_pengumuman` VALUES (1,6,1053,'fdsfa','2020-10-04 15:12:14','2020-10-04 15:12:14'),(2,6,1069,'hai hanif, kamu kok komen si ? wkwkwk','2020-10-05 01:16:06','2020-10-05 01:16:06'),(3,6,1414,'hai guys','2020-10-05 13:18:43','2020-10-05 13:18:43');
/*!40000 ALTER TABLE `komen_pengumuman` ENABLE KEYS */;
UNLOCK TABLES;
DROP TABLE IF EXISTS `komentar`;
/*!40101 SET @saved_cs_client     = @@character_set_client */;
/*!40101 SET character_set_client = utf8 */;
CREATE TABLE `komentar` (
  `id` bigint(20) unsigned NOT NULL AUTO_INCREMENT,
  `kelon_id` bigint(20) unsigned NOT NULL,
  `author_id` bigint(20) unsigned NOT NULL,
  `komentar` varchar(255) COLLATE utf8mb4_unicode_ci NOT NULL,
  `created_at` timestamp NULL DEFAULT NULL,
  `updated_at` timestamp NULL DEFAULT NULL,
  PRIMARY KEY (`id`)
) ENGINE=InnoDB AUTO_INCREMENT=6 DEFAULT CHARSET=utf8mb4 COLLATE=utf8mb4_unicode_ci;
/*!40101 SET character_set_client = @saved_cs_client */;

LOCK TABLES `komentar` WRITE;
/*!40000 ALTER TABLE `komentar` DISABLE KEYS */;
INSERT INTO `komentar` VALUES (1,9,67,'Hello guys','2020-10-02 23:42:33','2020-10-02 23:42:33'),(2,9,67,'Ayo anak2 kerjakan tugas diatas','2020-10-02 23:44:24','2020-10-02 23:44:24'),(3,9,67,'coba lagi lah','2020-10-03 00:06:41','2020-10-03 00:06:41'),(4,8,67,'Bismillah ayo mulai','2020-10-03 00:17:18','2020-10-03 00:17:18'),(5,10,67,'ini tugas ya anak2','2020-10-03 14:59:37','2020-10-03 14:59:37');
/*!40000 ALTER TABLE `komentar` ENABLE KEYS */;
UNLOCK TABLES;
DROP TABLE IF EXISTS `mapel`;
/*!40101 SET @saved_cs_client     = @@character_set_client */;
/*!40101 SET character_set_client = utf8 */;
CREATE TABLE `mapel` (
  `id` bigint(20) unsigned NOT NULL AUTO_INCREMENT,
  `guru_id` bigint(20) unsigned NOT NULL,
  `author_id` bigint(20) unsigned NOT NULL,
  `nama` varchar(255) COLLATE utf8mb4_unicode_ci NOT NULL,
  `created_at` timestamp NULL DEFAULT NULL,
  `updated_at` timestamp NULL DEFAULT NULL,
  `thajaran` varchar(255) COLLATE utf8mb4_unicode_ci NOT NULL,
  PRIMARY KEY (`id`)
) ENGINE=InnoDB AUTO_INCREMENT=68 DEFAULT CHARSET=utf8mb4 COLLATE=utf8mb4_unicode_ci;
/*!40101 SET character_set_client = @saved_cs_client */;

LOCK TABLES `mapel` WRITE;
/*!40000 ALTER TABLE `mapel` DISABLE KEYS */;
INSERT INTO `mapel` VALUES (1,5,1,'Sejarah','2020-09-29 09:19:16','2020-09-29 09:19:16','20211'),(2,6,1,'Fisika','2020-09-29 09:19:16','2020-09-29 09:19:16','20211'),(4,8,1,'Biologi','2020-09-29 09:19:16','2020-09-29 09:19:16','20211'),(5,9,1,'PDK','2020-09-29 09:19:16','2020-09-29 09:19:16','20211'),(6,10,1,'Biologi','2020-09-29 09:19:16','2020-09-29 09:19:16','20211'),(7,11,1,'Sejarah','2020-09-29 09:19:16','2020-09-29 09:19:16','20211'),(8,12,1,'Sosiologi','2020-09-29 09:19:16','2020-09-29 09:19:16','20211'),(9,13,1,'Seni Budaya','2020-09-29 09:19:16','2020-09-29 09:19:16','20211'),(10,14,1,'Bahasa Inggris','2020-09-29 09:19:16','2020-09-29 09:19:16','20211'),(13,17,1,'Bimbingan Konseling','2020-09-29 09:19:16','2020-09-29 09:19:16','20211'),(14,18,1,'Pendidikan Agama Islam & Budi Pekerti','2020-09-29 09:19:16','2020-09-29 09:19:16','20211'),(15,19,1,'Bimbingan Konseling','2020-09-29 09:19:16','2020-09-29 09:19:16','20211'),(17,21,1,'Bahasa Inggris','2020-09-29 09:19:16','2020-09-29 09:19:16','20211'),(18,22,1,'Kimia','2020-09-29 09:19:16','2020-09-29 09:19:16','20211'),(19,23,1,'BK TIK','2020-09-29 09:19:16','2020-09-29 09:19:16','20211'),(20,24,1,'Bimbingan Konseling','2020-09-29 09:19:16','2020-09-29 09:19:16','20211'),(21,25,1,'BK TIK','2020-09-29 09:19:16','2020-09-29 09:19:16','20211'),(22,26,1,'PDK','2020-09-29 09:19:16','2020-09-29 09:19:16','20211'),(24,28,1,'Pendidikan Agama Islam & Budi Pekerti','2020-09-29 09:19:16','2020-09-29 09:19:16','20211'),(26,30,1,'Pendidikan Agama Islam & Budi Pekerti','2020-09-29 09:19:16','2020-09-29 09:19:16','20211'),(27,31,1,'Penjasorkes','2020-09-29 09:19:16','2020-09-29 09:19:16','20211'),(29,34,1,'Matematika','2020-09-29 09:19:16','2020-09-29 09:19:16','20211'),(31,36,1,'Bahasa Inggris','2020-09-29 09:19:16','2020-09-29 09:19:16','20211'),(32,37,1,'Pendidikan Kewarganegaraan','2020-09-29 09:19:16','2020-09-29 09:19:16','20211'),(33,38,1,'Seni Budaya','2020-09-29 09:19:16','2020-09-29 09:19:16','20211'),(34,39,1,'Bahasa Jawa','2020-09-29 09:19:16','2020-09-29 09:19:16','20211'),(35,40,1,'Bahasa Indonesia','2020-09-29 09:19:16','2020-09-29 09:19:16','20211'),(36,41,1,'Bahasa Indonesia','2020-09-29 09:19:16','2020-09-29 09:19:16','20211'),(37,42,1,'Bimbingan Konseling','2020-09-29 09:19:16','2020-09-29 09:19:16','20211'),(38,43,1,'Penjasorkes','2020-09-29 09:19:16','2020-09-29 09:19:16','20211'),(39,44,1,'Bahasa Jepang','2020-09-29 09:19:16','2020-09-29 09:19:16','20211'),(40,45,1,'Bahasa Jawa','2020-09-29 09:19:16','2020-09-29 09:19:16','20211'),(41,46,1,'Bahasa Indonesia','2020-09-29 09:19:16','2020-09-29 09:19:16','20211'),(43,48,1,'Pendidikan Kewarganegaraan','2020-09-29 09:19:16','2020-09-29 09:19:16','20211'),(44,49,1,'Kimia','2020-09-29 09:19:16','2020-09-29 09:19:16','20211'),(46,51,1,'Fisika','2020-09-29 09:19:16','2020-09-29 09:19:16','20211'),(47,5,1,'Sejarah Indonesia','2020-10-05 02:20:38','2020-10-05 02:20:38','20211'),(48,32,1,'Geografi (Peminatan)','2020-10-05 02:26:58','2020-10-05 02:26:58','20211'),(49,32,1,'Geografi (Lintas Minat)','2020-10-05 02:27:16','2020-10-05 02:27:16','20211'),(50,27,1,'Ekonomi (Peminatan)','2020-10-05 04:40:51','2020-10-05 04:40:51','20211'),(51,27,1,'Ekonomi (Lintas Minat)','2020-10-05 04:41:13','2020-10-05 04:41:13','20211'),(52,47,1,'Ekonomi (Peminatan)','2020-10-05 06:36:58','2020-10-05 06:36:58','20211'),(53,47,1,'Ekonomi (Lintas Minat)','2020-10-05 06:37:13','2020-10-05 06:37:13','20211'),(54,50,1,'Kimia (Lintas Minat)','2020-10-05 06:39:47','2020-10-05 06:39:47','20211'),(55,50,1,'Kimia (Peminatan)','2020-10-05 06:39:59','2020-10-05 06:39:59','20211'),(56,15,1,'Matematika (Umum)','2020-10-05 13:51:27','2020-10-05 13:51:27','20211'),(57,15,1,'Matematika (Peminatan)','2020-10-05 13:51:54','2020-10-05 13:51:54','20211'),(58,7,1,'Matematika (Umum)','2020-10-05 14:29:59','2020-10-05 14:29:59','20211'),(59,7,1,'Matematika (Peminatan)','2020-10-05 14:30:22','2020-10-05 14:30:22','20211'),(60,20,1,'Matematika (Umum)','2020-10-05 14:52:10','2020-10-05 14:52:10','20211'),(61,20,1,'Matematika (Peminatan)','2020-10-05 14:52:27','2020-10-05 14:52:27','20211'),(62,29,1,'Matematika (Umum)','2020-10-05 14:56:40','2020-10-05 14:56:40','20211'),(63,29,1,'Matematika (Peminatan)','2020-10-05 14:57:05','2020-10-05 14:57:05','20211'),(64,16,1,'Sejarah Indonesia','2020-10-05 15:12:08','2020-10-05 15:12:08','20211'),(65,16,1,'Sejarah','2020-10-05 15:12:19','2020-10-05 15:12:19','20211'),(66,35,1,'Geografi (Lintas Minat)','2020-10-05 15:23:13','2020-10-05 15:23:13','20211'),(67,35,1,'Geografi (Peminatan)','2020-10-05 15:25:33','2020-10-05 15:25:33','20211');
/*!40000 ALTER TABLE `mapel` ENABLE KEYS */;
UNLOCK TABLES;
DROP TABLE IF EXISTS `migrations`;
/*!40101 SET @saved_cs_client     = @@character_set_client */;
/*!40101 SET character_set_client = utf8 */;
CREATE TABLE `migrations` (
  `id` int(10) unsigned NOT NULL AUTO_INCREMENT,
  `migration` varchar(255) COLLATE utf8mb4_unicode_ci NOT NULL,
  `batch` int(11) NOT NULL,
  PRIMARY KEY (`id`)
) ENGINE=InnoDB AUTO_INCREMENT=26 DEFAULT CHARSET=utf8mb4 COLLATE=utf8mb4_unicode_ci;
/*!40101 SET character_set_client = @saved_cs_client */;

LOCK TABLES `migrations` WRITE;
/*!40000 ALTER TABLE `migrations` DISABLE KEYS */;
INSERT INTO `migrations` VALUES (1,'2014_10_12_000000_create_users_table',1),(2,'2014_10_12_100000_create_password_resets_table',1),(3,'2019_08_19_000000_create_failed_jobs_table',1),(4,'2020_09_22_044749_laratrust_setup_tables',1),(5,'2020_09_23_014010_create_thajaran_table',2),(6,'2020_09_23_020516_add_status_to_thajaran_table',2),(7,'2020_09_25_070238_create_guru_table',3),(8,'2020_09_26_082947_create_siswa_table',4),(9,'2020_09_26_160829_create_jurusan_table',5),(10,'2020_09_26_224307_create_mapel_table',6),(12,'2020_09_26_230243_rename_mapel_column',7),(13,'2020_09_27_004848_create_kelas_table',7),(14,'2020_09_27_160813_create_pembelajaran_table',8),(15,'2020_09_29_152941_add_thajaran_to_jurusan_table',9),(16,'2020_09_29_155213_add_thajaran_to_kelas_table',10),(17,'2020_09_29_160944_add_thajaran_to_mapel_table',11),(18,'2020_09_30_040207_create_kelasonline_table',12),(19,'2020_09_30_060801_add_tgl_masuk_to_kelasonline_table',12),(20,'2020_09_30_164248_add_file_to_kelasonline',13),(21,'2020_10_01_114032_add_path_video_to_kelasonline_table',14),(22,'2020_10_03_012445_create_komentar_table',15),(23,'2020_10_03_103402_create_pengumuman_table',16),(24,'2020_10_03_232912_create_tugas_table',17),(25,'2020_10_04_212034_create_komen_pengumuman_table',18);
/*!40000 ALTER TABLE `migrations` ENABLE KEYS */;
UNLOCK TABLES;
DROP TABLE IF EXISTS `password_resets`;
/*!40101 SET @saved_cs_client     = @@character_set_client */;
/*!40101 SET character_set_client = utf8 */;
CREATE TABLE `password_resets` (
  `email` varchar(255) COLLATE utf8mb4_unicode_ci NOT NULL,
  `token` varchar(255) COLLATE utf8mb4_unicode_ci NOT NULL,
  `created_at` timestamp NULL DEFAULT NULL,
  KEY `password_resets_email_index` (`email`)
) ENGINE=InnoDB DEFAULT CHARSET=utf8mb4 COLLATE=utf8mb4_unicode_ci;
/*!40101 SET character_set_client = @saved_cs_client */;

LOCK TABLES `password_resets` WRITE;
/*!40000 ALTER TABLE `password_resets` DISABLE KEYS */;
/*!40000 ALTER TABLE `password_resets` ENABLE KEYS */;
UNLOCK TABLES;
DROP TABLE IF EXISTS `pembelajaran`;
/*!40101 SET @saved_cs_client     = @@character_set_client */;
/*!40101 SET character_set_client = utf8 */;
CREATE TABLE `pembelajaran` (
  `id` bigint(20) unsigned NOT NULL AUTO_INCREMENT,
  `mapel_id` bigint(20) unsigned NOT NULL,
  `kelas_id` bigint(20) unsigned NOT NULL,
  `author_id` bigint(20) unsigned NOT NULL,
  `thajaran` varchar(255) COLLATE utf8mb4_unicode_ci NOT NULL,
  `created_at` timestamp NULL DEFAULT NULL,
  `updated_at` timestamp NULL DEFAULT NULL,
  PRIMARY KEY (`id`)
) ENGINE=InnoDB AUTO_INCREMENT=203 DEFAULT CHARSET=utf8mb4 COLLATE=utf8mb4_unicode_ci;
/*!40101 SET character_set_client = @saved_cs_client */;

LOCK TABLES `pembelajaran` WRITE;
/*!40000 ALTER TABLE `pembelajaran` DISABLE KEYS */;
INSERT INTO `pembelajaran` VALUES (1,46,1,1,'20211','2020-09-30 03:30:28','2020-09-30 03:30:28'),(2,46,2,1,'20211','2020-09-30 03:30:28','2020-09-30 03:30:28'),(3,46,3,1,'20211','2020-09-30 03:30:28','2020-09-30 03:30:28'),(4,46,4,1,'20211','2020-09-30 03:30:28','2020-09-30 03:30:28'),(5,1,6,1,'20211','2020-10-05 02:22:26','2020-10-05 02:22:26'),(6,1,13,1,'20211','2020-10-05 02:22:26','2020-10-05 02:22:26'),(7,1,14,1,'20211','2020-10-05 02:22:26','2020-10-05 02:22:26'),(13,47,15,1,'20211','2020-10-05 02:24:07','2020-10-05 02:24:07'),(14,47,16,1,'20211','2020-10-05 02:24:07','2020-10-05 02:24:07'),(15,47,17,1,'20211','2020-10-05 02:24:07','2020-10-05 02:24:07'),(16,47,18,1,'20211','2020-10-05 02:24:07','2020-10-05 02:24:07'),(17,47,19,1,'20211','2020-10-05 02:24:07','2020-10-05 02:24:07'),(18,47,20,1,'20211','2020-10-05 02:24:07','2020-10-05 02:24:07'),(19,47,21,1,'20211','2020-10-05 02:24:07','2020-10-05 02:24:07'),(20,48,6,1,'20211','2020-10-05 02:28:36','2020-10-05 02:28:36'),(21,48,7,1,'20211','2020-10-05 02:28:36','2020-10-05 02:28:36'),(22,48,13,1,'20211','2020-10-05 02:28:36','2020-10-05 02:28:36'),(23,48,20,1,'20211','2020-10-05 02:28:36','2020-10-05 02:28:36'),(24,48,21,1,'20211','2020-10-05 02:28:36','2020-10-05 02:28:36'),(25,49,11,1,'20211','2020-10-05 02:50:37','2020-10-05 02:50:37'),(26,49,12,1,'20211','2020-10-05 02:50:37','2020-10-05 02:50:37'),(27,43,1,1,'20211','2020-10-05 04:38:27','2020-10-05 04:38:27'),(28,43,2,1,'20211','2020-10-05 04:38:27','2020-10-05 04:38:27'),(29,43,3,1,'20211','2020-10-05 04:38:27','2020-10-05 04:38:27'),(30,43,4,1,'20211','2020-10-05 04:38:27','2020-10-05 04:38:27'),(31,43,5,1,'20211','2020-10-05 04:38:27','2020-10-05 04:38:27'),(32,43,15,1,'20211','2020-10-05 04:38:27','2020-10-05 04:38:27'),(33,43,16,1,'20211','2020-10-05 04:38:27','2020-10-05 04:38:27'),(34,43,17,1,'20211','2020-10-05 04:38:27','2020-10-05 04:38:27'),(35,43,18,1,'20211','2020-10-05 04:38:27','2020-10-05 04:38:27'),(36,43,19,1,'20211','2020-10-05 04:38:27','2020-10-05 04:38:27'),(37,43,20,1,'20211','2020-10-05 04:38:27','2020-10-05 04:38:27'),(38,43,21,1,'20211','2020-10-05 04:38:27','2020-10-05 04:38:27'),(39,50,6,1,'20211','2020-10-05 04:41:44','2020-10-05 04:41:44'),(40,50,7,1,'20211','2020-10-05 04:41:44','2020-10-05 04:41:44'),(46,51,1,1,'20211','2020-10-05 04:42:37','2020-10-05 04:42:37'),(47,51,2,1,'20211','2020-10-05 04:42:37','2020-10-05 04:42:37'),(48,51,3,1,'20211','2020-10-05 04:42:37','2020-10-05 04:42:37'),(49,51,4,1,'20211','2020-10-05 04:42:37','2020-10-05 04:42:37'),(50,51,5,1,'20211','2020-10-05 04:42:37','2020-10-05 04:42:37'),(51,51,8,1,'20211','2020-10-05 04:44:40','2020-10-05 04:44:40'),(52,2,8,1,'20211','2020-10-05 04:49:42','2020-10-05 04:49:42'),(53,2,15,1,'20211','2020-10-05 04:49:42','2020-10-05 04:49:42'),(54,2,16,1,'20211','2020-10-05 04:49:42','2020-10-05 04:49:42'),(55,2,17,1,'20211','2020-10-05 04:49:42','2020-10-05 04:49:42'),(56,2,18,1,'20211','2020-10-05 04:49:42','2020-10-05 04:49:42'),(57,2,19,1,'20211','2020-10-05 04:49:42','2020-10-05 04:49:42'),(58,4,8,1,'20211','2020-10-05 04:51:25','2020-10-05 04:51:25'),(59,4,9,1,'20211','2020-10-05 04:51:25','2020-10-05 04:51:25'),(60,4,15,1,'20211','2020-10-05 04:51:25','2020-10-05 04:51:25'),(61,4,16,1,'20211','2020-10-05 04:51:25','2020-10-05 04:51:25'),(62,4,17,1,'20211','2020-10-05 04:51:25','2020-10-05 04:51:25'),(63,4,18,1,'20211','2020-10-05 04:51:25','2020-10-05 04:51:25'),(64,4,19,1,'20211','2020-10-05 04:51:25','2020-10-05 04:51:25'),(65,52,21,1,'20211','2020-10-05 06:37:45','2020-10-05 06:37:45'),(66,52,20,1,'20211','2020-10-05 06:37:45','2020-10-05 06:37:45'),(67,53,9,1,'20211','2020-10-05 06:38:06','2020-10-05 06:38:06'),(68,53,15,1,'20211','2020-10-05 06:38:21','2020-10-05 06:38:21'),(69,53,16,1,'20211','2020-10-05 06:38:21','2020-10-05 06:38:21'),(70,53,17,1,'20211','2020-10-05 06:38:21','2020-10-05 06:38:21'),(71,54,6,1,'20211','2020-10-05 06:40:44','2020-10-05 06:40:44'),(72,54,7,1,'20211','2020-10-05 06:40:44','2020-10-05 06:40:44'),(73,55,1,1,'20211','2020-10-05 06:41:14','2020-10-05 06:41:14'),(74,55,2,1,'20211','2020-10-05 06:41:14','2020-10-05 06:41:14'),(75,55,3,1,'20211','2020-10-05 06:41:14','2020-10-05 06:41:14'),(76,55,4,1,'20211','2020-10-05 06:41:14','2020-10-05 06:41:14'),(77,55,5,1,'20211','2020-10-05 06:41:14','2020-10-05 06:41:14'),(78,55,12,1,'20211','2020-10-05 06:41:14','2020-10-05 06:41:14'),(79,26,6,1,'20211','2020-10-05 06:50:40','2020-10-05 06:50:40'),(80,26,7,1,'20211','2020-10-05 06:50:40','2020-10-05 06:50:40'),(81,26,1,1,'20211','2020-10-05 06:50:40','2020-10-05 06:50:40'),(82,26,2,1,'20211','2020-10-05 06:50:40','2020-10-05 06:50:40'),(83,26,3,1,'20211','2020-10-05 06:50:40','2020-10-05 06:50:40'),(84,26,4,1,'20211','2020-10-05 06:50:40','2020-10-05 06:50:40'),(85,26,5,1,'20211','2020-10-05 06:50:40','2020-10-05 06:50:40'),(86,26,8,1,'20211','2020-10-05 06:50:40','2020-10-05 06:50:40'),(87,56,7,1,'20211','2020-10-05 13:53:02','2020-10-05 13:53:02'),(88,56,15,1,'20211','2020-10-05 13:53:02','2020-10-05 13:53:02'),(89,56,16,1,'20211','2020-10-05 13:53:02','2020-10-05 13:53:02'),(90,56,17,1,'20211','2020-10-05 13:53:02','2020-10-05 13:53:02'),(91,57,15,1,'20211','2020-10-05 13:53:37','2020-10-05 13:53:37'),(92,57,16,1,'20211','2020-10-05 13:53:37','2020-10-05 13:53:37'),(93,57,17,1,'20211','2020-10-05 13:53:37','2020-10-05 13:53:37'),(94,31,6,1,'20211','2020-10-05 13:55:18','2020-10-05 13:55:18'),(95,31,1,1,'20211','2020-10-05 13:55:18','2020-10-05 13:55:18'),(96,31,2,1,'20211','2020-10-05 13:55:18','2020-10-05 13:55:18'),(97,31,3,1,'20211','2020-10-05 13:55:18','2020-10-05 13:55:18'),(98,31,5,1,'20211','2020-10-05 13:55:18','2020-10-05 13:55:18'),(99,31,4,1,'20211','2020-10-05 13:55:18','2020-10-05 13:55:18'),(100,35,13,1,'20211','2020-10-05 13:58:55','2020-10-05 13:58:55'),(101,35,14,1,'20211','2020-10-05 13:58:55','2020-10-05 13:58:55'),(102,35,11,1,'20211','2020-10-05 13:58:55','2020-10-05 13:58:55'),(103,35,12,1,'20211','2020-10-05 13:58:55','2020-10-05 13:58:55'),(104,35,15,1,'20211','2020-10-05 13:58:55','2020-10-05 13:58:55'),(105,35,16,1,'20211','2020-10-05 13:58:55','2020-10-05 13:58:55'),(106,44,15,1,'20211','2020-10-05 14:00:04','2020-10-05 14:00:04'),(107,44,17,1,'20211','2020-10-05 14:00:04','2020-10-05 14:00:04'),(108,44,16,1,'20211','2020-10-05 14:00:04','2020-10-05 14:00:04'),(109,17,8,1,'20211','2020-10-05 14:01:26','2020-10-05 14:01:26'),(110,17,9,1,'20211','2020-10-05 14:01:26','2020-10-05 14:01:26'),(111,17,10,1,'20211','2020-10-05 14:01:26','2020-10-05 14:01:26'),(112,17,11,1,'20211','2020-10-05 14:01:26','2020-10-05 14:01:26'),(113,17,12,1,'20211','2020-10-05 14:01:26','2020-10-05 14:01:26'),(114,17,13,1,'20211','2020-10-05 14:01:26','2020-10-05 14:01:26'),(115,17,14,1,'20211','2020-10-05 14:01:26','2020-10-05 14:01:26'),(116,17,15,1,'20211','2020-10-05 14:01:26','2020-10-05 14:01:26'),(117,17,16,1,'20211','2020-10-05 14:01:26','2020-10-05 14:01:26'),(118,17,17,1,'20211','2020-10-05 14:01:26','2020-10-05 14:01:26'),(119,17,18,1,'20211','2020-10-05 14:01:26','2020-10-05 14:01:26'),(120,17,19,1,'20211','2020-10-05 14:01:26','2020-10-05 14:01:26'),(121,58,13,1,'20211','2020-10-05 14:34:07','2020-10-05 14:34:07'),(122,58,14,1,'20211','2020-10-05 14:34:07','2020-10-05 14:34:07'),(123,58,8,1,'20211','2020-10-05 14:34:07','2020-10-05 14:34:07'),(124,58,9,1,'20211','2020-10-05 14:34:07','2020-10-05 14:34:07'),(125,58,20,1,'20211','2020-10-05 14:34:07','2020-10-05 14:34:07'),(126,58,21,1,'20211','2020-10-05 14:34:07','2020-10-05 14:34:07'),(127,59,8,1,'20211','2020-10-05 14:34:33','2020-10-05 14:34:33'),(128,59,9,1,'20211','2020-10-05 14:34:33','2020-10-05 14:34:33'),(129,18,8,1,'20211','2020-10-05 14:40:31','2020-10-05 14:40:31'),(130,18,9,1,'20211','2020-10-05 14:40:31','2020-10-05 14:40:31'),(131,18,10,1,'20211','2020-10-05 14:40:31','2020-10-05 14:40:31'),(132,18,11,1,'20211','2020-10-05 14:40:31','2020-10-05 14:40:31'),(133,18,18,1,'20211','2020-10-05 14:40:31','2020-10-05 14:40:31'),(134,18,19,1,'20211','2020-10-05 14:40:31','2020-10-05 14:40:31'),(135,8,6,1,'20211','2020-10-05 14:41:28','2020-10-05 14:41:28'),(136,8,7,1,'20211','2020-10-05 14:41:28','2020-10-05 14:41:28'),(137,8,13,1,'20211','2020-10-05 14:41:28','2020-10-05 14:41:28'),(138,8,14,1,'20211','2020-10-05 14:41:28','2020-10-05 14:41:28'),(139,8,20,1,'20211','2020-10-05 14:41:28','2020-10-05 14:41:28'),(140,8,21,1,'20211','2020-10-05 14:41:28','2020-10-05 14:41:28'),(141,27,13,1,'20211','2020-10-05 14:42:36','2020-10-05 14:42:36'),(142,27,14,1,'20211','2020-10-05 14:42:36','2020-10-05 14:42:36'),(143,27,12,1,'20211','2020-10-05 14:42:36','2020-10-05 14:42:36'),(144,27,11,1,'20211','2020-10-05 14:42:36','2020-10-05 14:42:36'),(145,27,10,1,'20211','2020-10-05 14:42:36','2020-10-05 14:42:36'),(146,27,9,1,'20211','2020-10-05 14:42:36','2020-10-05 14:42:36'),(147,27,8,1,'20211','2020-10-05 14:42:36','2020-10-05 14:42:36'),(148,33,13,1,'20211','2020-10-05 14:49:04','2020-10-05 14:49:04'),(149,33,14,1,'20211','2020-10-05 14:49:04','2020-10-05 14:49:04'),(150,33,8,1,'20211','2020-10-05 14:49:04','2020-10-05 14:49:04'),(151,33,9,1,'20211','2020-10-05 14:49:04','2020-10-05 14:49:04'),(152,33,10,1,'20211','2020-10-05 14:49:04','2020-10-05 14:49:04'),(153,33,11,1,'20211','2020-10-05 14:49:04','2020-10-05 14:49:04'),(154,33,12,1,'20211','2020-10-05 14:49:04','2020-10-05 14:49:04'),(155,33,15,1,'20211','2020-10-05 14:49:04','2020-10-05 14:49:04'),(156,33,16,1,'20211','2020-10-05 14:49:04','2020-10-05 14:49:04'),(157,33,17,1,'20211','2020-10-05 14:49:04','2020-10-05 14:49:04'),(158,33,18,1,'20211','2020-10-05 14:49:04','2020-10-05 14:49:04'),(159,33,19,1,'20211','2020-10-05 14:49:04','2020-10-05 14:49:04'),(160,33,20,1,'20211','2020-10-05 14:49:04','2020-10-05 14:49:04'),(161,33,21,1,'20211','2020-10-05 14:49:04','2020-10-05 14:49:04'),(162,24,8,1,'20211','2020-10-05 14:50:20','2020-10-05 14:50:20'),(163,24,9,1,'20211','2020-10-05 14:50:20','2020-10-05 14:50:20'),(164,24,13,1,'20211','2020-10-05 14:50:20','2020-10-05 14:50:20'),(165,24,14,1,'20211','2020-10-05 14:50:20','2020-10-05 14:50:20'),(166,24,16,1,'20211','2020-10-05 14:50:20','2020-10-05 14:50:20'),(167,24,17,1,'20211','2020-10-05 14:50:20','2020-10-05 14:50:20'),(168,24,18,1,'20211','2020-10-05 14:50:20','2020-10-05 14:50:20'),(169,24,19,1,'20211','2020-10-05 14:50:20','2020-10-05 14:50:20'),(170,60,1,1,'20211','2020-10-05 14:53:14','2020-10-05 14:53:14'),(171,60,2,1,'20211','2020-10-05 14:53:14','2020-10-05 14:53:14'),(172,60,3,1,'20211','2020-10-05 14:53:14','2020-10-05 14:53:14'),(173,60,4,1,'20211','2020-10-05 14:53:14','2020-10-05 14:53:14'),(174,61,1,1,'20211','2020-10-05 14:55:21','2020-10-05 14:55:21'),(175,61,2,1,'20211','2020-10-05 14:55:21','2020-10-05 14:55:21'),(176,61,3,1,'20211','2020-10-05 14:55:21','2020-10-05 14:55:21'),(177,61,4,1,'20211','2020-10-05 14:55:21','2020-10-05 14:55:21'),(178,62,6,1,'20211','2020-10-05 14:57:31','2020-10-05 14:57:31'),(179,62,5,1,'20211','2020-10-05 15:08:55','2020-10-05 15:08:55'),(180,62,18,1,'20211','2020-10-05 15:08:55','2020-10-05 15:08:55'),(181,62,19,1,'20211','2020-10-05 15:08:55','2020-10-05 15:08:55'),(182,64,13,1,'20211','2020-10-05 15:13:19','2020-10-05 15:13:19'),(183,64,14,1,'20211','2020-10-05 15:13:19','2020-10-05 15:13:19'),(184,64,12,1,'20211','2020-10-05 15:13:19','2020-10-05 15:13:19'),(185,64,11,1,'20211','2020-10-05 15:13:19','2020-10-05 15:13:19'),(186,64,10,1,'20211','2020-10-05 15:13:19','2020-10-05 15:13:19'),(187,64,9,1,'20211','2020-10-05 15:13:19','2020-10-05 15:13:19'),(188,64,8,1,'20211','2020-10-05 15:13:19','2020-10-05 15:13:19'),(189,65,20,1,'20211','2020-10-05 15:13:56','2020-10-05 15:13:56'),(190,65,21,1,'20211','2020-10-05 15:13:56','2020-10-05 15:13:56'),(191,41,7,1,'20211','2020-10-05 15:18:15','2020-10-05 15:18:15'),(192,41,20,1,'20211','2020-10-05 15:18:15','2020-10-05 15:18:15'),(193,41,21,1,'20211','2020-10-05 15:18:15','2020-10-05 15:18:15'),(194,41,19,1,'20211','2020-10-05 15:18:15','2020-10-05 15:18:15'),(195,66,1,1,'20211','2020-10-05 15:27:10','2020-10-05 15:27:10'),(196,66,2,1,'20211','2020-10-05 15:27:10','2020-10-05 15:27:10'),(197,66,3,1,'20211','2020-10-05 15:27:10','2020-10-05 15:27:10'),(198,66,4,1,'20211','2020-10-05 15:27:10','2020-10-05 15:27:10'),(199,66,5,1,'20211','2020-10-05 15:27:10','2020-10-05 15:27:10'),(200,66,18,1,'20211','2020-10-05 15:27:10','2020-10-05 15:27:10'),(201,66,19,1,'20211','2020-10-05 15:27:10','2020-10-05 15:27:10'),(202,67,14,1,'20211','2020-10-05 15:27:33','2020-10-05 15:27:33');
/*!40000 ALTER TABLE `pembelajaran` ENABLE KEYS */;
UNLOCK TABLES;
DROP TABLE IF EXISTS `pengumuman`;
/*!40101 SET @saved_cs_client     = @@character_set_client */;
/*!40101 SET character_set_client = utf8 */;
CREATE TABLE `pengumuman` (
  `id` bigint(20) unsigned NOT NULL AUTO_INCREMENT,
  `jurusan_id` bigint(20) unsigned DEFAULT NULL,
  `kelas_id` bigint(20) unsigned DEFAULT NULL,
  `author_id` bigint(20) unsigned NOT NULL,
  `tujuan` varchar(255) COLLATE utf8mb4_unicode_ci DEFAULT NULL,
  `judul` varchar(255) COLLATE utf8mb4_unicode_ci NOT NULL,
  `isi_pengumuman` longtext COLLATE utf8mb4_unicode_ci NOT NULL,
  `published_at` datetime NOT NULL,
  `created_at` timestamp NULL DEFAULT NULL,
  `updated_at` timestamp NULL DEFAULT NULL,
  PRIMARY KEY (`id`)
) ENGINE=InnoDB AUTO_INCREMENT=222 DEFAULT CHARSET=utf8mb4 COLLATE=utf8mb4_unicode_ci;
/*!40101 SET character_set_client = @saved_cs_client */;

LOCK TABLES `pengumuman` WRITE;
/*!40000 ALTER TABLE `pengumuman` DISABLE KEYS */;
INSERT INTO `pengumuman` VALUES (4,NULL,5,67,NULL,'Pengumuman Terakhir','<p>Semoba kalian baik2 saja dan tetap sehat wal afiat ya anak anak</p>\n','2020-10-21 17:00:00','2020-10-03 12:05:33','2020-10-03 13:47:36'),(5,NULL,2,67,NULL,'Jangan Nakal Kelas X MIPA 2','<p>Semoba kalian baik2 saja dan tetap sehat wal afiat ya anak anak</p>\n','2020-10-05 17:00:00','2020-10-03 13:16:27','2020-10-03 13:16:27'),(6,NULL,NULL,67,'all','Peringatan Upacara Hari Sumpah Pemuda 28 Oktober 2020','<p>Dimohon untuk datang tepat waktu, membawa perlengkapan upacara, topi, kupluk dan sepatu.</p>\n','2020-10-28 18:37:00','2020-10-04 10:37:58','2020-10-04 10:37:58'),(72,NULL,7,49,NULL,'Aut error veritatis rerum quis error placeat.','Recusandae est est nostrum vel doloremque. Tempora expedita voluptas quia et sed. Nihil quas distinctio distinctio molestiae et.','2007-12-05 06:58:04','2020-10-05 13:09:16','2020-10-05 13:09:16'),(73,NULL,10,43,NULL,'Est qui delectus minima.','Et est ullam veritatis quisquam. A sint necessitatibus praesentium quisquam.','2000-12-17 02:08:00','2020-10-05 13:09:16','2020-10-05 13:09:16'),(74,NULL,13,64,NULL,'Quas rerum rem commodi.','Expedita odit rerum voluptates modi maxime est ipsam. Expedita ea omnis neque nemo dolores voluptas. Minus eligendi quis tenetur et. Numquam aspernatur dolorum aut sed cupiditate ipsum rem possimus.','2018-07-23 09:53:23','2020-10-05 13:09:16','2020-10-05 13:09:16'),(75,NULL,4,21,NULL,'Consectetur rem praesentium nihil rerum adipisci quod est.','Voluptatum cumque quo voluptatem est. Vel placeat nihil aut sit. Dolores enim et voluptates quia. Ex et vel adipisci ut.','2002-02-24 03:09:15','2020-10-05 13:09:16','2020-10-05 13:09:16'),(76,NULL,16,45,NULL,'Blanditiis neque praesentium quasi.','Rerum omnis et aperiam. Hic ut ut doloribus impedit modi ut. Et omnis eum autem velit quis corrupti.','2019-06-23 13:30:31','2020-10-05 13:09:16','2020-10-05 13:09:16'),(77,NULL,1,60,NULL,'Consequatur doloribus aut minus quas hic.','Sint aut minus at neque quia debitis debitis et. Consequatur illo ut laborum et nostrum id. Illo rerum maiores fugit aut. Et eveniet dicta vero recusandae dolores similique ratione. Optio sit fugit et molestiae dolor voluptas ea et.','1971-02-25 12:00:04','2020-10-05 13:09:16','2020-10-05 13:09:16'),(78,NULL,7,25,NULL,'Qui sed dicta consequuntur quia.','Fuga reiciendis nesciunt provident ut. Et corporis sit aperiam fuga. Et deleniti vitae distinctio ipsa dolorem ut quod. Rerum voluptatem aliquam minima quibusdam nihil velit reprehenderit voluptatem.','1987-01-28 14:50:52','2020-10-05 13:09:16','2020-10-05 13:09:16'),(79,NULL,16,42,NULL,'Assumenda quia ipsam illo quo numquam et.','In quo error et mollitia pariatur. Ipsum ullam laborum id repudiandae magnam error iusto. Quasi eos sunt aut tempora.','1972-10-07 14:18:37','2020-10-05 13:09:16','2020-10-05 13:09:16'),(80,NULL,1,60,NULL,'In laudantium vel minima eveniet.','Ut ut aliquam repellendus. Ut suscipit quaerat ea quia. Asperiores ut pariatur qui enim. Omnis et inventore sed autem explicabo ea laborum. Vitae placeat doloremque minima enim consequatur enim qui. Et in dolor rerum.','1987-03-14 06:47:40','2020-10-05 13:09:16','2020-10-05 13:09:16'),(81,NULL,2,37,NULL,'Tempora et quia praesentium alias doloremque laudantium.','Officiis ea voluptatum quia eos atque vero quae error. Provident omnis alias est quaerat. Commodi beatae at exercitationem aliquid temporibus sit deleniti dolores.','2019-09-18 02:17:44','2020-10-05 13:09:16','2020-10-05 13:09:16'),(82,NULL,9,48,NULL,'Ut vel iusto provident veniam sit nobis illum alias.','Qui dolorem nesciunt et ab qui nobis. Ut debitis amet tempora veritatis. Facilis totam in aut distinctio nihil nostrum. Rem excepturi porro sint ipsam sed.','1996-10-31 10:57:53','2020-10-05 13:09:16','2020-10-05 13:09:16'),(83,NULL,9,36,NULL,'Reiciendis pariatur officia illo aliquid natus.','Ut cumque unde sint officiis. Voluptatem sit quibusdam facilis quia. Debitis sit est perferendis a aut repudiandae aut. Porro aut distinctio quaerat est.','1978-07-20 20:54:23','2020-10-05 13:09:16','2020-10-05 13:09:16'),(84,NULL,4,61,NULL,'Ut repellendus eum cum ratione id.','Sequi fuga et voluptas et quas. Minus eos id suscipit fuga occaecati ducimus quis. Ut in ad et quisquam. Sunt fuga dolores et saepe est quidem enim.','2003-12-05 09:05:50','2020-10-05 13:09:16','2020-10-05 13:09:16'),(85,NULL,10,56,NULL,'Explicabo nam iste et amet quia et.','Consequatur voluptatibus qui autem et. Non cupiditate sequi labore molestias facere quo quidem. Veniam quidem culpa voluptas assumenda. Quisquam et est sapiente adipisci sunt assumenda.','1988-10-09 21:09:01','2020-10-05 13:09:16','2020-10-05 13:09:16'),(86,NULL,7,56,NULL,'Cum nesciunt et totam saepe.','Quis libero voluptatem deserunt sint cupiditate. Natus minus omnis illo dolorem hic harum optio.','2014-03-03 02:12:35','2020-10-05 13:09:16','2020-10-05 13:09:16'),(87,NULL,8,22,NULL,'Porro cum eveniet impedit.','Voluptas sit numquam aut ipsa non quaerat. Iste ipsam mollitia consectetur voluptatibus. Veniam inventore sit facilis quas. Sed corporis sit earum dolorem est.','2003-10-20 11:38:28','2020-10-05 13:09:16','2020-10-05 13:09:16'),(88,NULL,3,26,NULL,'Sit id nostrum nam dolor maxime officia laboriosam.','Voluptas voluptas qui assumenda quibusdam excepturi. Debitis non quia animi omnis sed rerum. Aliquam officiis non assumenda sed in impedit. Ipsum dolorem ut sit quibusdam rem.','2014-06-27 12:28:55','2020-10-05 13:09:16','2020-10-05 13:09:16'),(89,NULL,14,43,NULL,'Aut magni soluta optio hic dolorem.','Sunt ea possimus accusamus aut neque et. Aspernatur corporis dolorem iure voluptatibus dolorem a. Voluptas temporibus id ad repellat et aut est.','1989-01-30 10:02:03','2020-10-05 13:09:16','2020-10-05 13:09:16'),(90,NULL,18,31,NULL,'Ut quibusdam saepe numquam sint qui laudantium sint.','Ea quia sint doloribus placeat. Et non sed temporibus cum. Est eos tempora enim. Vitae accusantium sit nostrum laborum. Et consequuntur aut repudiandae. Possimus ad beatae officia et.','2013-02-11 18:26:50','2020-10-05 13:09:16','2020-10-05 13:09:16'),(91,NULL,17,36,NULL,'Quasi ea voluptatem assumenda rerum est eaque consequatur.','Corrupti odio quisquam illum nam. Dolorem culpa et nihil commodi et dolores cupiditate. Vel sint maxime aspernatur odit cupiditate voluptatem quo. Minus non ullam fuga dolore. Odit omnis quisquam molestiae laboriosam architecto eos.','1992-01-14 09:53:07','2020-10-05 13:09:16','2020-10-05 13:09:16'),(92,NULL,2,58,NULL,'Atque dolores quis itaque sunt laboriosam ut aut.','Dicta eum eum dolores ex sequi fuga a. Omnis consequuntur vitae quis. Adipisci distinctio alias dicta consequatur rem soluta. Saepe ab omnis porro.','2017-08-18 20:28:53','2020-10-05 13:09:16','2020-10-05 13:09:16'),(93,NULL,6,3,NULL,'Nulla natus minima ipsam pariatur aut.','Perferendis totam maxime excepturi ex odit tempore minus. Et sint omnis harum distinctio ipsum. Architecto qui sunt debitis et aut autem.','1970-02-13 05:32:56','2020-10-05 13:09:16','2020-10-05 13:09:16'),(94,NULL,2,56,NULL,'Rerum cumque ut et explicabo qui occaecati et ut.','Nulla eos molestiae non voluptates hic quo eum. Libero aperiam similique et sed tempore. Maxime voluptatibus provident magni est.','1985-01-26 16:39:23','2020-10-05 13:09:16','2020-10-05 13:09:16'),(95,NULL,2,63,NULL,'Omnis laborum qui labore qui magni.','Id qui qui mollitia aut illo fugiat numquam. Repudiandae et expedita ratione voluptates. Vero itaque ea pariatur aut. Et incidunt tempore non voluptatem fugiat.','1975-09-30 09:04:18','2020-10-05 13:09:16','2020-10-05 13:09:16'),(96,NULL,4,21,NULL,'Consequatur dignissimos itaque aut qui.','Non perspiciatis voluptatem laudantium ratione. Rerum sint provident at qui qui. Dicta saepe aliquid quia voluptates ratione et. Libero eaque dolores ab natus nam.','1984-10-28 07:23:18','2020-10-05 13:09:16','2020-10-05 13:09:16'),(97,NULL,6,63,NULL,'Natus tempora velit atque eos sit accusamus doloribus.','Hic commodi atque tenetur aut quaerat. Similique est eos aspernatur et cumque. Quis dolores optio nihil aut voluptatem.','1987-05-21 06:06:32','2020-10-05 13:09:16','2020-10-05 13:09:16'),(98,NULL,19,55,NULL,'Omnis et alias reprehenderit.','Voluptatem autem molestiae minima. Occaecati rem voluptatem hic sunt. Voluptatem rerum incidunt qui vitae. Animi enim ut sint nesciunt. Quam est sit sit ab. Doloremque dolor ut qui velit.','1981-05-20 01:01:47','2020-10-05 13:09:16','2020-10-05 13:09:16'),(99,NULL,10,24,NULL,'At consequatur vitae molestias in sint.','Eos aut iste occaecati expedita non optio. Dolorem dolorem voluptates iure saepe non saepe possimus. Voluptas nesciunt ea sit omnis sint. Error provident iste odit sequi a.','2015-06-03 00:03:22','2020-10-05 13:09:16','2020-10-05 13:09:16'),(100,NULL,6,29,NULL,'Labore cum architecto dolorem.','Laborum earum perferendis nulla dolor. Porro quia doloribus omnis tempora et. Rerum illo officia officia et. Minima placeat quaerat aperiam voluptatem aut reiciendis atque animi.','1987-12-14 06:48:52','2020-10-05 13:09:16','2020-10-05 13:09:16'),(101,NULL,16,32,NULL,'Explicabo quod nesciunt dignissimos sed sed et atque.','In nulla ipsam ea praesentium maxime culpa molestiae et. Recusandae sequi itaque laudantium libero itaque. Consequatur enim aut dignissimos. Reiciendis qui sunt quia id nostrum.','2017-08-10 21:26:51','2020-10-05 13:09:16','2020-10-05 13:09:16'),(102,NULL,12,54,NULL,'Placeat voluptate voluptatem omnis qui maxime.','Molestiae inventore et nam illum nemo ex deserunt. Omnis nemo laboriosam qui nobis. Rerum magni aut labore ea. Laboriosam mollitia rem quaerat ut. Eaque sint enim earum saepe.','1994-04-06 04:08:02','2020-10-05 13:09:16','2020-10-05 13:09:16'),(103,NULL,10,67,NULL,'Vero provident accusamus non debitis.','Et sed molestias eaque rem quis. Pariatur ut ab repudiandae architecto. Deleniti sed necessitatibus necessitatibus minus est consequatur aut.','1999-04-12 14:18:10','2020-10-05 13:09:16','2020-10-05 13:09:16'),(104,NULL,14,53,NULL,'Et ratione voluptate velit odit nihil.','Officiis laborum doloremque qui ea ipsam dolor tenetur. Vel non cum incidunt vel expedita vero. Ut qui est cum. Fugit asperiores qui non debitis.','1989-11-03 00:47:56','2020-10-05 13:09:16','2020-10-05 13:09:16'),(105,NULL,4,65,NULL,'Et ut et impedit repellat sunt.','Sed ut reiciendis ad et commodi aut at porro. Et facere eius voluptatem sunt veniam. Dolorem et ut ut nihil velit corporis. Sunt aut et qui est et sequi sint sed.','1989-06-21 11:24:03','2020-10-05 13:09:16','2020-10-05 13:09:16'),(106,NULL,20,23,NULL,'Molestiae recusandae et ipsam veritatis et.','Et ut possimus nemo odio ea et. Ipsum ipsum ut voluptas asperiores earum et quisquam. Consequuntur non aliquid dicta labore nihil.','2012-06-01 10:36:37','2020-10-05 13:09:16','2020-10-05 13:09:16'),(107,NULL,10,38,NULL,'Laudantium et est voluptatem libero unde.','A quod a voluptas ex ut officiis. Voluptas numquam et autem aut. Ducimus aspernatur quod similique perferendis voluptas et esse. Autem quidem voluptas saepe occaecati dolore perferendis.','2019-11-30 21:04:43','2020-10-05 13:09:16','2020-10-05 13:09:16'),(108,NULL,5,30,NULL,'Minus cumque dolores quia iusto sunt sed.','Itaque nisi tempora eaque blanditiis. Voluptatum nihil odit eum voluptatem. Vel ut sit voluptates vero nesciunt esse.','2000-05-21 10:37:50','2020-10-05 13:09:16','2020-10-05 13:09:16'),(109,NULL,8,40,NULL,'Aliquam amet dolorem sapiente quo neque.','Itaque in blanditiis et delectus eum accusamus facilis. Sed iusto reiciendis optio culpa. Ullam maiores voluptatem rerum.','2018-01-14 04:44:02','2020-10-05 13:09:16','2020-10-05 13:09:16'),(110,NULL,20,44,NULL,'Beatae neque ut amet nulla quibusdam.','Et omnis et sequi ad qui. Esse quidem quis occaecati ipsa dolor. Aut rem iste quos magnam. Perferendis minus facere minima sit ex est.','1997-06-19 22:30:32','2020-10-05 13:09:16','2020-10-05 13:09:16'),(111,NULL,15,62,NULL,'Eius consequatur ut laborum facilis et.','Placeat placeat quam eligendi. In quas quos omnis. Molestiae dolorem modi quam et possimus.','1977-10-02 19:52:15','2020-10-05 13:09:16','2020-10-05 13:09:16'),(112,NULL,13,22,NULL,'Sunt qui dicta ea recusandae doloribus.','Rerum aut deserunt tenetur facilis deserunt vel in et. Velit est facilis autem quis dicta. Voluptates debitis blanditiis vero reprehenderit delectus sed dolor quia.','1993-07-25 10:25:55','2020-10-05 13:09:16','2020-10-05 13:09:16'),(113,NULL,20,3,NULL,'Delectus ea sed est.','Et aut eligendi aliquam non itaque. Consequatur repudiandae iste odio molestiae. Ab voluptate nihil debitis aperiam corporis. Quia deserunt quo facere et sed. Et velit vero illo qui.','1987-12-18 01:19:05','2020-10-05 13:09:16','2020-10-05 13:09:16'),(114,NULL,8,53,NULL,'Maxime officiis et amet in hic velit aut.','Sunt pariatur beatae laboriosam veniam architecto. Eum dolore ut reiciendis excepturi earum quae. Facilis quam eius rem nulla nisi dolores. Deleniti quis dignissimos at ratione. Quia nihil et eius id quae sed. Quos dolorum et et et autem et quaerat.','1973-07-14 23:32:08','2020-10-05 13:09:16','2020-10-05 13:09:16'),(115,NULL,6,48,NULL,'Reiciendis et minima ab dolor.','Dolor ea ut aperiam et voluptatem sit. Omnis fugit architecto quis sit. Rerum rerum quibusdam cum dolorum non.','2015-06-10 03:05:32','2020-10-05 13:09:16','2020-10-05 13:09:16'),(116,NULL,1,66,NULL,'Repellendus officia dolorum est veniam sed quaerat.','Accusantium ut quibusdam delectus quia tempore voluptas. Mollitia odit ipsam accusantium. Necessitatibus aut qui quod ut. Architecto quae rerum similique eligendi.','2015-11-17 14:36:51','2020-10-05 13:09:16','2020-10-05 13:09:16'),(117,NULL,11,54,NULL,'Dignissimos ullam doloribus sunt aut.','Quia quibusdam ullam rerum ut sint consequatur debitis. Est quis quis ab et id. Aperiam consequatur et natus voluptatum autem tenetur.','2018-02-21 02:03:55','2020-10-05 13:09:16','2020-10-05 13:09:16'),(118,NULL,7,47,NULL,'Totam ex error officia corrupti reprehenderit et.','Vitae amet aperiam et voluptas. Eum consequatur eius tempora. Rerum similique hic quia et sit et. Ducimus odio repellat provident non. Amet natus atque aut porro pariatur. Dicta voluptatem aliquid temporibus ducimus.','1985-04-07 00:32:38','2020-10-05 13:09:16','2020-10-05 13:09:16'),(119,NULL,3,58,NULL,'Dolor dolores nihil quis qui unde quo.','Commodi explicabo eos quaerat sed eveniet. Sint totam iusto aperiam facilis doloribus. Exercitationem repudiandae sit qui dolore veritatis provident. Temporibus perspiciatis ex eius.','1995-07-26 15:44:42','2020-10-05 13:09:16','2020-10-05 13:09:16'),(120,NULL,18,49,NULL,'Nulla ut et nihil totam facilis quam.','Et impedit dolor sed rem sunt eos earum. Corrupti est minima est quidem rem dolores commodi. Ullam aut aut sint harum deleniti fugit.','2015-08-10 00:41:34','2020-10-05 13:09:16','2020-10-05 13:09:16'),(121,NULL,20,39,NULL,'Veritatis dolores cupiditate minima.','Est magni eveniet necessitatibus. Non laboriosam sit molestiae qui sint. Vero illo qui molestiae voluptatem sint.','1994-08-29 00:00:55','2020-10-05 13:09:16','2020-10-05 13:09:16'),(122,NULL,16,51,NULL,'Natus saepe quibusdam illum iste magnam harum.','Illo sunt qui vero excepturi sed cum debitis. Et quia et nesciunt iste molestiae. Dolore nesciunt ut delectus eligendi vel laboriosam ipsam. Quas labore eius aut velit minima magni.','2012-09-15 23:44:31','2020-10-05 13:17:39','2020-10-05 13:17:39'),(123,NULL,13,33,NULL,'Doloribus sed blanditiis aut.','Molestiae voluptates est qui et. Doloribus molestias dolorem animi ratione placeat sunt accusamus provident. Debitis rerum corrupti molestiae. Enim error praesentium corrupti et.','1977-03-01 19:30:32','2020-10-05 13:17:39','2020-10-05 13:17:39'),(124,NULL,11,35,NULL,'Et voluptas cupiditate repellat omnis praesentium vitae.','Eum omnis at velit molestiae. Omnis et debitis sunt sint porro veniam dolores eum. Unde magnam eos architecto quis saepe dolor quia.','1976-03-17 16:30:33','2020-10-05 13:17:39','2020-10-05 13:17:39'),(125,NULL,2,3,NULL,'Est assumenda alias non perferendis.','Cumque ipsam non est quis officiis libero cum. Aliquid ratione labore aut iure sed quisquam. Ipsum magnam excepturi possimus autem excepturi itaque dolores vitae. Provident magni vitae aliquid ipsa eum.','1998-06-27 11:48:28','2020-10-05 13:17:39','2020-10-05 13:17:39'),(126,NULL,10,42,NULL,'Sit eaque ipsa eveniet deleniti.','Beatae quidem debitis perspiciatis officia tempora et dolores qui. Similique aut porro similique amet. Voluptatem temporibus dignissimos perferendis asperiores qui quisquam soluta nihil.','2013-10-08 03:57:23','2020-10-05 13:17:39','2020-10-05 13:17:39'),(127,NULL,7,27,NULL,'Perferendis suscipit blanditiis deserunt neque quo ab sint.','Fugit nesciunt ut officia et laboriosam rem. Amet nesciunt eligendi facere ut aut ex et.','2007-01-27 02:22:57','2020-10-05 13:17:39','2020-10-05 13:17:39'),(128,NULL,3,60,NULL,'Nihil tempora et et.','Assumenda asperiores repellendus aliquam ut quo qui laborum eum. Blanditiis culpa et quia dolorem nobis. Quia est dolores et minima voluptate et.','1973-10-31 18:10:02','2020-10-05 13:17:39','2020-10-05 13:17:39'),(129,NULL,12,66,NULL,'Labore nostrum voluptatem perferendis veritatis.','Repellendus labore iste tempora harum. Quasi vel rerum molestiae autem. Qui ut sit quasi.','1994-11-27 12:13:14','2020-10-05 13:17:39','2020-10-05 13:17:39'),(130,NULL,2,45,NULL,'Eveniet harum minima id perspiciatis eos.','Quia maxime aut ut quia neque. Quia similique explicabo nam minima. Est est eligendi quia a doloribus exercitationem quisquam. Sunt maiores neque dolorem autem nam. Nobis dicta autem repellat aperiam.','1996-06-09 02:57:49','2020-10-05 13:17:39','2020-10-05 13:17:39'),(131,NULL,19,53,NULL,'Voluptatem saepe modi aperiam qui sint et.','Nam eos maxime ut consequatur expedita. Officia porro ad provident at consequatur fuga tenetur. Rerum et repellat saepe. Ad alias ut voluptates eos quia. Aut ratione ad sequi error iure consequatur quasi iste.','2005-03-31 20:42:31','2020-10-05 13:17:39','2020-10-05 13:17:39'),(132,NULL,8,37,NULL,'Quo occaecati cum delectus ut ullam et possimus.','Numquam facere totam maxime. Eligendi veritatis deleniti culpa ut iure est earum. Nostrum rerum quia natus quia consequatur laborum. Accusantium nesciunt beatae quidem ex consequuntur architecto.','1974-11-08 23:37:58','2020-10-05 13:17:39','2020-10-05 13:17:39'),(133,NULL,21,46,NULL,'Libero exercitationem dolorem voluptate et.','Consequatur excepturi voluptates rem optio est sit est. Omnis placeat rem ad modi ut. Veniam maxime vel officia magnam vel. Occaecati enim rerum et sequi magni quaerat omnis.','1998-06-04 02:41:47','2020-10-05 13:17:39','2020-10-05 13:17:39'),(134,NULL,10,40,NULL,'Aut doloremque ad consequatur quos perferendis autem consequatur.','Aut non quas voluptas omnis vitae sequi. Possimus repellendus inventore qui. Ut fugiat qui amet quisquam accusamus est necessitatibus.','1992-11-05 05:42:03','2020-10-05 13:17:39','2020-10-05 13:17:39'),(135,NULL,14,33,NULL,'Sequi harum vitae vero sunt.','Dignissimos repudiandae porro corrupti doloremque. Et expedita facere iure consectetur libero aspernatur nihil ut. Vero repudiandae et distinctio sunt nulla. Ut earum laboriosam modi eveniet ratione quod sit.','2012-03-29 18:18:10','2020-10-05 13:17:39','2020-10-05 13:17:39'),(136,NULL,4,64,NULL,'Reprehenderit quos ab et cum inventore perferendis.','Consequatur quidem explicabo ratione libero ut vero. Inventore illo rem veritatis exercitationem dignissimos occaecati temporibus. Minus et tempora soluta consectetur. Dolores consequatur architecto et eveniet eaque.','2017-08-22 04:38:00','2020-10-05 13:17:39','2020-10-05 13:17:39'),(137,NULL,20,24,NULL,'Eius sed ut optio harum.','Similique et quia saepe aut facilis aut. Dolores ut aperiam velit aut voluptas. Et ad nulla est totam rem accusantium. Quis deleniti sed recusandae placeat et libero ex et.','2019-10-25 17:21:08','2020-10-05 13:17:39','2020-10-05 13:17:39'),(138,NULL,17,58,NULL,'Nesciunt reiciendis consequuntur tempore ea.','Sed eum facilis delectus impedit. Id quo iure quo quod. Quia deserunt cumque aut velit. Et impedit qui consequatur. Consequatur veritatis similique deserunt consequuntur enim.','1989-02-15 06:12:52','2020-10-05 13:17:39','2020-10-05 13:17:39'),(139,NULL,9,39,NULL,'Nobis fuga dolore consequatur eaque ut aliquid doloremque.','Id quibusdam atque sit eos. Ab quas dolor hic sit. Voluptas porro totam rerum dolores ab ad pariatur. Soluta non qui voluptas voluptatibus. Error molestiae quo non tempora.','1981-02-07 10:27:35','2020-10-05 13:17:39','2020-10-05 13:17:39'),(140,NULL,3,29,NULL,'Et repellendus quia omnis.','Deleniti ut dolorum consequatur voluptates. At natus et voluptatem ex quaerat doloribus fugit expedita. Aut sed animi voluptas sapiente. Est modi temporibus earum eos.','1984-07-04 04:35:14','2020-10-05 13:17:39','2020-10-05 13:17:39'),(141,NULL,11,53,NULL,'Incidunt nisi nobis est hic quia nobis eum.','Qui dolore placeat dolor nostrum sunt deleniti. Iusto natus consectetur voluptatem atque deleniti. Reprehenderit rerum earum sint voluptatem nam odio. Consequuntur aut quia in et vitae.','2016-02-14 21:45:57','2020-10-05 13:17:39','2020-10-05 13:17:39'),(142,NULL,3,22,NULL,'Veniam iste laboriosam autem quis nam aut mollitia.','Sequi provident recusandae est harum voluptatem ad. Perferendis sit qui tempora recusandae. Sapiente porro natus temporibus ut eum. Est labore consequatur sit ut.','2019-11-12 06:00:15','2020-10-05 13:17:39','2020-10-05 13:17:39'),(143,NULL,18,32,NULL,'Voluptas eius omnis qui quis.','Vitae corporis quasi optio. Et qui et similique quos optio ut. Voluptates atque ut quo quia. Odio eaque qui quia eveniet odio. Dolores possimus est et molestiae quos labore voluptatum.','1982-06-20 03:52:37','2020-10-05 13:17:39','2020-10-05 13:17:39'),(144,NULL,11,33,NULL,'Distinctio deleniti vel delectus recusandae dolor.','Adipisci exercitationem iste ut id consequuntur atque deleniti. Nemo alias suscipit doloribus qui. Distinctio iste dolorem unde aut repellendus.','1997-12-06 19:39:15','2020-10-05 13:17:39','2020-10-05 13:17:39'),(145,NULL,17,26,NULL,'Hic aperiam qui eum explicabo dolorem ut.','Voluptates sint quisquam voluptatem quia veritatis aut. Aut aperiam in quia ea. Qui cumque minima aut quo ut est voluptatem. Minus est eos ex ut accusantium veritatis.','1977-08-16 06:59:52','2020-10-05 13:17:39','2020-10-05 13:17:39'),(146,NULL,20,67,NULL,'Laborum excepturi unde repellat explicabo aspernatur.','Rerum adipisci nulla sunt. Temporibus nesciunt assumenda consequatur aliquam harum. Exercitationem corrupti id vero.','2015-12-16 19:58:13','2020-10-05 13:17:39','2020-10-05 13:17:39'),(147,NULL,10,65,NULL,'Et adipisci esse laborum consequatur omnis sed velit.','Mollitia repudiandae sed necessitatibus quae hic. Corporis odit similique iure doloremque. In debitis optio consequatur vel. Totam nihil voluptate laborum repellendus error aliquam soluta. Quis id doloremque eaque nihil dolor.','2018-07-30 01:54:20','2020-10-05 13:17:39','2020-10-05 13:17:39'),(148,NULL,11,51,NULL,'Consequatur dicta eligendi et suscipit enim odio consequatur quibusdam.','Eos commodi quis facilis eum alias est fuga. Magni consequatur voluptas expedita deleniti harum aspernatur voluptas. Est provident animi quis quod et aliquid est dolore. Nam laboriosam culpa aut et minima. Omnis et voluptas consequuntur.','1993-06-18 23:50:25','2020-10-05 13:17:39','2020-10-05 13:17:39'),(149,NULL,20,33,NULL,'Quos hic sed et similique voluptatem exercitationem necessitatibus.','Et magni officiis rerum hic eligendi. Incidunt magnam debitis laudantium illum voluptatum. Sapiente dolores ut provident et. Dolore similique quaerat quam ut est. Quas aspernatur sed quidem exercitationem omnis reprehenderit.','1986-02-10 18:13:43','2020-10-05 13:17:39','2020-10-05 13:17:39'),(150,NULL,19,26,NULL,'Commodi fugit iste tenetur magni rerum dolor.','Ex quibusdam temporibus adipisci optio rerum minus. Non veritatis eligendi eius enim atque. Et voluptas quibusdam ex eaque vero suscipit ut. Illo quia et fugiat vel.','1988-12-12 04:43:38','2020-10-05 13:17:39','2020-10-05 13:17:39'),(151,NULL,11,39,NULL,'Nemo est repellendus sit nostrum quisquam itaque velit.','Et qui quisquam similique consequatur cumque. Voluptas atque officia ut et. Quibusdam est est dolores qui ratione praesentium mollitia. Ex enim nam blanditiis ut facere voluptas officiis.','1992-09-30 13:10:51','2020-10-05 13:17:39','2020-10-05 13:17:39'),(152,NULL,20,53,NULL,'Et officiis commodi placeat maxime amet.','Qui voluptates et ut quae. Alias ipsum soluta et similique ex voluptates. Molestiae ut et minima nostrum et ut aut. Sed sint dolor minus doloribus accusamus et.','1985-06-11 22:58:28','2020-10-05 13:17:39','2020-10-05 13:17:39'),(153,NULL,4,28,NULL,'Pariatur aliquid a velit quae sit voluptatum.','Voluptatem esse facilis consequatur vitae vero voluptates recusandae. Dolores in quis non ipsa autem. Odio illo dolorem omnis eos aliquam soluta ullam. Ut doloremque deserunt itaque.','1972-06-24 05:02:16','2020-10-05 13:17:39','2020-10-05 13:17:39'),(154,NULL,2,61,NULL,'Cumque reiciendis culpa rerum qui doloremque non.','Officiis fugiat nihil soluta assumenda enim temporibus. Aliquam veniam beatae iure a. Et omnis voluptates molestiae optio necessitatibus unde.','2005-12-10 13:36:34','2020-10-05 13:17:39','2020-10-05 13:17:39'),(155,NULL,19,33,NULL,'Ut ex praesentium eligendi voluptatem.','Repellat blanditiis culpa iure illum distinctio a eaque. Eveniet eum enim deserunt unde tempore provident consequuntur et. Ipsum adipisci ab omnis in. Dolorem qui vel blanditiis nobis tenetur. Illum temporibus eum libero est dolor nesciunt aut.','1997-12-27 15:30:38','2020-10-05 13:17:39','2020-10-05 13:17:39'),(156,NULL,6,29,NULL,'Non ipsa ut praesentium impedit.','Sed nemo quisquam cupiditate deleniti blanditiis. Rerum architecto natus a. A porro ut rerum aut et quia. Corrupti et esse sequi suscipit harum delectus voluptate voluptatem. Aperiam quo quaerat quo in similique placeat dolores.','1971-09-20 00:34:10','2020-10-05 13:17:39','2020-10-05 13:17:39'),(157,NULL,7,46,NULL,'Iure eveniet omnis neque distinctio autem quo animi.','Quam est ad voluptatum autem non occaecati fugiat. Illo ut vero quos quos tempore odit ea. Doloribus voluptas repudiandae impedit. Sit laborum voluptatem consequatur odit corporis sed et quidem.','1993-07-19 11:20:49','2020-10-05 13:17:39','2020-10-05 13:17:39'),(158,NULL,11,55,NULL,'Ullam et est ea enim.','Qui pariatur quis ea dolorem in. Voluptas dolorem sunt temporibus dolor aliquid sapiente. Rerum illo incidunt consequatur quaerat quasi. Asperiores odio molestiae commodi qui.','1985-11-17 11:42:42','2020-10-05 13:17:39','2020-10-05 13:17:39'),(159,NULL,5,35,NULL,'Et voluptates corrupti repellat ut numquam reiciendis velit.','Officia et rem sint dolorem voluptas. Voluptatem aut qui qui. Quia ad aut vel error ducimus. Non fuga dignissimos quia.','2010-08-21 12:59:36','2020-10-05 13:17:39','2020-10-05 13:17:39'),(160,NULL,8,22,NULL,'Hic a pariatur corrupti similique autem debitis.','Facere molestiae qui et. Quae est aut eveniet. Aspernatur blanditiis deserunt ipsa est perferendis quia modi.','1987-04-07 11:50:47','2020-10-05 13:17:39','2020-10-05 13:17:39'),(161,NULL,17,3,NULL,'Consequuntur maiores fugiat et laboriosam.','Voluptatem id maxime facere temporibus. Ratione et perspiciatis praesentium. Quibusdam commodi quam dolorem iure ratione est ex.','1997-02-28 10:06:52','2020-10-05 13:17:39','2020-10-05 13:17:39'),(162,NULL,17,34,NULL,'Sit molestiae est voluptas repellat nisi consectetur.','Rerum velit quas itaque. Dignissimos eveniet id sunt dolores et aut. Accusamus dolorum quasi et sed aperiam. Sit commodi deleniti atque culpa. Quia aut occaecati voluptatem vel doloribus.','1975-06-28 17:22:48','2020-10-05 13:17:39','2020-10-05 13:17:39'),(163,NULL,4,50,NULL,'Harum eum quasi in.','Ullam dolore laborum hic autem. Perspiciatis inventore voluptatem rerum ab vitae. Voluptatem consectetur excepturi voluptas doloribus. Est quae esse aspernatur voluptatum ea.','2005-05-30 18:30:02','2020-10-05 13:17:39','2020-10-05 13:17:39'),(164,NULL,7,58,NULL,'Velit aut aliquam et dolores qui enim.','Doloremque soluta alias voluptatibus minus quia. Quia soluta est adipisci veritatis et. Eum quos explicabo voluptatem in ut.','1999-10-12 09:40:49','2020-10-05 13:17:39','2020-10-05 13:17:39'),(165,NULL,15,33,NULL,'Dolor ipsum maiores dolorem fugiat ut a.','Omnis perspiciatis voluptate molestiae id quia repudiandae beatae. Porro illum iste ex a iure sed molestiae. Veritatis magnam omnis nam et et.','2016-04-18 04:09:28','2020-10-05 13:17:39','2020-10-05 13:17:39'),(166,NULL,9,29,NULL,'Autem cupiditate aut impedit ut labore quisquam quod dolores.','Et corporis labore ea quod. Dicta aut numquam consectetur nisi. Aut est reiciendis dicta rerum et harum voluptatem iure. Dolores ut quo aliquam inventore voluptatibus quis maiores.','2003-11-17 12:14:27','2020-10-05 13:17:39','2020-10-05 13:17:39'),(167,NULL,9,22,NULL,'Aliquam et voluptates rerum autem non voluptatem.','Ducimus iste et enim voluptas quia sunt. Accusamus expedita eum rerum distinctio. Libero rem sed excepturi similique. Asperiores eius tempora quas maxime id.','2019-09-12 14:59:28','2020-10-05 13:17:39','2020-10-05 13:17:39'),(168,NULL,19,35,NULL,'Vero excepturi et laborum repellat temporibus.','Ut sed rerum sed eos vero voluptatum excepturi assumenda. Recusandae nostrum rerum sunt velit. Autem est ut earum doloribus. Vel assumenda velit rem officia.','1970-05-02 08:23:01','2020-10-05 13:17:39','2020-10-05 13:17:39'),(169,NULL,9,58,NULL,'Cum eos blanditiis sit omnis nulla dolore enim.','Omnis iusto nesciunt fugiat voluptatem ea eveniet. Sunt sapiente nulla architecto explicabo voluptas repellendus. Sunt minus voluptatem laudantium quisquam. Modi eos earum ea blanditiis molestias.','2003-08-10 10:14:04','2020-10-05 13:17:39','2020-10-05 13:17:39'),(170,NULL,9,45,NULL,'Rerum voluptatem repellendus distinctio eveniet necessitatibus.','Sunt unde quam assumenda et ad voluptatibus quasi. Est tempore incidunt dolorum voluptatibus quod in officia. Rerum est sapiente adipisci non nemo.','1993-06-05 07:29:45','2020-10-05 13:17:39','2020-10-05 13:17:39'),(171,NULL,21,29,NULL,'Sit voluptas accusamus quam qui quos sit.','Consequatur provident animi et sapiente quas. Id placeat cumque quia nemo et esse maxime. Non fuga quos sunt. Laboriosam odio temporibus placeat magni doloribus perspiciatis possimus sapiente.','2013-09-15 04:50:51','2020-10-05 13:17:39','2020-10-05 13:17:39'),(172,NULL,5,23,NULL,'Velit est qui aut qui cumque veritatis beatae.','Molestiae et nulla quaerat non. Incidunt in harum sunt similique molestiae. Dignissimos incidunt quibusdam consequatur atque ut aut.','1989-01-17 02:56:20','2020-10-05 13:17:39','2020-10-05 13:17:39'),(173,NULL,16,24,NULL,'Laboriosam consequatur facere expedita similique cumque quia.','Fugit aut vel quam minus. Numquam aliquam iusto reiciendis. Omnis ipsam voluptas quia autem consectetur consequuntur. Necessitatibus esse similique et dolor dolore.','2019-05-24 12:38:51','2020-10-05 13:17:39','2020-10-05 13:17:39'),(174,NULL,14,56,NULL,'Rem rerum culpa voluptas dolore aut harum.','Ut necessitatibus harum magni animi itaque sequi. Commodi voluptatibus velit a eveniet. Provident magni iure dignissimos ducimus facere.','1980-08-01 00:17:54','2020-10-05 13:17:39','2020-10-05 13:17:39'),(175,NULL,6,59,NULL,'Eum aut omnis et cum perspiciatis incidunt quo.','Quas quia esse quidem distinctio explicabo delectus. Expedita ab maxime molestiae soluta fuga. Reprehenderit quaerat ipsam vel aut veritatis architecto harum et.','1980-03-05 08:53:47','2020-10-05 13:17:39','2020-10-05 13:17:39'),(176,NULL,7,35,NULL,'Est occaecati odio quam et et aliquam.','Et libero et in quaerat asperiores doloremque nihil dignissimos. Ea at mollitia quo tenetur veritatis molestias numquam ullam. Ad nobis praesentium iure veritatis laboriosam.','1998-08-07 07:01:05','2020-10-05 13:17:39','2020-10-05 13:17:39'),(177,NULL,20,31,NULL,'Excepturi error odit sit magni assumenda voluptas molestias.','Magni officiis fugit reiciendis non quaerat. Dolorem id quod minima nihil qui qui. Quia ut fugit et eum. Aliquam totam inventore ea sint.','2003-10-22 20:11:29','2020-10-05 13:17:39','2020-10-05 13:17:39'),(178,NULL,10,33,NULL,'Eos autem magnam quas et.','Quis minima doloribus officia expedita quibusdam commodi. Soluta a eos suscipit quas. Vel et sunt totam et reiciendis qui numquam enim.','1978-06-18 07:41:48','2020-10-05 13:17:39','2020-10-05 13:17:39'),(179,NULL,9,27,NULL,'Iusto enim omnis incidunt non.','Tempora et molestiae modi iste aut. A eum inventore asperiores magni reprehenderit qui vitae incidunt. Ut maiores explicabo rem velit ipsa enim inventore aut.','2002-08-19 10:34:54','2020-10-05 13:17:39','2020-10-05 13:17:39'),(180,NULL,9,49,NULL,'Vel voluptatem ea rerum qui.','Molestiae totam iusto assumenda aspernatur error. Doloribus et mollitia ratione. Culpa sit aut voluptas velit itaque voluptate. Recusandae dolorum sint consequuntur voluptatem maxime nobis aut.','1971-08-08 13:21:49','2020-10-05 13:17:39','2020-10-05 13:17:39'),(181,NULL,9,26,NULL,'Sunt iste illo optio iste rem quis consequatur.','Accusantium et non et non consequatur. Nobis molestiae minima et totam occaecati aliquid. Saepe sapiente cupiditate provident optio perspiciatis qui voluptatem.','2007-04-06 16:54:08','2020-10-05 13:17:39','2020-10-05 13:17:39'),(182,NULL,18,41,NULL,'Qui qui earum quia eos necessitatibus ipsam et id.','Et velit adipisci ipsa et aut laborum quos et. Tenetur aut quibusdam quis non repellat fuga exercitationem nihil. Voluptatem magni aut accusantium molestiae non et aperiam laborum. Ut fuga qui quo explicabo voluptate animi et.','2006-10-17 09:08:19','2020-10-05 13:17:39','2020-10-05 13:17:39'),(183,NULL,4,26,NULL,'Voluptatibus sed velit alias ab.','Minima nam in aperiam accusamus facere et itaque qui. Tempore officiis modi illum voluptatem et voluptatem. Omnis dolor beatae ullam odio qui.','2013-07-04 15:47:32','2020-10-05 13:17:39','2020-10-05 13:17:39'),(184,NULL,17,43,NULL,'Nesciunt dolor aut perferendis aut.','Qui ut ut in et illum numquam possimus. Molestiae id aut voluptates autem cupiditate. Aliquid repudiandae magnam beatae autem veritatis.','2003-09-25 11:10:24','2020-10-05 13:17:39','2020-10-05 13:17:39'),(185,NULL,3,58,NULL,'Consequuntur alias est aspernatur dolorum voluptate.','Earum non voluptatem qui voluptas unde culpa ut. Et laborum aliquid fuga commodi. Aspernatur et voluptate reprehenderit. Dolorem consequatur suscipit consequatur blanditiis. Veritatis rerum perferendis consequatur omnis eveniet quis.','1979-05-01 16:07:59','2020-10-05 13:17:39','2020-10-05 13:17:39'),(186,NULL,4,45,NULL,'Totam corporis qui dolor molestias nemo corporis.','Ut et maxime rerum dolorum consequatur qui veritatis. Et ut id aut qui sint provident. Aliquid non quod explicabo quis rem qui at. Qui doloribus quasi nisi quas nisi autem sequi quidem.','1999-10-27 05:06:29','2020-10-05 13:17:39','2020-10-05 13:17:39'),(187,NULL,13,66,NULL,'Hic non eos repellendus rem.','A et similique possimus provident excepturi provident. Molestias et nisi ipsa. Nemo ut nesciunt repudiandae illum et. Porro autem doloribus sapiente autem labore.','1971-11-20 11:53:43','2020-10-05 13:17:39','2020-10-05 13:17:39'),(188,NULL,18,28,NULL,'Tempora quibusdam aut dicta optio et.','Rerum quis suscipit voluptate praesentium autem. Eum eum mollitia et sed dolorem. Et nulla deleniti culpa. Qui at incidunt voluptatem corporis commodi ea. Dolor in nisi dolores corporis qui. Itaque et aliquid commodi ipsam ea et consequatur.','1976-12-20 05:17:09','2020-10-05 13:17:39','2020-10-05 13:17:39'),(189,NULL,19,33,NULL,'Aut natus nam quos labore maxime cupiditate quas amet.','Sed laboriosam et consequatur consectetur. Quos iste qui ratione impedit voluptatibus repudiandae. Dolor dolores veniam eum ipsum. Eos fuga eius voluptas excepturi iure ipsa.','2012-06-02 03:49:53','2020-10-05 13:17:39','2020-10-05 13:17:39'),(190,NULL,10,41,NULL,'Eum laboriosam vero soluta voluptas qui quo.','Suscipit fugiat alias suscipit blanditiis molestias hic et. Fugit provident debitis nostrum quae nemo aliquam iure fuga. Optio commodi neque molestiae voluptatem. Enim sapiente consequuntur voluptatum reiciendis.','2017-10-30 14:28:39','2020-10-05 13:17:39','2020-10-05 13:17:39'),(191,NULL,18,42,NULL,'Blanditiis voluptatem similique eum corporis.','Perferendis voluptates nemo minus debitis. Expedita eum iusto omnis. Accusantium consequuntur dolorum laboriosam deleniti nihil quos et. Qui voluptatibus aliquid doloremque iste voluptas temporibus.','1979-07-05 12:57:31','2020-10-05 13:17:39','2020-10-05 13:17:39'),(192,NULL,16,36,NULL,'Consectetur recusandae numquam quisquam tenetur aut ea et.','Aspernatur harum fuga et saepe iure. Hic animi itaque consequuntur voluptatem soluta sunt. Rerum esse quo corporis non molestiae sit delectus. Explicabo iure nihil magni laboriosam occaecati rem.','2016-11-11 00:28:35','2020-10-05 13:17:39','2020-10-05 13:17:39'),(193,NULL,9,59,NULL,'Ducimus excepturi recusandae nisi animi.','Nihil sunt necessitatibus ut cupiditate cupiditate nostrum ipsa. Consequatur suscipit vitae consequatur maxime sed et eaque non.','1987-04-26 02:31:16','2020-10-05 13:17:39','2020-10-05 13:17:39'),(194,NULL,12,30,NULL,'Omnis delectus excepturi consequatur voluptates provident temporibus voluptatem voluptatibus.','Adipisci earum repellendus qui quasi illo. Voluptatum nulla molestiae magnam esse. Mollitia nihil quos ea blanditiis non deleniti nihil. Deserunt debitis cupiditate atque autem.','2011-11-19 10:26:32','2020-10-05 13:17:39','2020-10-05 13:17:39'),(195,NULL,17,49,NULL,'Assumenda est nobis debitis nam minus sit.','Est aut voluptatum nihil rerum sit. Voluptas cupiditate commodi est delectus delectus provident. Sint nostrum voluptatem et.','1990-06-04 01:34:45','2020-10-05 13:17:39','2020-10-05 13:17:39'),(196,NULL,21,52,NULL,'Consequuntur est fugiat autem occaecati beatae et.','Suscipit eius dignissimos perspiciatis itaque illum. Odit id ad eos sed. Vero aut molestias quas est. Itaque omnis pariatur aperiam eius consequatur cum eum dicta.','1975-09-05 16:33:39','2020-10-05 13:17:39','2020-10-05 13:17:39'),(197,NULL,5,34,NULL,'Beatae eos est est dolorem facilis.','Corporis consequatur ea quia et non. Recusandae assumenda et fugiat quis reiciendis quod qui. Nihil temporibus aut cupiditate esse omnis doloribus.','1985-02-06 02:22:36','2020-10-05 13:17:39','2020-10-05 13:17:39'),(198,NULL,5,25,NULL,'Labore est numquam rem sed dolorem quo.','Est beatae illo repellat ea quis. Est dolorem earum voluptatum numquam. Dolore quaerat eius non distinctio ullam.','2009-05-09 13:41:31','2020-10-05 13:17:39','2020-10-05 13:17:39'),(199,NULL,3,61,NULL,'Aut error voluptas accusamus ducimus voluptas facere eius.','Libero ut et consequuntur autem doloremque sed exercitationem explicabo. Eligendi ut rerum quia sint architecto aliquid. Rerum odit nemo laudantium sequi ex.','1982-09-02 23:51:57','2020-10-05 13:17:39','2020-10-05 13:17:39'),(200,NULL,18,48,NULL,'Officiis ea nihil soluta id repudiandae adipisci.','Qui adipisci repellendus mollitia consequatur est. Omnis tempore consequatur omnis qui vel.','1992-06-06 06:57:51','2020-10-05 13:17:39','2020-10-05 13:17:39'),(201,NULL,21,21,NULL,'Ducimus molestiae porro veritatis temporibus et et.','Ut unde ut suscipit iure expedita. Omnis maiores voluptates distinctio ut non. Sapiente assumenda velit tempore voluptas occaecati et. Excepturi velit quis ducimus eum qui rem.','1998-05-15 17:12:12','2020-10-05 13:17:39','2020-10-05 13:17:39'),(202,NULL,3,44,NULL,'Quia dicta quae repellat eius quia qui.','Modi qui accusantium id ex eos. Autem inventore impedit voluptates qui alias expedita. Et eos totam omnis necessitatibus et et ea. Velit aut beatae dignissimos est alias adipisci.','2011-12-31 18:33:33','2020-10-05 13:17:39','2020-10-05 13:17:39'),(203,NULL,1,40,NULL,'Corporis et deleniti debitis voluptatibus natus.','Voluptatibus eos quo numquam asperiores id sunt a. Ut est ut fugiat voluptatibus ratione. Aut tempora molestias tempora dignissimos illum nihil. Nobis ut nostrum blanditiis eos voluptas sit fugit.','1996-04-01 00:06:23','2020-10-05 13:17:39','2020-10-05 13:17:39'),(204,NULL,20,29,NULL,'Iusto inventore eaque eveniet voluptates itaque rerum perferendis.','Quisquam ullam possimus voluptatem ratione. Asperiores corrupti et laborum laudantium hic commodi. Id illum a ut sequi animi sunt. Et quo et odio sapiente fuga nisi.','2010-02-07 15:39:47','2020-10-05 13:17:39','2020-10-05 13:17:39'),(205,NULL,10,35,NULL,'Omnis reiciendis est tempora.','Voluptate voluptate incidunt id ea. Debitis quibusdam nam necessitatibus nemo porro. Nobis nam et et perferendis earum magnam doloribus. Deserunt ut repellendus neque.','1979-11-13 22:55:10','2020-10-05 13:17:39','2020-10-05 13:17:39'),(206,NULL,6,26,NULL,'Et eaque atque dolores dolorem.','Quia molestiae et fugiat eligendi quis libero dolores harum. Voluptas sapiente dolor sed quisquam voluptatem at voluptate. Doloremque et architecto excepturi deserunt fuga illo ea.','1979-07-25 08:15:29','2020-10-05 13:17:39','2020-10-05 13:17:39'),(207,NULL,15,34,NULL,'Enim est nisi aut ad est explicabo.','Aperiam repellendus aut consequatur praesentium explicabo. Provident suscipit doloribus error aut perferendis neque maxime occaecati. Rerum assumenda in odio tempora. Ea aut sequi sunt non.','2010-03-10 10:52:13','2020-10-05 13:17:39','2020-10-05 13:17:39'),(208,NULL,10,53,NULL,'Aut sunt quo numquam.','Repellat distinctio inventore officiis doloremque debitis commodi ut. Harum sed ullam ab repudiandae ea nostrum asperiores. Et mollitia qui sequi in. Et tenetur dignissimos repellendus dolor molestiae.','2005-04-22 21:46:32','2020-10-05 13:17:39','2020-10-05 13:17:39'),(209,NULL,19,42,NULL,'Accusantium enim accusamus quia eos similique qui labore.','Qui autem nihil similique ab magnam. Eos rerum maxime vero et eum nulla. Aut eaque dolores omnis velit repudiandae ullam magnam.','1976-02-21 04:35:23','2020-10-05 13:17:39','2020-10-05 13:17:39'),(210,NULL,13,34,NULL,'Consequatur sed voluptatem voluptates iste omnis nostrum ut expedita.','Nihil adipisci esse dolor est nobis nulla. Consequatur autem provident numquam quo est ea. Recusandae a nam a.','1985-08-26 07:49:01','2020-10-05 13:17:39','2020-10-05 13:17:39'),(211,NULL,13,28,NULL,'Magnam perferendis vero voluptate vero quo dolorem eos.','Molestias voluptates vero ut id. Saepe repellendus et hic quidem et.','1979-05-29 03:03:13','2020-10-05 13:17:39','2020-10-05 13:17:39'),(212,NULL,10,42,NULL,'Quam repellat et asperiores consequatur.','Aliquam consequatur qui praesentium est et. Qui maiores enim officiis voluptatum maiores repellat ut. Dolor repellendus ad voluptatem ipsa ea blanditiis laborum.','1984-08-08 02:44:21','2020-10-05 13:17:39','2020-10-05 13:17:39'),(213,NULL,13,60,NULL,'Iste distinctio maxime nihil.','Sint quia dolor eum minima quia. Autem rerum sint itaque quis ex facilis. Dignissimos accusantium non esse odit et. Architecto nam sint vero ipsum. Dolor debitis error facilis quod qui. Nisi rerum quia hic ducimus non.','2008-02-09 12:17:35','2020-10-05 13:17:39','2020-10-05 13:17:39'),(214,NULL,3,49,NULL,'Aperiam atque quisquam quo magni ut.','Deleniti doloribus adipisci vero dolores fugit culpa. Et mollitia quis ut totam vel. Laboriosam praesentium cum error laboriosam est fugit voluptas. Eligendi ipsam quos perspiciatis et nostrum aliquid et.','1983-10-28 08:58:14','2020-10-05 13:17:39','2020-10-05 13:17:39'),(215,NULL,12,3,NULL,'Nulla qui perferendis possimus et.','A laboriosam iure voluptatem debitis et omnis non. Et nesciunt est numquam qui. Suscipit enim est cum sit. Voluptatem qui facilis odio.','1994-02-28 18:33:47','2020-10-05 13:17:39','2020-10-05 13:17:39'),(216,NULL,14,28,NULL,'Tempore facilis quasi ea quos quia.','Quibusdam harum est libero error aut. Repellat excepturi in sit. Atque aliquid aut ipsum quia itaque tempore.','1988-05-04 16:34:33','2020-10-05 13:17:39','2020-10-05 13:17:39'),(217,NULL,21,31,NULL,'Et accusantium iste et ad.','Non qui eos vel officia ut ipsam. Labore quod officiis voluptates culpa. Aut facilis quis tempore atque soluta dolore tenetur. Aut aspernatur occaecati quam vero voluptas eveniet.','2008-11-16 14:10:33','2020-10-05 13:17:39','2020-10-05 13:17:39'),(218,NULL,13,54,NULL,'Temporibus harum ut deleniti et sed.','Quo omnis doloremque dolore vitae in molestias iste ea. Et ipsam dicta voluptatibus nam omnis corrupti nemo in. Necessitatibus ratione velit exercitationem nesciunt quisquam omnis accusantium soluta.','2005-03-24 06:48:50','2020-10-05 13:17:39','2020-10-05 13:17:39'),(219,NULL,5,42,NULL,'Omnis quod atque sed voluptatem provident architecto quisquam.','In suscipit natus nobis cupiditate. Ut dolor architecto exercitationem rem earum totam est.','1972-07-20 13:38:51','2020-10-05 13:17:39','2020-10-05 13:17:39'),(220,NULL,17,64,NULL,'Et numquam inventore et temporibus quidem sequi autem.','Et veniam et atque a et accusantium ullam. Soluta excepturi aut est nisi rerum. Quod ipsam ea labore magnam. Ea delectus qui dignissimos necessitatibus sit accusamus.','1983-10-16 13:59:32','2020-10-05 13:17:39','2020-10-05 13:17:39'),(221,NULL,7,44,NULL,'Cumque vel et adipisci accusantium.','Sed sint quae quae. Voluptas est saepe impedit esse assumenda ullam. Sed incidunt quia odit maiores est unde aliquam. Ut optio in laboriosam neque ut hic.','2004-04-10 10:35:31','2020-10-05 13:17:39','2020-10-05 13:17:39');
/*!40000 ALTER TABLE `pengumuman` ENABLE KEYS */;
UNLOCK TABLES;
DROP TABLE IF EXISTS `permission_role`;
/*!40101 SET @saved_cs_client     = @@character_set_client */;
/*!40101 SET character_set_client = utf8 */;
CREATE TABLE `permission_role` (
  `permission_id` bigint(20) unsigned NOT NULL,
  `role_id` bigint(20) unsigned NOT NULL,
  PRIMARY KEY (`permission_id`,`role_id`),
  KEY `permission_role_role_id_foreign` (`role_id`),
  CONSTRAINT `permission_role_permission_id_foreign` FOREIGN KEY (`permission_id`) REFERENCES `permissions` (`id`) ON DELETE CASCADE ON UPDATE CASCADE,
  CONSTRAINT `permission_role_role_id_foreign` FOREIGN KEY (`role_id`) REFERENCES `roles` (`id`) ON DELETE CASCADE ON UPDATE CASCADE
) ENGINE=InnoDB DEFAULT CHARSET=utf8mb4 COLLATE=utf8mb4_unicode_ci;
/*!40101 SET character_set_client = @saved_cs_client */;

LOCK TABLES `permission_role` WRITE;
/*!40000 ALTER TABLE `permission_role` DISABLE KEYS */;
INSERT INTO `permission_role` VALUES (1,1),(2,1),(3,1),(4,1),(5,1),(6,1),(1,2),(2,2),(3,2),(4,2),(5,2),(6,2),(5,3),(6,3),(5,4),(6,4),(5,5),(6,5);
/*!40000 ALTER TABLE `permission_role` ENABLE KEYS */;
UNLOCK TABLES;
DROP TABLE IF EXISTS `permission_user`;
/*!40101 SET @saved_cs_client     = @@character_set_client */;
/*!40101 SET character_set_client = utf8 */;
CREATE TABLE `permission_user` (
  `permission_id` bigint(20) unsigned NOT NULL,
  `user_id` bigint(20) unsigned NOT NULL,
  `user_type` varchar(255) COLLATE utf8mb4_unicode_ci NOT NULL,
  PRIMARY KEY (`user_id`,`permission_id`,`user_type`),
  KEY `permission_user_permission_id_foreign` (`permission_id`),
  CONSTRAINT `permission_user_permission_id_foreign` FOREIGN KEY (`permission_id`) REFERENCES `permissions` (`id`) ON DELETE CASCADE ON UPDATE CASCADE
) ENGINE=InnoDB DEFAULT CHARSET=utf8mb4 COLLATE=utf8mb4_unicode_ci;
/*!40101 SET character_set_client = @saved_cs_client */;

LOCK TABLES `permission_user` WRITE;
/*!40000 ALTER TABLE `permission_user` DISABLE KEYS */;
/*!40000 ALTER TABLE `permission_user` ENABLE KEYS */;
UNLOCK TABLES;
DROP TABLE IF EXISTS `permissions`;
/*!40101 SET @saved_cs_client     = @@character_set_client */;
/*!40101 SET character_set_client = utf8 */;
CREATE TABLE `permissions` (
  `id` bigint(20) unsigned NOT NULL AUTO_INCREMENT,
  `name` varchar(255) COLLATE utf8mb4_unicode_ci NOT NULL,
  `display_name` varchar(255) COLLATE utf8mb4_unicode_ci DEFAULT NULL,
  `description` varchar(255) COLLATE utf8mb4_unicode_ci DEFAULT NULL,
  `created_at` timestamp NULL DEFAULT NULL,
  `updated_at` timestamp NULL DEFAULT NULL,
  PRIMARY KEY (`id`),
  UNIQUE KEY `permissions_name_unique` (`name`)
) ENGINE=InnoDB AUTO_INCREMENT=7 DEFAULT CHARSET=utf8mb4 COLLATE=utf8mb4_unicode_ci;
/*!40101 SET character_set_client = @saved_cs_client */;

LOCK TABLES `permissions` WRITE;
/*!40000 ALTER TABLE `permissions` DISABLE KEYS */;
INSERT INTO `permissions` VALUES (1,'users-create','Create Users','Create Users','2020-09-25 02:02:55','2020-09-25 02:02:55'),(2,'users-read','Read Users','Read Users','2020-09-25 02:02:55','2020-09-25 02:02:55'),(3,'users-update','Update Users','Update Users','2020-09-25 02:02:55','2020-09-25 02:02:55'),(4,'users-delete','Delete Users','Delete Users','2020-09-25 02:02:55','2020-09-25 02:02:55'),(5,'profile-read','Read Profile','Read Profile','2020-09-25 02:02:55','2020-09-25 02:02:55'),(6,'profile-update','Update Profile','Update Profile','2020-09-25 02:02:55','2020-09-25 02:02:55');
/*!40000 ALTER TABLE `permissions` ENABLE KEYS */;
UNLOCK TABLES;
DROP TABLE IF EXISTS `role_user`;
/*!40101 SET @saved_cs_client     = @@character_set_client */;
/*!40101 SET character_set_client = utf8 */;
CREATE TABLE `role_user` (
  `role_id` bigint(20) unsigned NOT NULL,
  `user_id` bigint(20) unsigned NOT NULL,
  `user_type` varchar(255) COLLATE utf8mb4_unicode_ci NOT NULL,
  PRIMARY KEY (`user_id`,`role_id`,`user_type`),
  KEY `role_user_role_id_foreign` (`role_id`),
  CONSTRAINT `role_user_role_id_foreign` FOREIGN KEY (`role_id`) REFERENCES `roles` (`id`) ON DELETE CASCADE ON UPDATE CASCADE
) ENGINE=InnoDB DEFAULT CHARSET=utf8mb4 COLLATE=utf8mb4_unicode_ci;
/*!40101 SET character_set_client = @saved_cs_client */;

LOCK TABLES `role_user` WRITE;
/*!40000 ALTER TABLE `role_user` DISABLE KEYS */;
INSERT INTO `role_user` VALUES (1,1,'App\\Models\\User'),(1,20,'App\\Models\\User'),(2,2,'App\\Models\\User'),(3,3,'App\\Models\\User'),(3,21,'App\\Models\\User'),(3,22,'App\\Models\\User'),(3,23,'App\\Models\\User'),(3,24,'App\\Models\\User'),(3,25,'App\\Models\\User'),(3,26,'App\\Models\\User'),(3,27,'App\\Models\\User'),(3,28,'App\\Models\\User'),(3,29,'App\\Models\\User'),(3,30,'App\\Models\\User'),(3,31,'App\\Models\\User'),(3,32,'App\\Models\\User'),(3,33,'App\\Models\\User'),(3,34,'App\\Models\\User'),(3,35,'App\\Models\\User'),(3,36,'App\\Models\\User'),(3,37,'App\\Models\\User'),(3,38,'App\\Models\\User'),(3,39,'App\\Models\\User'),(3,40,'App\\Models\\User'),(3,41,'App\\Models\\User'),(3,42,'App\\Models\\User'),(3,43,'App\\Models\\User'),(3,44,'App\\Models\\User'),(3,45,'App\\Models\\User'),(3,46,'App\\Models\\User'),(3,47,'App\\Models\\User'),(3,48,'App\\Models\\User'),(3,49,'App\\Models\\User'),(3,50,'App\\Models\\User'),(3,51,'App\\Models\\User'),(3,52,'App\\Models\\User'),(3,53,'App\\Models\\User'),(3,54,'App\\Models\\User'),(3,55,'App\\Models\\User'),(3,56,'App\\Models\\User'),(3,57,'App\\Models\\User'),(3,58,'App\\Models\\User'),(3,59,'App\\Models\\User'),(3,60,'App\\Models\\User'),(3,61,'App\\Models\\User'),(3,62,'App\\Models\\User'),(3,63,'App\\Models\\User'),(3,64,'App\\Models\\User'),(3,65,'App\\Models\\User'),(3,66,'App\\Models\\User'),(3,67,'App\\Models\\User'),(4,4,'App\\Models\\User'),(4,1003,'App\\Models\\User'),(4,1004,'App\\Models\\User'),(4,1005,'App\\Models\\User'),(4,1006,'App\\Models\\User'),(4,1007,'App\\Models\\User'),(4,1008,'App\\Models\\User'),(4,1009,'App\\Models\\User'),(4,1010,'App\\Models\\User'),(4,1011,'App\\Models\\User'),(4,1012,'App\\Models\\User'),(4,1013,'App\\Models\\User'),(4,1014,'App\\Models\\User'),(4,1015,'App\\Models\\User'),(4,1016,'App\\Models\\User'),(4,1017,'App\\Models\\User'),(4,1018,'App\\Models\\User'),(4,1019,'App\\Models\\User'),(4,1020,'App\\Models\\User'),(4,1021,'App\\Models\\User'),(4,1022,'App\\Models\\User'),(4,1023,'App\\Models\\User'),(4,1024,'App\\Models\\User'),(4,1025,'App\\Models\\User'),(4,1026,'App\\Models\\User'),(4,1027,'App\\Models\\User'),(4,1028,'App\\Models\\User'),(4,1029,'App\\Models\\User'),(4,1030,'App\\Models\\User'),(4,1031,'App\\Models\\User'),(4,1032,'App\\Models\\User'),(4,1033,'App\\Models\\User'),(4,1034,'App\\Models\\User'),(4,1035,'App\\Models\\User'),(4,1036,'App\\Models\\User'),(4,1037,'App\\Models\\User'),(4,1038,'App\\Models\\User'),(4,1039,'App\\Models\\User'),(4,1040,'App\\Models\\User'),(4,1041,'App\\Models\\User'),(4,1042,'App\\Models\\User'),(4,1043,'App\\Models\\User'),(4,1044,'App\\Models\\User'),(4,1045,'App\\Models\\User'),(4,1046,'App\\Models\\User'),(4,1047,'App\\Models\\User'),(4,1048,'App\\Models\\User'),(4,1049,'App\\Models\\User'),(4,1050,'App\\Models\\User'),(4,1051,'App\\Models\\User'),(4,1052,'App\\Models\\User'),(4,1053,'App\\Models\\User'),(4,1054,'App\\Models\\User'),(4,1055,'App\\Models\\User'),(4,1056,'App\\Models\\User'),(4,1057,'App\\Models\\User'),(4,1058,'App\\Models\\User'),(4,1059,'App\\Models\\User'),(4,1060,'App\\Models\\User'),(4,1061,'App\\Models\\User'),(4,1062,'App\\Models\\User'),(4,1063,'App\\Models\\User'),(4,1064,'App\\Models\\User'),(4,1065,'App\\Models\\User'),(4,1066,'App\\Models\\User'),(4,1067,'App\\Models\\User'),(4,1068,'App\\Models\\User'),(4,1069,'App\\Models\\User'),(4,1070,'App\\Models\\User'),(4,1071,'App\\Models\\User'),(4,1072,'App\\Models\\User'),(4,1073,'App\\Models\\User'),(4,1074,'App\\Models\\User'),(4,1075,'App\\Models\\User'),(4,1076,'App\\Models\\User'),(4,1077,'App\\Models\\User'),(4,1078,'App\\Models\\User'),(4,1079,'App\\Models\\User'),(4,1080,'App\\Models\\User'),(4,1081,'App\\Models\\User'),(4,1082,'App\\Models\\User'),(4,1083,'App\\Models\\User'),(4,1084,'App\\Models\\User'),(4,1085,'App\\Models\\User'),(4,1086,'App\\Models\\User'),(4,1087,'App\\Models\\User'),(4,1088,'App\\Models\\User'),(4,1089,'App\\Models\\User'),(4,1090,'App\\Models\\User'),(4,1091,'App\\Models\\User'),(4,1092,'App\\Models\\User'),(4,1093,'App\\Models\\User'),(4,1094,'App\\Models\\User'),(4,1095,'App\\Models\\User'),(4,1096,'App\\Models\\User'),(4,1097,'App\\Models\\User'),(4,1098,'App\\Models\\User'),(4,1099,'App\\Models\\User'),(4,1100,'App\\Models\\User'),(4,1101,'App\\Models\\User'),(4,1102,'App\\Models\\User'),(4,1103,'App\\Models\\User'),(4,1104,'App\\Models\\User'),(4,1105,'App\\Models\\User'),(4,1106,'App\\Models\\User'),(4,1107,'App\\Models\\User'),(4,1108,'App\\Models\\User'),(4,1109,'App\\Models\\User'),(4,1110,'App\\Models\\User'),(4,1111,'App\\Models\\User'),(4,1112,'App\\Models\\User'),(4,1113,'App\\Models\\User'),(4,1114,'App\\Models\\User'),(4,1115,'App\\Models\\User'),(4,1116,'App\\Models\\User'),(4,1117,'App\\Models\\User'),(4,1118,'App\\Models\\User'),(4,1119,'App\\Models\\User'),(4,1120,'App\\Models\\User'),(4,1121,'App\\Models\\User'),(4,1122,'App\\Models\\User'),(4,1123,'App\\Models\\User'),(4,1124,'App\\Models\\User'),(4,1125,'App\\Models\\User'),(4,1126,'App\\Models\\User'),(4,1127,'App\\Models\\User'),(4,1128,'App\\Models\\User'),(4,1129,'App\\Models\\User'),(4,1130,'App\\Models\\User'),(4,1131,'App\\Models\\User'),(4,1132,'App\\Models\\User'),(4,1133,'App\\Models\\User'),(4,1134,'App\\Models\\User'),(4,1135,'App\\Models\\User'),(4,1136,'App\\Models\\User'),(4,1137,'App\\Models\\User'),(4,1138,'App\\Models\\User'),(4,1139,'App\\Models\\User'),(4,1140,'App\\Models\\User'),(4,1141,'App\\Models\\User'),(4,1142,'App\\Models\\User'),(4,1143,'App\\Models\\User'),(4,1144,'App\\Models\\User'),(4,1145,'App\\Models\\User'),(4,1146,'App\\Models\\User'),(4,1147,'App\\Models\\User'),(4,1148,'App\\Models\\User'),(4,1149,'App\\Models\\User'),(4,1150,'App\\Models\\User'),(4,1151,'App\\Models\\User'),(4,1152,'App\\Models\\User'),(4,1153,'App\\Models\\User'),(4,1154,'App\\Models\\User'),(4,1155,'App\\Models\\User'),(4,1156,'App\\Models\\User'),(4,1157,'App\\Models\\User'),(4,1158,'App\\Models\\User'),(4,1159,'App\\Models\\User'),(4,1160,'App\\Models\\User'),(4,1161,'App\\Models\\User'),(4,1162,'App\\Models\\User'),(4,1163,'App\\Models\\User'),(4,1164,'App\\Models\\User'),(4,1165,'App\\Models\\User'),(4,1166,'App\\Models\\User'),(4,1167,'App\\Models\\User'),(4,1168,'App\\Models\\User'),(4,1169,'App\\Models\\User'),(4,1170,'App\\Models\\User'),(4,1171,'App\\Models\\User'),(4,1172,'App\\Models\\User'),(4,1173,'App\\Models\\User'),(4,1174,'App\\Models\\User'),(4,1175,'App\\Models\\User'),(4,1176,'App\\Models\\User'),(4,1177,'App\\Models\\User'),(4,1178,'App\\Models\\User'),(4,1179,'App\\Models\\User'),(4,1180,'App\\Models\\User'),(4,1181,'App\\Models\\User'),(4,1182,'App\\Models\\User'),(4,1183,'App\\Models\\User'),(4,1184,'App\\Models\\User'),(4,1185,'App\\Models\\User'),(4,1186,'App\\Models\\User'),(4,1187,'App\\Models\\User'),(4,1188,'App\\Models\\User'),(4,1189,'App\\Models\\User'),(4,1190,'App\\Models\\User'),(4,1191,'App\\Models\\User'),(4,1192,'App\\Models\\User'),(4,1193,'App\\Models\\User'),(4,1194,'App\\Models\\User'),(4,1195,'App\\Models\\User'),(4,1196,'App\\Models\\User'),(4,1197,'App\\Models\\User'),(4,1198,'App\\Models\\User'),(4,1199,'App\\Models\\User'),(4,1200,'App\\Models\\User'),(4,1201,'App\\Models\\User'),(4,1202,'App\\Models\\User'),(4,1203,'App\\Models\\User'),(4,1204,'App\\Models\\User'),(4,1205,'App\\Models\\User'),(4,1206,'App\\Models\\User'),(4,1207,'App\\Models\\User'),(4,1208,'App\\Models\\User'),(4,1209,'App\\Models\\User'),(4,1210,'App\\Models\\User'),(4,1211,'App\\Models\\User'),(4,1212,'App\\Models\\User'),(4,1213,'App\\Models\\User'),(4,1214,'App\\Models\\User'),(4,1215,'App\\Models\\User'),(4,1216,'App\\Models\\User'),(4,1217,'App\\Models\\User'),(4,1218,'App\\Models\\User'),(4,1219,'App\\Models\\User'),(4,1220,'App\\Models\\User'),(4,1221,'App\\Models\\User'),(4,1222,'App\\Models\\User'),(4,1223,'App\\Models\\User'),(4,1224,'App\\Models\\User'),(4,1225,'App\\Models\\User'),(4,1226,'App\\Models\\User'),(4,1227,'App\\Models\\User'),(4,1228,'App\\Models\\User'),(4,1229,'App\\Models\\User'),(4,1230,'App\\Models\\User'),(4,1231,'App\\Models\\User'),(4,1232,'App\\Models\\User'),(4,1233,'App\\Models\\User'),(4,1234,'App\\Models\\User'),(4,1235,'App\\Models\\User'),(4,1236,'App\\Models\\User'),(4,1237,'App\\Models\\User'),(4,1238,'App\\Models\\User'),(4,1239,'App\\Models\\User'),(4,1240,'App\\Models\\User'),(4,1241,'App\\Models\\User'),(4,1242,'App\\Models\\User'),(4,1243,'App\\Models\\User'),(4,1244,'App\\Models\\User'),(4,1245,'App\\Models\\User'),(4,1246,'App\\Models\\User'),(4,1247,'App\\Models\\User'),(4,1248,'App\\Models\\User'),(4,1249,'App\\Models\\User'),(4,1250,'App\\Models\\User'),(4,1251,'App\\Models\\User'),(4,1252,'App\\Models\\User'),(4,1253,'App\\Models\\User'),(4,1254,'App\\Models\\User'),(4,1255,'App\\Models\\User'),(4,1256,'App\\Models\\User'),(4,1257,'App\\Models\\User'),(4,1258,'App\\Models\\User'),(4,1259,'App\\Models\\User'),(4,1260,'App\\Models\\User'),(4,1261,'App\\Models\\User'),(4,1262,'App\\Models\\User'),(4,1263,'App\\Models\\User'),(4,1264,'App\\Models\\User'),(4,1265,'App\\Models\\User'),(4,1266,'App\\Models\\User'),(4,1267,'App\\Models\\User'),(4,1268,'App\\Models\\User'),(4,1269,'App\\Models\\User'),(4,1270,'App\\Models\\User'),(4,1271,'App\\Models\\User'),(4,1272,'App\\Models\\User'),(4,1273,'App\\Models\\User'),(4,1274,'App\\Models\\User'),(4,1275,'App\\Models\\User'),(4,1276,'App\\Models\\User'),(4,1277,'App\\Models\\User'),(4,1278,'App\\Models\\User'),(4,1279,'App\\Models\\User'),(4,1280,'App\\Models\\User'),(4,1281,'App\\Models\\User'),(4,1282,'App\\Models\\User'),(4,1283,'App\\Models\\User'),(4,1284,'App\\Models\\User'),(4,1285,'App\\Models\\User'),(4,1286,'App\\Models\\User'),(4,1287,'App\\Models\\User'),(4,1288,'App\\Models\\User'),(4,1289,'App\\Models\\User'),(4,1290,'App\\Models\\User'),(4,1291,'App\\Models\\User'),(4,1292,'App\\Models\\User'),(4,1293,'App\\Models\\User'),(4,1294,'App\\Models\\User'),(4,1295,'App\\Models\\User'),(4,1296,'App\\Models\\User'),(4,1297,'App\\Models\\User'),(4,1298,'App\\Models\\User'),(4,1299,'App\\Models\\User'),(4,1300,'App\\Models\\User'),(4,1301,'App\\Models\\User'),(4,1302,'App\\Models\\User'),(4,1303,'App\\Models\\User'),(4,1304,'App\\Models\\User'),(4,1305,'App\\Models\\User'),(4,1306,'App\\Models\\User'),(4,1307,'App\\Models\\User'),(4,1308,'App\\Models\\User'),(4,1309,'App\\Models\\User'),(4,1310,'App\\Models\\User'),(4,1311,'App\\Models\\User'),(4,1312,'App\\Models\\User'),(4,1313,'App\\Models\\User'),(4,1314,'App\\Models\\User'),(4,1315,'App\\Models\\User'),(4,1316,'App\\Models\\User'),(4,1317,'App\\Models\\User'),(4,1318,'App\\Models\\User'),(4,1319,'App\\Models\\User'),(4,1320,'App\\Models\\User'),(4,1321,'App\\Models\\User'),(4,1322,'App\\Models\\User'),(4,1323,'App\\Models\\User'),(4,1324,'App\\Models\\User'),(4,1325,'App\\Models\\User'),(4,1326,'App\\Models\\User'),(4,1327,'App\\Models\\User'),(4,1328,'App\\Models\\User'),(4,1329,'App\\Models\\User'),(4,1330,'App\\Models\\User'),(4,1331,'App\\Models\\User'),(4,1332,'App\\Models\\User'),(4,1333,'App\\Models\\User'),(4,1334,'App\\Models\\User'),(4,1335,'App\\Models\\User'),(4,1336,'App\\Models\\User'),(4,1337,'App\\Models\\User'),(4,1338,'App\\Models\\User'),(4,1339,'App\\Models\\User'),(4,1340,'App\\Models\\User'),(4,1341,'App\\Models\\User'),(4,1342,'App\\Models\\User'),(4,1343,'App\\Models\\User'),(4,1344,'App\\Models\\User'),(4,1345,'App\\Models\\User'),(4,1346,'App\\Models\\User'),(4,1347,'App\\Models\\User'),(4,1348,'App\\Models\\User'),(4,1349,'App\\Models\\User'),(4,1350,'App\\Models\\User'),(4,1351,'App\\Models\\User'),(4,1352,'App\\Models\\User'),(4,1353,'App\\Models\\User'),(4,1354,'App\\Models\\User'),(4,1355,'App\\Models\\User'),(4,1356,'App\\Models\\User'),(4,1357,'App\\Models\\User'),(4,1358,'App\\Models\\User'),(4,1359,'App\\Models\\User'),(4,1360,'App\\Models\\User'),(4,1361,'App\\Models\\User'),(4,1362,'App\\Models\\User'),(4,1363,'App\\Models\\User'),(4,1364,'App\\Models\\User'),(4,1365,'App\\Models\\User'),(4,1366,'App\\Models\\User'),(4,1367,'App\\Models\\User'),(4,1368,'App\\Models\\User'),(4,1369,'App\\Models\\User'),(4,1370,'App\\Models\\User'),(4,1371,'App\\Models\\User'),(4,1372,'App\\Models\\User'),(4,1373,'App\\Models\\User'),(4,1374,'App\\Models\\User'),(4,1375,'App\\Models\\User'),(4,1376,'App\\Models\\User'),(4,1377,'App\\Models\\User'),(4,1378,'App\\Models\\User'),(4,1379,'App\\Models\\User'),(4,1380,'App\\Models\\User'),(4,1381,'App\\Models\\User'),(4,1382,'App\\Models\\User'),(4,1383,'App\\Models\\User'),(4,1384,'App\\Models\\User'),(4,1385,'App\\Models\\User'),(4,1386,'App\\Models\\User'),(4,1387,'App\\Models\\User'),(4,1388,'App\\Models\\User'),(4,1389,'App\\Models\\User'),(4,1390,'App\\Models\\User'),(4,1391,'App\\Models\\User'),(4,1392,'App\\Models\\User'),(4,1393,'App\\Models\\User'),(4,1394,'App\\Models\\User'),(4,1395,'App\\Models\\User'),(4,1396,'App\\Models\\User'),(4,1397,'App\\Models\\User'),(4,1398,'App\\Models\\User'),(4,1399,'App\\Models\\User'),(4,1400,'App\\Models\\User'),(4,1401,'App\\Models\\User'),(4,1402,'App\\Models\\User'),(4,1403,'App\\Models\\User'),(4,1404,'App\\Models\\User'),(4,1405,'App\\Models\\User'),(4,1406,'App\\Models\\User'),(4,1407,'App\\Models\\User'),(4,1408,'App\\Models\\User'),(4,1409,'App\\Models\\User'),(4,1410,'App\\Models\\User'),(4,1411,'App\\Models\\User'),(4,1412,'App\\Models\\User'),(4,1413,'App\\Models\\User'),(4,1414,'App\\Models\\User'),(4,1415,'App\\Models\\User'),(4,1416,'App\\Models\\User'),(4,1417,'App\\Models\\User'),(4,1418,'App\\Models\\User'),(4,1419,'App\\Models\\User'),(4,1420,'App\\Models\\User'),(4,1421,'App\\Models\\User'),(4,1422,'App\\Models\\User'),(4,1423,'App\\Models\\User'),(4,1424,'App\\Models\\User'),(4,1425,'App\\Models\\User'),(4,1426,'App\\Models\\User'),(4,1427,'App\\Models\\User'),(4,1428,'App\\Models\\User'),(4,1429,'App\\Models\\User'),(4,1430,'App\\Models\\User'),(4,1431,'App\\Models\\User'),(4,1432,'App\\Models\\User'),(4,1433,'App\\Models\\User'),(4,1434,'App\\Models\\User'),(4,1435,'App\\Models\\User'),(4,1436,'App\\Models\\User'),(4,1437,'App\\Models\\User'),(4,1438,'App\\Models\\User'),(4,1439,'App\\Models\\User'),(4,1440,'App\\Models\\User'),(4,1441,'App\\Models\\User'),(4,1442,'App\\Models\\User'),(4,1443,'App\\Models\\User'),(4,1444,'App\\Models\\User'),(4,1445,'App\\Models\\User'),(4,1446,'App\\Models\\User'),(4,1447,'App\\Models\\User'),(4,1448,'App\\Models\\User'),(4,1449,'App\\Models\\User'),(4,1450,'App\\Models\\User'),(4,1451,'App\\Models\\User'),(4,1452,'App\\Models\\User'),(4,1453,'App\\Models\\User'),(4,1454,'App\\Models\\User'),(4,1455,'App\\Models\\User'),(4,1456,'App\\Models\\User'),(4,1457,'App\\Models\\User'),(4,1458,'App\\Models\\User'),(4,1459,'App\\Models\\User'),(4,1460,'App\\Models\\User'),(4,1461,'App\\Models\\User'),(4,1462,'App\\Models\\User'),(4,1463,'App\\Models\\User'),(4,1464,'App\\Models\\User'),(4,1465,'App\\Models\\User'),(4,1466,'App\\Models\\User'),(4,1467,'App\\Models\\User'),(4,1468,'App\\Models\\User'),(4,1469,'App\\Models\\User'),(4,1470,'App\\Models\\User'),(4,1471,'App\\Models\\User'),(4,1472,'App\\Models\\User'),(4,1473,'App\\Models\\User'),(4,1474,'App\\Models\\User'),(4,1475,'App\\Models\\User'),(4,1476,'App\\Models\\User'),(4,1477,'App\\Models\\User'),(4,1478,'App\\Models\\User'),(4,1479,'App\\Models\\User'),(4,1480,'App\\Models\\User'),(4,1481,'App\\Models\\User'),(4,1482,'App\\Models\\User'),(4,1483,'App\\Models\\User'),(4,1484,'App\\Models\\User'),(4,1485,'App\\Models\\User'),(4,1486,'App\\Models\\User'),(4,1487,'App\\Models\\User'),(4,1488,'App\\Models\\User'),(4,1489,'App\\Models\\User'),(4,1490,'App\\Models\\User'),(4,1491,'App\\Models\\User'),(4,1492,'App\\Models\\User'),(4,1493,'App\\Models\\User'),(4,1494,'App\\Models\\User'),(4,1495,'App\\Models\\User'),(4,1496,'App\\Models\\User'),(4,1497,'App\\Models\\User'),(4,1498,'App\\Models\\User'),(4,1499,'App\\Models\\User'),(4,1500,'App\\Models\\User'),(4,1501,'App\\Models\\User'),(4,1502,'App\\Models\\User'),(4,1503,'App\\Models\\User'),(4,1504,'App\\Models\\User'),(4,1505,'App\\Models\\User'),(4,1506,'App\\Models\\User'),(4,1507,'App\\Models\\User'),(4,1508,'App\\Models\\User'),(4,1509,'App\\Models\\User'),(4,1510,'App\\Models\\User'),(4,1511,'App\\Models\\User'),(4,1512,'App\\Models\\User'),(4,1513,'App\\Models\\User'),(4,1514,'App\\Models\\User'),(4,1515,'App\\Models\\User'),(4,1516,'App\\Models\\User'),(4,1517,'App\\Models\\User'),(4,1518,'App\\Models\\User'),(4,1519,'App\\Models\\User'),(4,1520,'App\\Models\\User'),(4,1521,'App\\Models\\User'),(4,1522,'App\\Models\\User'),(4,1523,'App\\Models\\User'),(4,1524,'App\\Models\\User'),(4,1525,'App\\Models\\User'),(4,1526,'App\\Models\\User'),(4,1527,'App\\Models\\User'),(4,1528,'App\\Models\\User'),(4,1529,'App\\Models\\User'),(4,1530,'App\\Models\\User'),(4,1531,'App\\Models\\User'),(4,1532,'App\\Models\\User'),(4,1533,'App\\Models\\User'),(4,1534,'App\\Models\\User'),(4,1535,'App\\Models\\User'),(4,1536,'App\\Models\\User'),(4,1537,'App\\Models\\User'),(4,1538,'App\\Models\\User'),(4,1539,'App\\Models\\User'),(4,1540,'App\\Models\\User'),(4,1541,'App\\Models\\User'),(4,1542,'App\\Models\\User'),(4,1543,'App\\Models\\User'),(4,1544,'App\\Models\\User'),(4,1545,'App\\Models\\User'),(4,1546,'App\\Models\\User'),(4,1547,'App\\Models\\User'),(4,1548,'App\\Models\\User'),(4,1549,'App\\Models\\User'),(4,1550,'App\\Models\\User'),(4,1551,'App\\Models\\User'),(4,1552,'App\\Models\\User'),(4,1553,'App\\Models\\User'),(4,1554,'App\\Models\\User'),(4,1555,'App\\Models\\User'),(4,1556,'App\\Models\\User'),(4,1557,'App\\Models\\User'),(4,1558,'App\\Models\\User'),(4,1559,'App\\Models\\User'),(4,1560,'App\\Models\\User'),(4,1561,'App\\Models\\User'),(4,1562,'App\\Models\\User'),(4,1563,'App\\Models\\User'),(4,1564,'App\\Models\\User'),(4,1565,'App\\Models\\User'),(4,1566,'App\\Models\\User'),(4,1567,'App\\Models\\User'),(4,1568,'App\\Models\\User'),(4,1569,'App\\Models\\User'),(4,1570,'App\\Models\\User'),(4,1571,'App\\Models\\User'),(4,1572,'App\\Models\\User'),(4,1573,'App\\Models\\User'),(4,1574,'App\\Models\\User'),(4,1575,'App\\Models\\User'),(4,1576,'App\\Models\\User'),(4,1577,'App\\Models\\User'),(4,1578,'App\\Models\\User'),(4,1579,'App\\Models\\User'),(4,1580,'App\\Models\\User'),(4,1581,'App\\Models\\User'),(4,1582,'App\\Models\\User'),(4,1583,'App\\Models\\User'),(4,1584,'App\\Models\\User'),(4,1585,'App\\Models\\User'),(4,1586,'App\\Models\\User'),(4,1587,'App\\Models\\User'),(4,1588,'App\\Models\\User'),(4,1589,'App\\Models\\User'),(4,1590,'App\\Models\\User'),(4,1591,'App\\Models\\User'),(4,1592,'App\\Models\\User'),(4,1593,'App\\Models\\User'),(4,1594,'App\\Models\\User'),(4,1595,'App\\Models\\User'),(4,1596,'App\\Models\\User'),(4,1597,'App\\Models\\User'),(4,1598,'App\\Models\\User'),(4,1599,'App\\Models\\User'),(4,1600,'App\\Models\\User'),(4,1601,'App\\Models\\User'),(4,1602,'App\\Models\\User'),(4,1603,'App\\Models\\User'),(4,1604,'App\\Models\\User'),(4,1605,'App\\Models\\User'),(4,1606,'App\\Models\\User'),(4,1607,'App\\Models\\User'),(4,1608,'App\\Models\\User'),(4,1609,'App\\Models\\User'),(4,1610,'App\\Models\\User'),(4,1611,'App\\Models\\User'),(4,1612,'App\\Models\\User'),(4,1613,'App\\Models\\User'),(4,1614,'App\\Models\\User'),(4,1615,'App\\Models\\User'),(4,1616,'App\\Models\\User'),(4,1617,'App\\Models\\User'),(4,1618,'App\\Models\\User'),(4,1619,'App\\Models\\User'),(4,1620,'App\\Models\\User'),(4,1621,'App\\Models\\User'),(4,1622,'App\\Models\\User'),(4,1623,'App\\Models\\User'),(4,1624,'App\\Models\\User'),(4,1625,'App\\Models\\User'),(4,1626,'App\\Models\\User'),(4,1627,'App\\Models\\User'),(4,1628,'App\\Models\\User'),(4,1629,'App\\Models\\User'),(4,1630,'App\\Models\\User'),(4,1631,'App\\Models\\User'),(4,1632,'App\\Models\\User'),(4,1633,'App\\Models\\User'),(4,1634,'App\\Models\\User'),(4,1635,'App\\Models\\User'),(4,1636,'App\\Models\\User'),(4,1637,'App\\Models\\User'),(4,1638,'App\\Models\\User'),(4,1639,'App\\Models\\User'),(4,1640,'App\\Models\\User'),(4,1641,'App\\Models\\User'),(4,1642,'App\\Models\\User'),(4,1643,'App\\Models\\User'),(4,1644,'App\\Models\\User'),(4,1645,'App\\Models\\User'),(4,1646,'App\\Models\\User'),(4,1647,'App\\Models\\User'),(4,1648,'App\\Models\\User'),(4,1649,'App\\Models\\User'),(4,1650,'App\\Models\\User'),(4,1651,'App\\Models\\User'),(4,1652,'App\\Models\\User'),(4,1653,'App\\Models\\User'),(4,1654,'App\\Models\\User'),(4,1655,'App\\Models\\User'),(4,1656,'App\\Models\\User'),(4,1657,'App\\Models\\User'),(4,1658,'App\\Models\\User'),(4,1659,'App\\Models\\User'),(4,1660,'App\\Models\\User'),(4,1661,'App\\Models\\User'),(4,1662,'App\\Models\\User'),(4,1663,'App\\Models\\User'),(4,1664,'App\\Models\\User'),(4,1665,'App\\Models\\User'),(4,1666,'App\\Models\\User'),(4,1667,'App\\Models\\User'),(4,1668,'App\\Models\\User'),(4,1669,'App\\Models\\User'),(4,1670,'App\\Models\\User'),(4,1671,'App\\Models\\User'),(4,1672,'App\\Models\\User'),(4,1673,'App\\Models\\User'),(4,1674,'App\\Models\\User'),(4,1675,'App\\Models\\User'),(4,1676,'App\\Models\\User'),(4,1677,'App\\Models\\User'),(4,1678,'App\\Models\\User'),(4,1679,'App\\Models\\User'),(4,1680,'App\\Models\\User'),(4,1681,'App\\Models\\User'),(4,1682,'App\\Models\\User'),(4,1683,'App\\Models\\User'),(4,1684,'App\\Models\\User'),(4,1685,'App\\Models\\User'),(4,1686,'App\\Models\\User'),(4,1687,'App\\Models\\User'),(4,1688,'App\\Models\\User'),(4,1689,'App\\Models\\User'),(4,1690,'App\\Models\\User'),(4,1691,'App\\Models\\User'),(4,1692,'App\\Models\\User'),(4,1693,'App\\Models\\User'),(4,1694,'App\\Models\\User'),(4,1695,'App\\Models\\User'),(4,1696,'App\\Models\\User'),(4,1697,'App\\Models\\User'),(4,1698,'App\\Models\\User'),(4,1699,'App\\Models\\User'),(4,1700,'App\\Models\\User'),(4,1701,'App\\Models\\User'),(4,1702,'App\\Models\\User'),(4,1703,'App\\Models\\User'),(4,1704,'App\\Models\\User'),(4,1705,'App\\Models\\User'),(4,1706,'App\\Models\\User'),(4,1707,'App\\Models\\User'),(4,1708,'App\\Models\\User'),(4,1709,'App\\Models\\User'),(4,1710,'App\\Models\\User'),(4,1711,'App\\Models\\User'),(4,1712,'App\\Models\\User'),(4,1713,'App\\Models\\User'),(4,1714,'App\\Models\\User'),(4,1715,'App\\Models\\User'),(4,1716,'App\\Models\\User'),(4,1717,'App\\Models\\User'),(4,1718,'App\\Models\\User'),(4,1719,'App\\Models\\User'),(4,1720,'App\\Models\\User'),(4,1721,'App\\Models\\User'),(4,1722,'App\\Models\\User'),(4,1723,'App\\Models\\User'),(4,1724,'App\\Models\\User'),(4,1725,'App\\Models\\User'),(4,1726,'App\\Models\\User'),(4,1727,'App\\Models\\User'),(4,1728,'App\\Models\\User'),(4,1729,'App\\Models\\User'),(4,1730,'App\\Models\\User'),(4,1731,'App\\Models\\User'),(4,1732,'App\\Models\\User'),(4,1733,'App\\Models\\User'),(4,1734,'App\\Models\\User'),(4,1735,'App\\Models\\User'),(4,1736,'App\\Models\\User'),(4,1737,'App\\Models\\User'),(4,1738,'App\\Models\\User'),(4,1739,'App\\Models\\User'),(4,1740,'App\\Models\\User'),(4,1741,'App\\Models\\User'),(4,1742,'App\\Models\\User'),(4,1743,'App\\Models\\User'),(4,1744,'App\\Models\\User'),(4,1745,'App\\Models\\User'),(4,1746,'App\\Models\\User'),(4,1747,'App\\Models\\User'),(4,1748,'App\\Models\\User'),(4,1749,'App\\Models\\User'),(4,1750,'App\\Models\\User'),(4,1751,'App\\Models\\User'),(4,1752,'App\\Models\\User'),(5,5,'App\\Models\\User');
/*!40000 ALTER TABLE `role_user` ENABLE KEYS */;
UNLOCK TABLES;
DROP TABLE IF EXISTS `roles`;
/*!40101 SET @saved_cs_client     = @@character_set_client */;
/*!40101 SET character_set_client = utf8 */;
CREATE TABLE `roles` (
  `id` bigint(20) unsigned NOT NULL AUTO_INCREMENT,
  `name` varchar(255) COLLATE utf8mb4_unicode_ci NOT NULL,
  `display_name` varchar(255) COLLATE utf8mb4_unicode_ci DEFAULT NULL,
  `description` varchar(255) COLLATE utf8mb4_unicode_ci DEFAULT NULL,
  `created_at` timestamp NULL DEFAULT NULL,
  `updated_at` timestamp NULL DEFAULT NULL,
  PRIMARY KEY (`id`),
  UNIQUE KEY `roles_name_unique` (`name`)
) ENGINE=InnoDB AUTO_INCREMENT=6 DEFAULT CHARSET=utf8mb4 COLLATE=utf8mb4_unicode_ci;
/*!40101 SET character_set_client = @saved_cs_client */;

LOCK TABLES `roles` WRITE;
/*!40000 ALTER TABLE `roles` DISABLE KEYS */;
INSERT INTO `roles` VALUES (1,'admin','Admin','Admin','2020-09-25 02:02:55','2020-09-25 02:02:55'),(2,'taus','Taus','Taus','2020-09-25 02:02:55','2020-09-25 02:02:55'),(3,'guru','Guru','Guru','2020-09-25 02:02:56','2020-09-25 02:02:56'),(4,'siswa','Siswa','Siswa','2020-09-25 02:02:56','2020-09-25 02:02:56'),(5,'ortu','Ortu','Ortu','2020-09-25 02:02:56','2020-09-25 02:02:56');
/*!40000 ALTER TABLE `roles` ENABLE KEYS */;
UNLOCK TABLES;
DROP TABLE IF EXISTS `siswa`;
/*!40101 SET @saved_cs_client     = @@character_set_client */;
/*!40101 SET character_set_client = utf8 */;
CREATE TABLE `siswa` (
  `id` bigint(20) unsigned NOT NULL AUTO_INCREMENT,
  `user_id` bigint(20) unsigned NOT NULL,
  `kelas_id` bigint(20) unsigned NOT NULL,
  `nama` varchar(255) COLLATE utf8mb4_unicode_ci NOT NULL,
  `nis` varchar(255) COLLATE utf8mb4_unicode_ci NOT NULL,
  `jenkel` varchar(255) COLLATE utf8mb4_unicode_ci NOT NULL,
  `tgl_lahir` date NOT NULL,
  `created_at` timestamp NULL DEFAULT NULL,
  `updated_at` timestamp NULL DEFAULT NULL,
  PRIMARY KEY (`id`),
  UNIQUE KEY `siswa_nis_unique` (`nis`)
) ENGINE=InnoDB AUTO_INCREMENT=1686 DEFAULT CHARSET=utf8mb4 COLLATE=utf8mb4_unicode_ci;
/*!40101 SET character_set_client = @saved_cs_client */;

LOCK TABLES `siswa` WRITE;
/*!40000 ALTER TABLE `siswa` DISABLE KEYS */;
INSERT INTO `siswa` VALUES (936,1003,1,'ADIRA SAFITRI','6840','P','2005-11-07','2020-09-28 10:12:38','2020-09-28 19:20:28'),(937,1004,1,'ANDIRA SEPTIA WULANDARI','6841','P','2004-09-10','2020-09-28 10:12:38','2020-09-28 19:20:28'),(938,1005,1,'ANGELIA STEVANI','6842','P','2004-06-30','2020-09-28 10:12:38','2020-09-28 19:20:28'),(939,1006,1,'ANISA BILA SEPTIANA','6843','P','2005-09-27','2020-09-28 10:12:38','2020-09-28 19:20:28'),(940,1007,1,'APRILIA KARTIKA MUHTAR','6844','P','2005-04-04','2020-09-28 10:12:38','2020-09-28 19:20:28'),(941,1008,1,'ARIQ ARSALAN','6845','L','2005-01-09','2020-09-28 10:12:39','2020-09-28 19:20:28'),(942,1009,1,'ARSELIA BELLA ANANTA','6846','P','2004-11-18','2020-09-28 10:12:39','2020-09-28 19:20:28'),(943,1010,1,'ASHILAH AYU RIZQI','6847','P','2005-02-27','2020-09-28 10:12:39','2020-09-28 19:20:28'),(944,1011,1,'ASWIDAH FARADISA','6848','P','2004-12-28','2020-09-28 10:12:39','2020-09-28 19:20:28'),(945,1012,1,'AURA LARAS HATI','6849','P','2005-06-22','2020-09-28 10:12:39','2020-09-28 19:20:28'),(946,1013,1,'AZIZAH ARGUBI','6850','P','2004-10-22','2020-09-28 10:12:39','2020-09-28 19:20:28'),(947,1014,1,'BARLIANA ASH HABIYA CHOLIK','6851','P','2005-04-22','2020-09-28 10:12:39','2020-09-28 19:20:28'),(948,1015,1,'CORNELLIA RAGIL SUSENA','6852','P','2005-09-14','2020-09-28 10:12:39','2020-09-28 19:20:28'),(949,1016,1,'DARREN KURNIAWAN YOUNG','6853','L','2005-05-13','2020-09-28 10:12:40','2020-09-28 19:20:28'),(950,1017,1,'DIANA KHAIRUNA','6854','P','2005-08-24','2020-09-28 10:12:40','2020-09-28 19:20:28'),(951,1018,1,'EFIA NURUL FADILA','6855','P','2004-09-11','2020-09-28 10:12:40','2020-09-28 19:20:28'),(952,1019,1,'ELZA FATIKA','6856','P','2005-01-26','2020-09-28 10:12:40','2020-09-28 19:20:28'),(953,1020,1,'KHARIQOTUL AQLIYAH','6857','P','2005-01-12','2020-09-28 10:12:40','2020-09-28 19:20:28'),(954,1021,1,'LUTFI ANANDA NUGRAHA','6858','L','2005-01-31','2020-09-28 10:12:40','2020-09-28 19:20:28'),(955,1022,1,'MUHAMAD HATA','6859','L','2005-04-26','2020-09-28 10:12:40','2020-09-28 19:20:28'),(956,1023,1,'MUHAMMAD NAFIL','6860','L','2005-06-21','2020-09-28 10:12:40','2020-09-28 19:20:28'),(957,1024,1,'MUHAMMAD RIDWAN FATHURRAHMAN','6861','L','2005-04-05','2020-09-28 10:12:40','2020-09-28 19:20:28'),(958,1025,1,'MUHAMMAD SYAKIF ARSILAN','6862','L','2004-09-29','2020-09-28 10:12:41','2020-09-28 19:20:28'),(959,1026,1,'MUHAMMAD UMAR AZIF','6863','L','2004-10-13','2020-09-28 10:12:41','2020-09-28 19:20:28'),(960,1027,1,'MUTIARA NASYA ARIFIANTI','6864','P','2004-09-24','2020-09-28 10:12:41','2020-09-28 19:20:28'),(961,1028,1,'NADIA OKTAFIANI','6865','P','2004-10-08','2020-09-28 10:12:41','2020-09-28 19:20:28'),(962,1029,1,'NAJMI ALI','6866','L','2005-09-13','2020-09-28 10:12:41','2020-09-28 19:20:28'),(963,1030,1,'NANDA DWI ALFANDI','6867','L','2005-03-25','2020-09-28 10:12:41','2020-09-28 19:20:28'),(964,1031,1,'NAVILA SYIVA DWI MAULIDIANA','6868','P','2005-04-06','2020-09-28 10:12:41','2020-09-28 19:20:28'),(965,1032,1,'NAZIKHA LAURA DWISANTY','6869','P','2005-02-09','2020-09-28 10:12:41','2020-09-28 19:20:28'),(966,1033,1,'NIRINA DELLA AYU QONITA','6870','P','2005-05-28','2020-09-28 10:12:41','2020-09-28 19:20:28'),(967,1034,1,'NUR FADILAH','6871','P','2004-07-11','2020-09-28 10:12:42','2020-09-28 19:20:28'),(968,1035,1,'R. ZIMAM WAFI LELAKI','6872','L','2005-10-24','2020-09-28 10:12:42','2020-09-28 19:20:28'),(969,1036,1,'RADITYA BERNANDA','6873','L','2005-07-09','2020-09-28 10:12:42','2020-09-28 19:20:28'),(970,1037,1,'VATRI','6874','P','2005-04-24','2020-09-28 10:12:42','2020-09-28 19:20:28'),(971,1038,1,'YUDHA PANJI NUGROHO','6875','L','2005-08-31','2020-09-28 10:12:42','2020-09-28 19:20:28'),(972,1039,2,'ADE AYU MUSLIMAH','6876','P','2006-06-30','2020-09-28 10:12:42','2020-09-28 19:23:35'),(973,1040,2,'ADRIAN NATHANAEL KURNIAWAN','6877','L','2005-04-19','2020-09-28 10:12:42','2020-09-28 19:23:35'),(974,1041,2,'AHMAD MUTSAQQIF','6878','L','2005-08-10','2020-09-28 10:12:42','2020-09-28 19:23:35'),(975,1042,2,'ANDREW HARLI YUWONO','6879','L','2005-02-24','2020-09-28 10:12:42','2020-09-28 19:23:35'),(976,1043,2,'ANGGRAENI PUSPITA DEWI','6880','P','2005-04-01','2020-09-28 10:12:43','2020-09-28 19:23:35'),(977,1044,2,'AURA A\'IMMATUL UMMAH','6881','P','2005-04-01','2020-09-28 10:12:43','2020-09-28 19:23:35'),(978,1045,2,'AYU ANDI NUR ISTIQOMAH','6882','P','2004-11-24','2020-09-28 10:12:43','2020-09-28 19:23:35'),(979,1046,2,'AZZAHRO NABILA','6883','P','2005-05-01','2020-09-28 10:12:43','2020-09-28 19:23:35'),(980,1047,2,'BERNADETA KENYO SERENA','6884','P','2005-04-27','2020-09-28 10:12:43','2020-09-28 19:23:35'),(981,1048,2,'CALISTA OTNIEL FRANSISKA','6885','P','2005-04-08','2020-09-28 10:12:43','2020-09-28 19:23:35'),(982,1049,2,'CALLISTA NATALIA RAHARJO PRAWIRO','6886','P','2005-12-17','2020-09-28 10:12:43','2020-09-28 19:23:35'),(983,1050,2,'DERIL AUFA FERDI ANANDIKA','6887','L','2005-04-27','2020-09-28 10:12:43','2020-09-28 19:23:35'),(984,1051,2,'DIANI SYAHRANI','6888','P','2005-08-24','2020-09-28 10:12:44','2020-09-28 19:23:35'),(985,1052,2,'FORTUNATUS DAVID LIYANTO','6889','L','2005-09-01','2020-09-28 10:12:44','2020-09-28 19:23:35'),(986,1053,2,'HANIF ABDUSY SYAKUR','6890','L','2005-01-03','2020-09-28 10:12:44','2020-09-28 19:23:35'),(987,1054,2,'INDAH KURNIATI','6891','P','2003-06-28','2020-09-28 10:12:44','2020-09-28 19:23:35'),(988,1055,2,'LIVIA AYU FEBRINA','6892','P','2005-02-28','2020-09-28 10:12:44','2020-09-28 19:23:35'),(989,1056,2,'LUDYA YUMNA','6893','P','2006-04-07','2020-09-28 10:12:44','2020-09-28 19:23:35'),(990,1057,2,'M. RIZKI OCTAVIAN RAMADHAN','6894','L','2005-10-26','2020-09-28 10:12:44','2020-09-28 19:23:35'),(991,1058,2,'MISBAH UDIN','6895','L','2005-05-15','2020-09-28 10:12:44','2020-09-28 19:23:35'),(992,1059,2,'MUHAMMAD RAISA SATRIA ABHIRAMA','6896','L','2005-06-01','2020-09-28 10:12:45','2020-09-28 19:23:35'),(993,1060,2,'MUHAMMAD RASHKY DZAYANRANA','6897','L','2005-04-18','2020-09-28 10:12:45','2020-09-28 19:23:35'),(994,1061,2,'MUHAMMAD SHODIQUL \'AMALI','6898','L','2005-01-02','2020-09-28 10:12:45','2020-09-28 19:23:35'),(995,1062,2,'NADZIFATUZZAHRO','6899','P','2004-06-18','2020-09-28 10:12:45','2020-09-28 19:23:35'),(996,1063,2,'NAILUL KHASANAH ROFIQI','6900','P','2005-05-13','2020-09-28 10:12:45','2020-09-28 19:23:35'),(997,1064,2,'NAJMA HANIN FADIASARI','6901','P','2005-05-14','2020-09-28 10:12:45','2020-09-28 19:23:35'),(998,1065,2,'NAWAL MUMTAZA JINAN ASYAHRA','6902','P','2005-03-16','2020-09-28 10:12:45','2020-09-28 19:23:35'),(999,1066,2,'NAZALA DHAVI ARIFIANA SAKHI','6903','P','2005-07-09','2020-09-28 10:12:45','2020-09-28 19:23:35'),(1000,1067,2,'OKKY ALLEYDA YAHYA','6904','L','2005-06-22','2020-09-28 10:12:46','2020-09-28 19:23:36'),(1001,1068,2,'RAKARA SURYA AJI PRATAMA','6905','L','2004-12-06','2020-09-28 10:12:46','2020-09-28 19:23:36'),(1002,1069,2,'RIFAN HUTABARAT','6906','L','2005-01-28','2020-09-28 10:12:46','2020-09-28 19:23:36'),(1003,1070,2,'RIO RIZQI QITFIRUL AZIZ PRIBOWO','6907','L','2005-03-24','2020-09-28 10:12:46','2020-09-28 19:23:36'),(1004,1071,2,'SOTYA MAULIDA LESTARI','6908','P','2006-04-08','2020-09-28 10:12:46','2020-09-28 19:23:36'),(1005,1072,2,'TRI KURNIA SANDY NUGROHO','6909','L','2005-04-21','2020-09-28 10:12:46','2020-09-28 19:23:36'),(1006,1073,2,'YUSMAR AMALIA SOLEKHA','6910','P','2005-10-21','2020-09-28 10:12:46','2020-09-28 19:23:36'),(1007,1074,2,'ZHAHEILA NAFISA','6911','P','2005-03-05','2020-09-28 10:12:46','2020-09-28 19:23:36'),(1008,1075,3,'ABELIA INTANI','6912','P','2005-05-08','2020-09-28 10:12:46','2020-09-28 20:00:30'),(1009,1076,3,'ACHMAD YASSIN','6913','L','2004-07-18','2020-09-28 10:12:47','2020-09-28 20:00:30'),(1010,1077,3,'AFKAAR PRIO PRAYOGA','6914','L','2005-07-13','2020-09-28 10:12:47','2020-09-28 20:00:30'),(1011,1078,3,'AFNA ADDINA','6915','P','2005-02-07','2020-09-28 10:12:47','2020-09-28 20:00:30'),(1012,1079,3,'AINA MAHARANI','6916','P','2005-06-04','2020-09-28 10:12:47','2020-09-28 20:00:30'),(1013,1080,3,'ANGGER GILANG PURWOKO','6917','L','2005-09-19','2020-09-28 10:12:47','2020-09-28 20:00:30'),(1014,1081,3,'ARMETHA ARDYA GARINI','6918','P','2005-01-16','2020-09-28 10:12:47','2020-09-28 20:00:30'),(1015,1082,3,'AUDREY ADELIA SUNTIARKO','6919','P','2005-05-13','2020-09-28 10:12:47','2020-09-28 20:00:30'),(1016,1083,3,'BILKIS IZZA UKHFIYA','6920','P','2005-03-18','2020-09-28 10:12:47','2020-09-28 20:00:30'),(1017,1084,3,'CHELSEA ARANTZA PHOEBE','6921','P','2005-09-26','2020-09-28 10:12:48','2020-09-28 20:00:30'),(1018,1085,3,'EGIESKA BRIPTANIA MUSTOFA','6922','P','2005-07-01','2020-09-28 10:12:48','2020-09-28 20:00:30'),(1019,1086,3,'FARAH SALSABILA','6923','P','2005-11-17','2020-09-28 10:12:48','2020-09-28 20:00:30'),(1020,1087,3,'GERRA ELDIANA AULIA MAHSA','6924','P','2005-03-13','2020-09-28 10:12:48','2020-09-28 20:00:30'),(1021,1088,3,'ILHAM IZZUDDIN ADAM','6925','L','2004-10-15','2020-09-28 10:12:48','2020-09-28 20:00:30'),(1022,1089,3,'LEONARDUS YOSSA PRATHAMA','6926','L','2005-05-09','2020-09-28 10:12:48','2020-09-28 20:00:30'),(1023,1090,3,'M. ARVYANDA DAVA SANGGA PRATAMA','6927','L','2005-05-22','2020-09-28 10:12:48','2020-09-28 20:00:30'),(1024,1091,3,'MIRANDA MILATINA','6928','P','2006-01-26','2020-09-28 10:12:48','2020-09-28 20:00:30'),(1025,1092,3,'MOHAMAD ALIEF ARKANNABIL','6929','L','2004-01-03','2020-09-28 10:12:48','2020-09-28 20:00:30'),(1026,1093,3,'MOHAMAD FAREL KHANSA ADIZA','6930','L','2005-09-07','2020-09-28 10:12:49','2020-09-28 20:00:30'),(1027,1094,3,'MOHAMMAD GALANG DWI CAHYO','6931','L','2005-05-23','2020-09-28 10:12:49','2020-09-28 20:00:30'),(1028,1095,3,'MOHAMMAD RIZKY IKHSANDY DARMAWAN','6932','L','2005-05-29','2020-09-28 10:12:49','2020-09-28 20:00:30'),(1029,1096,3,'MUCHAMAD SOLEH','6933','L','2005-02-22','2020-09-28 10:12:49','2020-09-28 20:00:30'),(1030,1097,3,'MUHAMMAD FAQIH AKBAR','6934','L','2005-01-22','2020-09-28 10:12:49','2020-09-28 20:00:30'),(1031,1098,3,'MUHAMMAD FARHAN HILMAN','6935','L','2005-09-01','2020-09-28 10:12:49','2020-09-28 20:00:30'),(1032,1099,3,'MUHAMMAD HAFIDH','6936','L','2004-08-14','2020-09-28 10:12:49','2020-09-28 20:00:30'),(1033,1100,3,'NADHIFATUZ MUTIARAISLAM','6937','P','2005-03-16','2020-09-28 10:12:49','2020-09-28 20:00:30'),(1034,1101,3,'NAJWA TRISARI','6938','P','2004-12-25','2020-09-28 10:12:50','2020-09-28 20:00:30'),(1035,1102,3,'NASYWA ISCA NABILA','6939','P','2005-04-28','2020-09-28 10:12:50','2020-09-28 20:00:30'),(1036,1103,3,'NUR AZIZAH','6940','P','2003-05-16','2020-09-28 10:28:18','2020-09-28 20:00:30'),(1037,1104,3,'PRAMATA YUNDIKA','6941','L','2005-01-04','2020-09-28 10:28:18','2020-09-28 20:00:30'),(1038,1105,3,'PUTRI FARA FAIRUSKA','6942','P','2005-04-30','2020-09-28 10:28:18','2020-09-28 20:00:30'),(1039,1106,3,'PUTRI SUKARDI','6943','P','2004-11-28','2020-09-28 10:28:18','2020-09-28 20:00:30'),(1040,1107,3,'SALMA DIENA SYAKIRA','6944','P','2005-05-01','2020-09-28 10:28:18','2020-09-28 20:00:30'),(1041,1108,3,'TAZKIA ANNA IMANIA','6945','P','2005-07-26','2020-09-28 10:28:19','2020-09-28 20:00:30'),(1042,1109,3,'VINSENSIUS ADIV NUGROHO','6946','L','2005-09-14','2020-09-28 10:28:19','2020-09-28 20:00:30'),(1043,1110,3,'ZIDA RIZQIANA','6947','P','2005-01-25','2020-09-28 10:28:19','2020-09-28 20:00:30'),(1044,1111,4,'ABIMANYU BINTANG RAHUTAMA','6948','L','2005-10-23','2020-09-28 10:28:19','2020-09-28 20:20:58'),(1045,1112,4,'ACHMAD ROMADHON','6949','L','2005-10-21','2020-09-28 10:28:19','2020-09-28 20:20:58'),(1046,1113,4,'ADI PRANATA','6950','L','2005-04-22','2020-09-28 10:28:19','2020-09-28 20:20:58'),(1047,1114,4,'A\'ILA VILLADY','6951','P','2005-08-17','2020-09-28 10:28:19','2020-09-28 20:20:58'),(1048,1115,4,'AKILLA FISDIARNDA SHAQINNA','6952','P','2005-09-13','2020-09-28 10:28:19','2020-09-28 20:20:58'),(1049,1116,4,'ATHADEVA HADYAN ACHMAD','6953','L','2004-12-18','2020-09-28 10:28:19','2020-09-28 20:20:58'),(1050,1117,4,'ATHAYA CANDRAKANTA','6954','P','2004-12-22','2020-09-28 10:28:20','2020-09-28 20:20:58'),(1051,1118,4,'DWI AMINAH','6955','P','2005-06-03','2020-09-28 10:28:20','2020-09-28 20:20:58'),(1052,1119,4,'FARAH TSANI MAULIDA','6956','P','2005-05-04','2020-09-28 10:28:20','2020-09-28 20:20:58'),(1053,1120,4,'FARHAN ARDEN WIDYADHANA','6957','L','2005-07-29','2020-09-28 10:28:20','2020-09-28 20:20:58'),(1054,1121,4,'FERDY ARIESTYANTO NUGROHO','6958','L','2005-04-13','2020-09-28 10:28:20','2020-09-28 20:20:58'),(1055,1122,4,'HASYA DESWITA SADIDA','6959','P','2004-12-08','2020-09-28 10:28:20','2020-09-28 20:20:58'),(1056,1123,4,'HENNI FARIYANINGRUM','6960','P','2004-10-13','2020-09-28 10:28:20','2020-09-28 20:20:58'),(1057,1124,4,'INDAH KUSUMA WARDANI','6961','P','2005-06-14','2020-09-28 10:28:20','2020-09-28 20:20:58'),(1058,1125,4,'ISABELLE PUTRI ARDINI','6962','P','2006-02-10','2020-09-28 10:28:21','2020-09-28 20:20:58'),(1059,1126,4,'JASON ABEL SUGIARTO','6963','L','2006-01-11','2020-09-28 10:28:21','2020-09-28 20:20:58'),(1060,1127,4,'KHALIFATUN NISA','6964','P','2005-09-12','2020-09-28 10:28:21','2020-09-28 20:20:58'),(1061,1128,4,'LOISA GABRIEL KRISTINA PURBA','6965','P','2005-04-27','2020-09-28 10:28:21','2020-09-28 20:20:58'),(1062,1129,4,'M. AERIKO ADIJAYA','6966','L','2004-11-19','2020-09-28 10:28:21','2020-09-28 20:20:58'),(1063,1130,4,'M. FARHAN HAQIQI','6967','L','2004-11-29','2020-09-28 10:28:21','2020-09-28 20:20:58'),(1064,1131,4,'MOCH. SYABBI KAUTSAR','6968','L','2005-05-23','2020-09-28 10:28:21','2020-09-28 20:20:58'),(1065,1132,4,'MOH. ADITYA PAMUNGKAS','6969','L','2005-04-19','2020-09-28 10:28:21','2020-09-28 20:20:58'),(1066,1133,4,'MUHAMMAD AQIL SAPUTRA','6970','L','2005-03-16','2020-09-28 10:28:21','2020-09-28 20:20:58'),(1067,1134,4,'MUHAMMAD MIQDAD FAWWAS','6971','L','2005-08-15','2020-09-28 10:28:22','2020-09-28 20:20:58'),(1068,1135,4,'NAILUS SYARIFAH','6972','P','2005-05-16','2020-09-28 10:28:22','2020-09-28 20:20:58'),(1069,1136,4,'NANDA SAGITA IMAYA','6973','P','2005-04-19','2020-09-28 10:28:22','2020-09-28 20:20:58'),(1070,1137,4,'NATASHA JIHAN ALAYA','6974','P','2005-09-29','2020-09-28 10:28:22','2020-09-28 20:20:58'),(1071,1138,4,'NAURA AMELIA PUTRI','6975','P','2005-10-12','2020-09-28 10:28:22','2020-09-28 20:20:58'),(1072,1139,4,'NAZHIFA NUR ZAHIRA','6976','P','2005-09-08','2020-09-28 10:28:22','2020-09-28 20:20:58'),(1073,1140,4,'RAHMA TANZILA','6977','P','2006-02-23','2020-09-28 10:28:22','2020-09-28 20:20:58'),(1074,1141,4,'RICKO DINA DZAKWAN','6978','L','2005-03-20','2020-09-28 10:28:22','2020-09-28 20:20:58'),(1075,1142,4,'SHERIN SUNGKAR','6979','P','2004-09-11','2020-09-28 10:28:23','2020-09-28 20:20:58'),(1076,1143,4,'TEGAR YOGA WICAKSANA','6980','L','2005-03-31','2020-09-28 10:28:23','2020-09-28 20:20:58'),(1077,1144,4,'VALENSIUS VASTUVONDRA','6981','L','2006-01-06','2020-09-28 10:28:23','2020-09-28 20:20:58'),(1078,1145,4,'YESENIA IKFA SHAHLA','6982','P','2004-12-30','2020-09-28 10:28:23','2020-09-28 20:20:58'),(1079,1146,4,'ZACKY ARYA YUSTICIO','6983','L','2005-09-09','2020-09-28 10:28:23','2020-09-28 20:20:58'),(1080,1147,5,'ANGGITA DIAS NURFANDILA','6984','P','2005-02-01','2020-09-28 10:28:24','2020-09-28 20:23:32'),(1081,1148,5,'ANGWIN MEILISA AULIA','6985','P','2005-05-03','2020-09-28 10:28:24','2020-09-28 20:23:32'),(1082,1149,5,'ARELY ANINDA MULYO','6986','P','2004-12-22','2020-09-28 10:28:24','2020-09-28 20:23:32'),(1083,1150,5,'BELLA BESTARI','6987','P','2005-05-02','2020-09-28 10:28:24','2020-09-28 20:23:32'),(1084,1151,5,'DEWI SAFITRI','6988','P','2004-10-11','2020-09-28 10:28:24','2020-09-28 20:23:32'),(1085,1152,5,'DIANA LESTARI','6989','P','2005-08-24','2020-09-28 10:28:24','2020-09-28 20:23:32'),(1086,1153,5,'FAJAR SHIDIQ PRATAMA','6990','L','2005-04-29','2020-09-28 10:28:24','2020-09-28 20:23:32'),(1087,1154,5,'FAREL ARYA PRAMANDA','6991','L','2004-12-30','2020-09-28 10:28:24','2020-09-28 20:23:32'),(1088,1155,5,'FARIDHO','6992','L','2005-03-19','2020-09-28 10:28:25','2020-09-28 20:23:32'),(1089,1156,5,'FIONA WIJAYA','6993','P','2005-02-01','2020-09-28 10:28:25','2020-09-28 20:23:32'),(1090,1157,5,'GEBY ADELY BINTARY','6994','P','2005-07-11','2020-09-28 10:28:25','2020-09-28 20:23:32'),(1091,1158,5,'HALIZA RIFATUNNISA','6995','P','2005-02-17','2020-09-28 10:28:25','2020-09-28 20:23:32'),(1092,1159,5,'HANUM FINISHA MORBIDEZZA','6996','P','2005-04-23','2020-09-28 10:28:25','2020-09-28 20:23:32'),(1093,1160,5,'HANUM SALSABIELLAH','6997','P','2004-07-28','2020-09-28 10:28:25','2020-09-28 20:23:32'),(1094,1161,5,'INDAH PUJIARTI','6998','P','2005-09-08','2020-09-28 10:28:25','2020-09-28 20:23:32'),(1095,1162,5,'IRGI AKHMAD FARRERY','6999','L','2005-10-21','2020-09-28 10:28:25','2020-09-28 20:23:32'),(1096,1163,5,'JUSTIN EDUARDO LUCIUS','7000','L','2005-10-15','2020-09-28 10:28:26','2020-09-28 20:23:32'),(1097,1164,5,'KENDRICK GREGORYUS VALENTINO KARIM','7001','L','2004-05-20','2020-09-28 10:28:26','2020-09-28 20:23:32'),(1098,1165,5,'M. DAVA ARDANA','7002','L','2004-11-28','2020-09-28 10:28:26','2020-09-28 20:23:32'),(1099,1166,5,'MUHAMMAD AZIZ SATRIA SANTOSO','7003','L','2004-10-04','2020-09-28 10:28:26','2020-09-28 20:23:32'),(1100,1167,5,'MUHAMMAD FAHLEVI SYAHRIAL','7004','L','2004-10-24','2020-09-28 10:28:26','2020-09-28 20:23:32'),(1101,1168,5,'MUHAMMAD IRAWAN','7005','L','2005-05-03','2020-09-28 10:28:26','2020-09-28 20:23:32'),(1102,1169,5,'MUSYAFA\' AKMAL','7006','L','2005-07-08','2020-09-28 10:28:26','2020-09-28 20:23:32'),(1103,1170,5,'NABILA AZZAHRA','7007','P','2005-07-11','2020-09-28 10:28:26','2020-09-28 20:23:32'),(1104,1171,5,'NAJWA SAKINAH','7008','P','2005-01-28','2020-09-28 10:28:27','2020-09-28 20:23:32'),(1105,1172,5,'NAUFEL AHMAD HAYDAR','7009','L','2005-04-23','2020-09-28 10:28:27','2020-09-28 20:23:32'),(1106,1173,5,'NICOLAS KRISNA PRAWIRAJATI','7010','L','2005-05-16','2020-09-28 10:28:27','2020-09-28 20:23:32'),(1107,1174,5,'RABBILA TADZARNI FARDA','7011','P','2005-05-12','2020-09-28 10:28:27','2020-09-28 20:23:32'),(1108,1175,5,'RAHMA ZELIKA PUTRI','7012','P','2006-12-26','2020-09-28 10:28:27','2020-09-28 20:23:32'),(1109,1176,5,'RIFDAH ALVIONITA HARBELUBUN','7013','P','2005-08-06','2020-09-28 10:28:27','2020-09-28 20:23:32'),(1110,1177,5,'SALMA PUTRI AFIYANI','7014','P','2005-03-17','2020-09-28 10:28:27','2020-09-28 20:23:32'),(1111,1178,5,'SATIVA DENA ALYA LUTHFIYANI','7015','P','2005-01-01','2020-09-28 10:28:27','2020-09-28 20:23:32'),(1112,1179,5,'SELLI NOVITASARI','7016','P','2003-11-22','2020-09-28 10:28:28','2020-09-28 20:23:32'),(1113,1180,5,'VICTOR ANTONIO COLIN','7017','L','2005-12-26','2020-09-28 10:28:28','2020-09-28 20:23:32'),(1114,1181,5,'VIKY NAURA KAMALIA','7018','P','2005-01-10','2020-09-28 10:28:28','2020-09-28 20:23:32'),(1115,1182,5,'VIRA AULIA UTHMA','7019','P','2005-01-25','2020-09-28 10:28:28','2020-09-28 20:23:32'),(1116,1183,6,'AHMAD NAQI ASSEGAF','7020','L','2005-04-21','2020-09-28 10:28:28','2020-09-28 20:24:28'),(1117,1184,6,'AKMAL ADMAJA GANDI','7021','L','2005-10-03','2020-09-28 10:28:28','2020-09-28 20:24:28'),(1118,1185,6,'ALMA PUTRI ANDIRA','7022','P','2004-11-16','2020-09-28 10:28:28','2020-09-28 20:24:28'),(1119,1186,6,'ANGGUN SEKAR MELATI','7023','P','2004-05-07','2020-09-28 10:28:28','2020-09-28 20:24:28'),(1120,1187,6,'CANTIKA RIZKI PERMATASARI','7024','P','2005-05-14','2020-09-28 10:28:29','2020-09-28 20:24:28'),(1121,1188,6,'DEVEN KHOSTYA','7025','L','2004-06-11','2020-09-28 10:28:29','2020-09-28 20:24:28'),(1122,1189,6,'DONI SULISTIYAWAN','7026','L','2004-10-08','2020-09-28 10:28:29','2020-09-28 20:24:28'),(1123,1190,6,'EKA SALMA AULIA','7027','P','2005-05-30','2020-09-28 10:28:29','2020-09-28 20:24:28'),(1124,1191,6,'FIDA NABILA ILAL ULYA','7028','P','2003-06-06','2020-09-28 10:28:29','2020-09-28 20:24:28'),(1125,1192,6,'GIZKA JIHAN NAFISAH','7029','P','2006-01-02','2020-09-28 10:28:29','2020-09-28 20:24:28'),(1126,1193,6,'HAURA\' FARAH SYIFA','7030','P','2005-06-01','2020-09-28 10:28:29','2020-09-28 20:24:28'),(1127,1194,6,'ISA FAHLEFI','7031','L','2005-03-18','2020-09-28 10:28:29','2020-09-28 20:24:28'),(1128,1195,6,'JORDAN WILLIAM PANGEMANAN','7032','L','2005-05-27','2020-09-28 10:28:29','2020-09-28 20:24:28'),(1129,1196,6,'Kesya Febriyanti Valentina','7033','P','2006-02-07','2020-09-28 10:28:30','2020-09-28 20:24:28'),(1130,1197,6,'LIDWINA NOVIANI','7034','P','2005-11-17','2020-09-28 10:28:30','2020-09-28 20:24:28'),(1131,1198,6,'LYDIA ALBERTA','7035','P','2005-09-16','2020-09-28 10:28:30','2020-09-28 20:24:28'),(1132,1199,6,'MAHATMA ADI RAHADIAN','7036','L','2004-10-14','2020-09-28 10:28:30','2020-09-28 20:24:28'),(1133,1200,6,'MEI HANNA WIDIASTUTI','7037','P','2005-05-09','2020-09-28 10:28:30','2020-09-28 20:24:28'),(1134,1201,6,'MUHAMMAD SAIFUL ISLAMI','7038','L','2004-04-17','2020-09-28 10:28:30','2020-09-28 20:24:28'),(1135,1202,6,'MUNGZILIN TIRTA DILAGA','7039','L','2004-01-01','2020-09-28 10:28:30','2020-09-28 20:24:28'),(1136,1203,6,'NABILA SALSABILA','7040','P','2006-04-09','2020-09-28 10:28:30','2020-09-28 20:24:28'),(1137,1204,6,'NAFISA ZUNILOVA','7041','P','2005-06-23','2020-09-28 10:28:31','2020-09-28 20:24:28'),(1138,1205,6,'NAILI SA\'ADAH','7042','P','2005-07-27','2020-09-28 10:28:31','2020-09-28 20:24:28'),(1139,1206,6,'NAJLA\' HUWAIDA','7043','P','2005-07-11','2020-09-28 10:28:31','2020-09-28 20:24:28'),(1140,1207,6,'NISRINA SALWA PUTRI','7044','P','2005-02-20','2020-09-28 10:28:31','2020-09-28 20:24:28'),(1141,1208,6,'PARWATI PARNOTO','7045','P','2005-03-24','2020-09-28 10:28:31','2020-09-28 20:24:28'),(1142,1209,6,'RENATA CANDRA HANINGTYAS','7046','P','2005-02-26','2020-09-28 10:28:31','2020-09-28 20:24:28'),(1143,1210,6,'REVALDO DAVA ARYA SANTOSO','7047','L','2004-12-22','2020-09-28 10:28:31','2020-09-28 20:24:28'),(1144,1211,6,'RUSDI ABULKHEIR ATTAMIMI','7048','L','2004-12-14','2020-09-28 10:28:31','2020-09-28 20:24:28'),(1145,1212,6,'RYAN NOVA SYAHIDA','7049','L','2004-11-27','2020-09-28 10:28:31','2020-09-28 20:24:28'),(1146,1213,6,'SATRIA BAGUS PAMBUDI','7050','L','2005-04-25','2020-09-28 10:28:32','2020-09-28 20:24:28'),(1147,1214,6,'SELVIRA YESENIA','7051','P','2005-02-17','2020-09-28 10:28:32','2020-09-28 20:24:28'),(1148,1215,6,'SUB\'HAN ALDY HAKIM','7052','L','2005-03-25','2020-09-28 10:28:32','2020-09-28 20:24:28'),(1149,1216,6,'THO\'IT HAMZAH','7053','L','2005-03-09','2020-09-28 10:28:32','2020-09-28 20:24:28'),(1150,1217,6,'TYO ALVIANTO UTAMA','7054','L','2003-01-11','2020-09-28 10:28:32','2020-09-28 20:24:28'),(1151,1218,6,'ZALFA\'A CHAERANI','7055','P','2005-08-08','2020-09-28 10:28:32','2020-09-28 20:24:28'),(1152,1219,7,'ALDINO ARDIYANSYAH HIDAYAT','7056','L','2005-02-21','2020-09-28 10:28:32','2020-09-28 20:25:37'),(1153,1220,7,'ALYSHA KAYLA ISNA IRAWAN','7057','P','2005-11-18','2020-09-28 10:28:32','2020-09-28 20:25:37'),(1154,1221,7,'ANANDA TRI AMELIA','7058','P','2005-02-19','2020-09-28 10:28:33','2020-09-28 20:25:37'),(1155,1222,7,'ANGELICA LIDYA SOESANTO','7059','P','2005-06-01','2020-09-28 10:28:33','2020-09-28 20:25:37'),(1156,1223,7,'ANGGUN RIZKI PERMATASARI','7060','P','2005-05-14','2020-09-28 10:28:33','2020-09-28 20:25:37'),(1157,1224,7,'DANDY RAKESRAY S KEMBAREN','7061','L','2004-09-28','2020-09-28 10:28:33','2020-09-28 20:25:37'),(1158,1225,7,'DEWINDA RATU EL FATIKA','7062','P','2005-03-04','2020-09-28 10:28:33','2020-09-28 20:25:37'),(1159,1226,7,'EGY SURYA HERMANSYAH','6809','L','2008-08-06','2020-09-28 10:28:33','2020-09-28 20:25:37'),(1160,1227,7,'ENGGAR AKHMAR NUGROHO','7063','L','2005-03-30','2020-09-28 10:28:33','2020-09-28 20:25:37'),(1161,1228,7,'FATIKHA CAHYA JANNAH','7064','P','2005-02-15','2020-09-28 10:28:33','2020-09-28 20:25:37'),(1162,1229,7,'GHINA NASYWA KAMILA','7065','P','2005-04-03','2020-09-28 10:28:33','2020-09-28 20:25:37'),(1163,1230,7,'HAMALAH AUNIL ILAH','7066','P','2006-01-17','2020-09-28 10:28:34','2020-09-28 20:25:37'),(1164,1231,7,'IMROATUL AULIA','7067','P','2005-01-18','2020-09-28 10:28:34','2020-09-28 20:25:37'),(1165,1232,7,'IQBAL MAULANA','7068','L','2004-06-07','2020-09-28 10:28:34','2020-09-28 20:25:37'),(1166,1233,7,'JALU MALCOLM SATRIA','7069','L','2005-03-15','2020-09-28 10:28:34','2020-09-28 20:25:37'),(1167,1234,7,'JEDIDAH CARLA ETHEL NANLOHY','7070','P','2005-07-14','2020-09-28 10:28:34','2020-09-28 20:25:37'),(1168,1235,7,'M. FADHIL KUMAR','7071','L','2004-07-09','2020-09-28 10:28:34','2020-09-28 20:25:37'),(1169,1236,7,'M. MUFID ALI KURNIAWAN','7072','L','2005-05-16','2020-09-28 10:28:34','2020-09-28 20:25:37'),(1170,1237,7,'MOHAMMAD ADNAN KHOLIZ NUGROHO','7073','L','2005-09-10','2020-09-28 10:28:34','2020-09-28 20:25:37'),(1171,1238,7,'MUHAMMAD FARREL ABIGAIL','7074','L','2004-10-15','2020-09-28 10:28:34','2020-09-28 20:25:37'),(1172,1239,7,'MUHAMMAD RIFKI SETIAWAN','7075','L','2005-06-05','2020-09-28 10:28:35','2020-09-28 20:25:37'),(1173,1240,7,'NAJWA LATHFA ASHILA','7076','P','2005-01-30','2020-09-28 10:28:35','2020-09-28 20:25:37'),(1174,1241,7,'NAWAL MAHDALUL HAMIDAH','7077','P','2005-11-25','2020-09-28 10:28:35','2020-09-28 20:25:37'),(1175,1242,7,'NOVITA ARISTIYA WIJAYA','7078','P','2005-11-25','2020-09-28 10:28:35','2020-09-28 20:25:37'),(1176,1243,7,'OLIVIA AZAHRO','7079','P','2004-12-27','2020-09-28 10:28:35','2020-09-28 20:25:37'),(1177,1244,7,'PANJI PRADANA YUDHA SAPUTRA','7080','L','2005-04-27','2020-09-28 10:28:35','2020-09-28 20:25:37'),(1178,1245,7,'RAMA ALDIANSYAH','7081','L','2005-03-19','2020-09-28 10:28:35','2020-09-28 20:25:37'),(1179,1246,7,'SALSABILA MEITA WULANDARI','7082','P','2005-05-14','2020-09-28 10:28:35','2020-09-28 20:25:37'),(1180,1247,7,'SALWA NASYWA NABILLA','7083','P','2004-05-24','2020-09-28 10:28:36','2020-09-28 20:25:37'),(1181,1248,7,'SEPTIAN GILANG PAMUNGKAS','7084','L','2004-09-02','2020-09-28 10:28:36','2020-09-28 20:25:37'),(1182,1249,7,'SYA\'BANA SALSABILA RAMADHANI','7085','L','2004-09-29','2020-09-28 10:28:36','2020-09-28 20:25:37'),(1183,1250,7,'TALITHA SAFA AZZAHRA SUPRIYONO','7086','P','2005-11-27','2020-09-28 10:28:36','2020-09-28 20:25:37'),(1184,1251,7,'TRI DYAH KURNIASIH','7087','P','2005-07-30','2020-09-28 10:28:36','2020-09-28 20:25:37'),(1185,1252,7,'YEMIMA GABRIELLA','7088','P','2005-03-21','2020-09-28 10:28:36','2020-09-28 20:25:37'),(1186,1253,7,'YUDIT ROVALINO','7089','L','2004-12-30','2020-09-28 10:28:36','2020-09-28 20:25:37'),(1187,1254,7,'YUNITA SETIANA','7090','P','2004-06-25','2020-09-28 10:28:36','2020-09-28 20:25:37'),(1188,1255,8,'ADRIAN PRADANA RULLYANTO','6696','L','2004-05-11','2020-09-28 10:28:36','2020-09-28 20:26:41'),(1189,1256,8,'ALDISAR GIBRAN','6661','L','2004-04-12','2020-09-28 10:28:37','2020-09-28 20:26:41'),(1190,1257,8,'ALENA YASMIN AZZAHRA','6662','P','2004-03-25','2020-09-28 10:28:37','2020-09-28 20:26:41'),(1191,1258,8,'ALIFIA BUDIYANI','6626','P','2004-04-14','2020-09-28 10:28:37','2020-09-28 20:26:41'),(1192,1259,8,'ANDIKA TRI PRASETYA PAMUNGKAS','6737','L','2004-01-05','2020-09-28 10:28:37','2020-09-28 20:26:41'),(1193,1260,8,'AUFA MUHAMMAD ISYFA\'LANA','6664','L','2004-06-25','2020-09-28 10:28:37','2020-09-28 20:26:41'),(1194,1261,8,'AYU MUTIARA AULIA','6702','P','2004-09-17','2020-09-28 10:28:37','2020-09-28 20:26:41'),(1195,1262,8,'BENNY MUHAMMED EDRES','6630','L','2004-04-25','2020-09-28 10:28:37','2020-09-28 20:26:41'),(1196,1263,8,'CAHYA DWIKI HARISTYA','6631','P','2004-07-09','2020-09-28 10:28:37','2020-09-28 20:26:41'),(1197,1264,8,'DAVID VIERI PURWANTO','6665','L','2004-03-04','2020-09-28 10:28:38','2020-09-28 20:26:41'),(1198,1265,8,'DEA SEPTI ANGGREINI','6704','P','2004-09-28','2020-09-28 10:28:38','2020-09-28 20:26:41'),(1199,1266,8,'FAZA MUNIFAH','6707','P','2004-10-06','2020-09-28 10:28:38','2020-09-28 20:26:41'),(1200,1267,8,'FRETI NAFA SAPUTRI','6669','P','2003-11-20','2020-09-28 10:28:38','2020-09-28 20:26:41'),(1201,1268,8,'GAINDRA ARTAWAN KUSDARMONO','6670','L','2005-02-17','2020-09-28 10:28:38','2020-09-28 20:26:41'),(1202,1269,8,'HANNA HAYU NIF\'ANA','6708','P','2004-08-11','2020-09-28 10:28:38','2020-09-28 20:26:41'),(1203,1270,8,'HASNA DEA RISTIVANIA','6672','P','2004-05-19','2020-09-28 10:28:38','2020-09-28 20:26:41'),(1204,1271,8,'HIKMAH ALFITRIANI','6635','P','2004-11-14','2020-09-28 10:28:38','2020-09-28 20:26:41'),(1205,1272,8,'KARINA ISMADILLA','6744','P','2004-06-17','2020-09-28 10:28:38','2020-09-28 20:26:41'),(1206,1273,8,'KARTIKA AMELYA AMIN','6676','P','2004-07-04','2020-09-28 10:28:39','2020-09-28 20:26:41'),(1207,1274,8,'MARSHA FEBRINA NOORSY','6678','P','2004-02-08','2020-09-28 10:28:39','2020-09-28 20:26:41'),(1208,1275,8,'MUHAMAD IVAN ASHIDDIQ','6715','L','2004-03-16','2020-09-28 10:28:39','2020-09-28 20:26:41'),(1209,1276,8,'MUHAMMAD ARIF DANENDRA','6747','L','2004-08-22','2020-09-28 10:28:39','2020-09-28 20:26:41'),(1210,1277,8,'MUTIARA RAMADHANTI','6610','P','2004-10-27','2020-09-28 10:28:39','2020-09-28 20:26:41'),(1211,1278,8,'NABILA PUTRI LARASATI','6611','P','2004-03-22','2020-09-28 10:28:39','2020-09-28 20:26:41'),(1212,1279,8,'NABILATUNNISAA','6643','P','2004-09-16','2020-09-28 10:28:39','2020-09-28 20:26:41'),(1213,1280,8,'NATHANAEL SANTOSO','6749','L','2004-12-10','2020-09-28 10:28:39','2020-09-28 20:26:41'),(1214,1281,8,'NINA RISKI INDRIANI','6613','P','2003-12-31','2020-09-28 10:28:39','2020-09-28 20:26:41'),(1215,1282,8,'NURAYUNING SEPTIANA MEGANANDA','6725','P','2003-09-13','2020-09-28 10:28:40','2020-09-28 20:26:41'),(1216,1283,8,'NYAR OSMI ARIANTI','6684','P','2004-09-05','2020-09-28 10:28:40','2020-09-28 20:26:41'),(1217,1284,8,'PESONA BIAS PELANGI KARINA PUTRI','6645','P','2004-10-30','2020-09-28 10:28:40','2020-09-28 20:26:41'),(1218,1285,8,'RAYHAN NANDA ADIPRAMANA','6727','L','2004-02-12','2020-09-28 10:28:40','2020-09-28 20:26:41'),(1219,1286,8,'SAFIKA MAULIDA AZZAHRA','6619','P','2005-04-19','2020-09-28 10:28:40','2020-09-28 20:26:41'),(1220,1287,8,'SANIA NAJMA ROSYADA','6689','P','2004-07-25','2020-09-28 10:28:40','2020-09-28 20:26:41'),(1221,1288,8,'SYIFA DESNITA','6620','P','2004-12-11','2020-09-28 10:28:40','2020-09-28 20:26:41'),(1222,1289,8,'TOHA ARROZAQ','6621','L','2003-11-14','2020-09-28 10:28:40','2020-09-28 20:26:41'),(1223,1290,8,'VITA RAHMA ANINDYA','6656','P','2004-06-01','2020-09-28 10:28:41','2020-09-28 20:26:41'),(1224,1291,9,'ABRAM DILLON SUGIANTO PUTRA','6731','L','2005-03-09','2020-09-28 10:28:41','2020-09-28 20:30:35'),(1225,1292,9,'ABYAN YURDIN KAMAL','6624','L','2003-07-11','2020-09-28 10:28:41','2020-09-28 20:30:35'),(1226,1293,9,'AGNES ANGGRAENI','6589','P','2004-04-04','2020-09-28 10:28:41','2020-09-28 20:30:35'),(1227,1294,9,'AINUN MUFIDAH','6734','P','2003-12-25','2020-09-28 10:28:41','2020-09-28 20:30:35'),(1228,1295,9,'ANISA SALSABILA','6592','P','2004-07-15','2020-09-28 10:28:41','2020-09-28 20:30:35'),(1229,1296,9,'APRILA ANASTASIA FLOREAN','6629','P','2004-04-12','2020-09-28 10:28:41','2020-09-28 20:30:35'),(1230,1297,9,'CATRINE GRACIELLA PUTRI PARHUSIP','6595','P','2004-12-19','2020-09-28 10:28:41','2020-09-28 20:30:35'),(1231,1298,9,'CETTA UGAMA','6703','L','2004-04-11','2020-09-28 10:28:41','2020-09-28 20:30:35'),(1232,1299,9,'DEVI SYAKIROTUL MAHFUDLOH','6740','P','2004-01-04','2020-09-28 10:28:42','2020-09-28 20:30:35'),(1233,1300,9,'DIAN RISKI SARASATI','6666','P','2004-07-12','2020-09-28 10:28:42','2020-09-28 20:30:35'),(1234,1301,9,'DINA KAMILA','6705','P','2004-04-13','2020-09-28 10:28:42','2020-09-28 20:30:35'),(1235,1302,9,'ELSA ELLISYA RAHMAHADI','6597','P','2004-02-25','2020-09-28 10:28:42','2020-09-28 20:30:35'),(1236,1303,9,'FAUSTINA FRISKA SITANGGANG','6706','P','2003-11-19','2020-09-28 10:31:02','2020-09-28 20:30:35'),(1237,1304,9,'FIJJAY NAUFAL AHMAD','6601','L','2004-08-13','2020-09-28 10:31:02','2020-09-28 20:30:35'),(1238,1305,9,'ICCA FEBITA PRAMESWARI','6742','P','2004-02-08','2020-09-28 10:31:02','2020-09-28 20:30:35'),(1239,1306,9,'IRFAN RAMADHANI','6602','L','2004-10-20','2020-09-28 10:31:03','2020-09-28 20:30:35'),(1240,1307,9,'LUTFIYAH','6677','P','2004-01-20','2020-09-28 10:31:03','2020-09-28 20:30:35'),(1241,1308,9,'M. INDRA ADI KUSUMA','6605','L','2004-09-01','2020-09-28 10:31:03','2020-09-28 20:30:35'),(1242,1309,9,'M. NAUFAL KURNIA RAMADHAN','6606','L','2003-11-07','2020-09-28 10:31:03','2020-09-28 20:30:35'),(1243,1310,9,'MUHAMMAD ADIL SURYA','6680','L','2004-05-13','2020-09-28 10:31:03','2020-09-28 20:30:35'),(1244,1311,9,'MUHAMMAD HUSSEIN','6681','L','2004-09-11','2020-09-28 10:31:03','2020-09-28 20:30:35'),(1245,1312,9,'MUHAMMAD IZZA AZKALHUDA','6717','L','2004-01-01','2020-09-28 10:31:03','2020-09-28 20:30:35'),(1246,1313,9,'MUHAMMAD KHANIF NAUFAL','6748','L','2004-09-13','2020-09-28 10:31:03','2020-09-28 20:30:35'),(1247,1314,9,'MUHAMMAD WIJDAN ANARGYA','6719','L','2003-09-10','2020-09-28 10:31:04','2020-09-28 20:30:35'),(1248,1315,9,'NATHANIA TRIXIE LIYANTO','6750','P','2004-04-06','2020-09-28 10:31:04','2020-09-28 20:30:35'),(1249,1316,9,'NIA NURUL IMANA','6683','P','2004-03-15','2020-09-28 10:31:04','2020-09-28 20:30:35'),(1250,1317,9,'PUTRI NABILLA','6726','P','2004-09-01','2020-09-28 10:31:04','2020-09-28 20:30:35'),(1251,1318,9,'RIFKA ELYSIA RAMADHANI','6728','P','2004-11-12','2020-09-28 10:31:04','2020-09-28 20:30:35'),(1252,1319,9,'RIYAN ADRIAN WIJAYANTO','6758','L','2004-09-27','2020-09-28 10:31:04','2020-09-28 20:30:35'),(1253,1320,9,'SABILA AHMAD','6759','P','2004-01-05','2020-09-28 10:31:04','2020-09-28 20:30:35'),(1254,1321,9,'SALSABILA CAHYA RAMADHANI','6762','P','2004-10-22','2020-09-28 10:31:04','2020-09-28 20:30:35'),(1255,1322,9,'SEKAR ARIANI QISTHIA','6690','P','2004-01-01','2020-09-28 10:31:04','2020-09-28 20:30:35'),(1256,1323,9,'SELA RISQI PUTRI WIBOWO','6652','P','2004-06-18','2020-09-28 10:31:05','2020-09-28 20:30:35'),(1257,1324,9,'SITI ANDRIANIS','6653','P','2004-04-01','2020-09-28 10:31:05','2020-09-28 20:30:35'),(1258,1325,9,'SURYA LESMANA','6654','L','2004-05-20','2020-09-28 10:31:05','2020-09-28 20:30:35'),(1259,1326,9,'YUSMALIA FAJRI TANAYA','6694','P','2004-08-20','2020-09-28 10:31:05','2020-09-28 20:30:35'),(1260,1327,10,'ABSANA MUTIARA NABILA','6659','P','2004-02-29','2020-09-28 10:31:05','2020-09-28 20:31:35'),(1261,1328,10,'ACHMAD IVAN YUGAVA','6695','L','2003-12-16','2020-09-28 10:31:05','2020-09-28 20:31:35'),(1262,1329,10,'ADELIA PUTRI YUNITA','6588','P','2004-06-06','2020-09-28 10:31:05','2020-09-28 20:31:35'),(1263,1330,10,'ADHE IMAN NUGRAHA','6660','L','2003-07-01','2020-09-28 10:31:05','2020-09-28 20:31:35'),(1264,1331,10,'ALIKA RISQI HANDAYANI','6697','P','2004-07-13','2020-09-28 10:31:06','2020-09-28 20:31:35'),(1265,1332,10,'ALLYA SOFIANA ASSYIFA','6663','P','2004-06-14','2020-09-28 10:31:06','2020-09-28 20:31:35'),(1266,1333,10,'AMANDA PUSPITA SARI ARIFIN','6698','P','2004-04-19','2020-09-28 10:31:06','2020-09-28 20:31:35'),(1267,1334,10,'APRILIANA SHELMA KARAMI','6699','P','2004-04-04','2020-09-28 10:31:06','2020-09-28 20:31:35'),(1268,1335,10,'AZANZI BAGUS PRATAMA','6593','L','2004-06-29','2020-09-28 10:31:06','2020-09-28 20:31:35'),(1269,1336,10,'BELA SABRINA','6594','P','2004-06-23','2020-09-28 10:31:06','2020-09-28 20:31:35'),(1270,1337,10,'DIMAS ADI PANGESTU','6667','L','2004-04-20','2020-09-28 10:31:06','2020-09-28 20:31:35'),(1271,1338,10,'EUNIKE SEFIANI IRAWAN','6633','P','2004-09-17','2020-09-28 10:31:06','2020-09-28 20:31:35'),(1272,1339,10,'FELENA DINDA SENTIKA','6600','P','2004-02-16','2020-09-28 10:31:06','2020-09-28 20:31:35'),(1273,1340,10,'KAFIN AKBAR','6743','L','2004-11-25','2020-09-28 10:31:07','2020-09-28 20:31:35'),(1274,1341,10,'LIA AGUSTINA','6711','P','2003-08-16','2020-09-28 10:31:07','2020-09-28 20:31:35'),(1275,1342,10,'LULUK RAHMAWATI','6712','P','2004-04-13','2020-09-28 10:31:07','2020-09-28 20:31:35'),(1276,1343,10,'NADYA MAYLA PUTRI RAHMADANI','6722','P','2004-05-29','2020-09-28 10:31:07','2020-09-28 20:31:35'),(1277,1344,10,'NAJWA AULIA','6723','P','2004-05-22','2020-09-28 10:31:07','2020-09-28 20:31:35'),(1278,1345,10,'NAYRA ARDANIA','6724','P','2004-06-28','2020-09-28 10:31:07','2020-09-28 20:31:35'),(1279,1346,10,'NILAM LINGGA ASTRYANI','6751','P','2003-12-15','2020-09-28 10:31:07','2020-09-28 20:31:35'),(1280,1347,10,'NUR AINI HANIFAH','6752','P','2004-12-24','2020-09-28 10:31:07','2020-09-28 20:31:35'),(1281,1348,10,'PUTRI AGNES CANDRANINGTYAS','6614','P','2004-08-29','2020-09-28 10:31:08','2020-09-28 20:31:35'),(1282,1349,10,'RACHEL SAVITRI','6755','P','2004-02-12','2020-09-28 10:31:08','2020-09-28 20:31:35'),(1283,1350,10,'RAYKHAN ZULFAR MUSYAFA\'','6685','L','2004-01-22','2020-09-28 10:31:08','2020-09-28 20:31:35'),(1284,1351,10,'REGITA AULIA KHANAFI','6615','P','2004-01-12','2020-09-28 10:31:08','2020-09-28 20:31:35'),(1285,1352,10,'RHEZNANDYA PRADIPTA','6616','L','2004-06-04','2020-09-28 10:31:08','2020-09-28 20:31:35'),(1286,1353,10,'ROSI ELSA MARIANA','6650','P','2004-03-22','2020-09-28 10:31:08','2020-09-28 20:31:35'),(1287,1354,10,'SABRINA WANDA OKTAVIANI','6760','P','2004-10-09','2020-09-28 10:31:08','2020-09-28 20:31:35'),(1288,1355,10,'SAHPUTRA DIMAS PRAKOSA','6761','L','2004-03-12','2020-09-28 10:31:08','2020-09-28 20:31:35'),(1289,1356,10,'SANDY RIZKASOFA','6688','L','2004-08-15','2020-09-28 10:31:08','2020-09-28 20:31:35'),(1290,1357,10,'SARAH NABILA LAILA','6763','P','2003-05-11','2020-09-28 10:31:09','2020-09-28 20:31:35'),(1291,1358,10,'SHINTA AULIA MAHARANI','6691','P','2004-06-02','2020-09-28 10:31:09','2020-09-28 20:31:35'),(1292,1359,10,'SYIFA AMALIA PUTRI','6692','P','2004-04-10','2020-09-28 10:31:09','2020-09-28 20:31:35'),(1293,1360,10,'TRIFENA','6693','P','2005-03-30','2020-09-28 10:31:09','2020-09-28 20:31:35'),(1294,1361,10,'WIDYA WAHYUNING WIJAYA','6765','P','2004-03-20','2020-09-28 10:31:09','2020-09-28 20:31:35'),(1295,1362,10,'YEREMIA NELSON KURNIAWAN','6657','L','2004-03-19','2020-09-28 10:31:09','2020-09-28 20:31:35'),(1296,1363,11,'ADITYA YUDHA AL SYAFIQ','6732','L','2004-10-22','2020-09-28 10:31:09','2020-09-28 20:32:57'),(1297,1364,11,'ADRIANO ABELIONATHAN','6733','L','2004-09-08','2020-09-28 10:31:09','2020-09-28 20:32:57'),(1298,1365,11,'AISYA NURUL FALLA','6590','P','2004-01-06','2020-09-28 10:31:10','2020-09-28 20:32:57'),(1299,1366,11,'AKHMAD RIZKI ARDISAPUTRA','6625','L','2004-03-26','2020-09-28 10:31:10','2020-09-28 20:32:57'),(1300,1367,11,'AKMALA DINA RAMADANI','6591','P','2004-08-07','2020-09-28 10:31:10','2020-09-28 20:32:57'),(1301,1368,11,'AMIRUL NUSWANTARA ADLI','6627','L','2004-02-28','2020-09-28 10:31:10','2020-09-28 20:32:57'),(1302,1369,11,'ANDHIKA PERMANA','6736','L','2004-03-24','2020-09-28 10:31:10','2020-09-28 20:32:57'),(1303,1370,11,'AWFIYAH AGHNA WIDYANDHARI','6701','P','2004-08-20','2020-09-28 10:31:10','2020-09-28 20:32:57'),(1304,1371,11,'CHANTIKA ARTAMEVIA','6632','P','2004-01-27','2020-09-28 10:31:10','2020-09-28 20:32:57'),(1305,1372,11,'CHELSY RACHEL DWINDASARI','6596','P','2004-03-11','2020-09-28 10:31:10','2020-09-28 20:32:57'),(1306,1373,11,'DIMAS RAHAYU SAPUTRA','6741','L','2004-04-14','2020-09-28 10:31:11','2020-09-28 20:32:57'),(1307,1374,11,'FANINA HUWAIDA','6599','P','2004-05-01','2020-09-28 10:31:11','2020-09-28 20:32:57'),(1308,1375,11,'GINA MUTIA NURROHMAH','6671','P','2005-06-08','2020-09-28 10:31:11','2020-09-28 20:32:57'),(1309,1376,11,'GITA FATIKASARI','6634','P','2004-08-08','2020-09-28 10:31:11','2020-09-28 20:32:57'),(1310,1377,11,'HENDRA FEBRIA DAMARA','6673','L','2004-02-21','2020-09-28 10:31:11','2020-09-28 20:32:57'),(1311,1378,11,'HILMY DANY RAIHAN','6674','L','2003-12-22','2020-09-28 10:31:11','2020-09-28 20:32:57'),(1312,1379,11,'HIMAWAN JOYO MAHARDIKO','6636','L','2005-06-21','2020-09-28 10:31:11','2020-09-28 20:32:57'),(1313,1380,11,'IMMANUEL NUGROHO','6710','L','2003-12-19','2020-09-28 10:31:11','2020-09-28 20:32:57'),(1314,1381,11,'KURNIAWAN DWI SANTOSO','6637','L','2004-12-22','2020-09-28 10:31:12','2020-09-28 20:32:57'),(1315,1382,11,'LEONARD CHRISTIANDRO NGORANUBUN','6638','L','2004-09-12','2020-09-28 10:31:12','2020-09-28 20:32:57'),(1316,1383,11,'M. ARIEL AL-FARIZ','6603','L','2004-04-09','2020-09-28 10:31:12','2020-09-28 20:32:57'),(1317,1384,11,'MARISKA ANDINI','6639','P','2004-03-31','2020-09-28 10:31:12','2020-09-28 20:32:57'),(1318,1385,11,'MAULINA SALIMA BISMIKA YA ADZIM','6679','P','2003-12-16','2020-09-28 10:31:12','2020-09-28 20:32:57'),(1319,1386,11,'MOHAMMAD DWI IRZA RAMADHAN','6607','L','2003-11-17','2020-09-28 10:31:12','2020-09-28 20:32:57'),(1320,1387,11,'MUHAMMAD RIZQI WIJAYA','6609','L','2004-04-10','2020-09-28 10:31:12','2020-09-28 20:32:57'),(1321,1388,11,'MUHAMMAD SA\'AD NUR FATHUDDIN','6682','L','2004-05-28','2020-09-28 10:31:12','2020-09-28 20:32:57'),(1322,1389,11,'PUTRI AMALIYA','6753','P','2004-01-22','2020-09-28 10:31:12','2020-09-28 20:32:57'),(1323,1390,11,'RATU ARINI ASTARI','6648','P','2004-01-11','2020-09-28 10:31:13','2020-09-28 20:32:57'),(1324,1391,11,'RINA RAMADHANI','6686','P','2004-10-19','2020-09-28 10:31:13','2020-09-28 20:32:57'),(1325,1392,11,'SABRINA ZAHWA KAMELIA AYUSTI','6651','P','2004-12-10','2020-09-28 10:31:13','2020-09-28 20:32:57'),(1326,1393,11,'SIERA RADINKA','6764','P','2004-03-08','2020-09-28 10:31:13','2020-09-28 20:32:57'),(1327,1394,11,'SYAIDAH SUNNIYAH','6655','P','2004-04-12','2020-09-28 10:31:13','2020-09-28 20:32:57'),(1328,1395,11,'TRI BUANA TUNGGA DEWI','6622','P','2004-04-28','2020-09-28 10:31:13','2020-09-28 20:32:57'),(1329,1396,11,'ZAHRRO NURSITA SARI','6623','P','2003-03-28','2020-09-28 10:31:13','2020-09-28 20:32:57'),(1330,1397,12,'AMALIA KUSUMA CANDRA DEWI PUTRIYANSYAH','6735','P','2003-11-18','2020-09-28 10:31:13','2020-09-28 20:34:12'),(1331,1398,12,'ANITA APRILLIA','6628','P','2004-04-19','2020-09-28 10:31:13','2020-09-28 20:34:12'),(1332,1399,12,'ARLYN KUMALA DWI HAPSA SULISTYA','6700','P','2004-07-26','2020-09-28 10:31:14','2020-09-28 20:34:12'),(1333,1400,12,'BALGIS RIZKI AULIA','6738','P','2003-12-15','2020-09-28 10:31:14','2020-09-28 20:34:12'),(1334,1401,12,'BRIGITA ADEILLA ZERRIN NAVIOLA','6739','P','2004-07-24','2020-09-28 10:31:14','2020-09-28 20:34:12'),(1335,1402,12,'EVIE SUSANTI','6598','P','2004-06-17','2020-09-28 10:31:14','2020-09-28 20:34:12'),(1336,1403,12,'FAREZA BALQIS','6668','P','2003-12-10','2020-09-28 10:31:14','2020-09-28 20:34:12'),(1337,1404,12,'HIDIER MANUMAYASA','6709','L','2004-06-06','2020-09-28 10:31:14','2020-09-28 20:34:12'),(1338,1405,12,'IMTIYAZ SALSABILA','6675','P','2004-03-14','2020-09-28 10:31:14','2020-09-28 20:34:12'),(1339,1406,12,'M. ARTHUR WIJAYA','6604','L','2004-04-20','2020-09-28 10:31:14','2020-09-28 20:34:12'),(1340,1407,12,'M. RYAN SETIAWAN','6713','L','2004-03-23','2020-09-28 10:31:15','2020-09-28 20:34:12'),(1341,1408,12,'MELANI LU\'LU\'A','6640','P','2004-12-26','2020-09-28 10:31:15','2020-09-28 20:34:12'),(1342,1409,12,'MESYA PUTRI HAPSARI','6714','P','2004-05-12','2020-09-28 10:31:15','2020-09-28 20:34:12'),(1343,1410,12,'MILADINNUR SALMA','6641','P','2004-03-13','2020-09-28 10:31:15','2020-09-28 20:34:12'),(1344,1411,12,'MOH. HARISUDDIN ZUL HILMI','6745','L','2004-04-22','2020-09-28 10:31:15','2020-09-28 20:34:12'),(1345,1412,12,'MOHAMMAD ADITYA NUGROHO','6746','L','2004-03-02','2020-09-28 10:31:15','2020-09-28 20:34:12'),(1346,1413,12,'MOKHAMAD MAULANA MAGRIBI','6608','L','2004-09-01','2020-09-28 10:31:15','2020-09-28 20:34:12'),(1347,1414,12,'MUCHAMMAD ILHAM NAJIB','6642','L','2005-03-18','2020-09-28 10:31:15','2020-09-28 20:34:12'),(1348,1415,12,'MUHAMMAD EPRILIANO SANTA ARWI','6716','L','2004-04-01','2020-09-28 10:31:16','2020-09-28 20:34:12'),(1349,1416,12,'MUHAMMAD SHOBRI','6718','L','2004-03-19','2020-09-28 10:31:16','2020-09-28 20:34:12'),(1350,1417,12,'MUHAMMAD ZHAFRAN PUTRA PRAKASA','6720','L','2004-11-12','2020-09-28 10:31:16','2020-09-28 20:34:12'),(1351,1418,12,'NADYA CAHYANI PUTRI','6721','P','2004-09-04','2020-09-28 10:31:16','2020-09-28 20:34:12'),(1352,1419,12,'NAELA SAADAH','6644','P','2004-02-20','2020-09-28 10:31:16','2020-09-28 20:34:12'),(1353,1420,12,'NASYWAA ANGGITA RAMADHANI','6612','P','2003-11-03','2020-09-28 10:31:16','2020-09-28 20:34:12'),(1354,1421,12,'QONITAH NAUFAL DAHBUL','6754','P','2004-09-26','2020-09-28 10:31:16','2020-09-28 20:34:12'),(1355,1422,12,'R. ALPHA MATIN ISTIFFAN PUTRA','6646','L','2004-03-04','2020-09-28 10:31:16','2020-09-28 20:34:12'),(1356,1423,12,'RAIHANU SHIFA MUSHAFA','6647','L','2004-03-15','2020-09-28 10:31:17','2020-09-28 20:34:12'),(1357,1424,12,'RAISYA ERACHMIA NASTITI','6757','P','2004-02-23','2020-09-28 10:31:17','2020-09-28 20:34:12'),(1358,1425,12,'REYVAN AVERYL FARADANA','6649','L','2004-04-10','2020-09-28 10:31:17','2020-09-28 20:34:12'),(1359,1426,12,'RIZIQ ASYSYA\'BANI','6687','L','2004-09-26','2020-09-28 10:31:17','2020-09-28 20:34:12'),(1360,1427,12,'ROHIMA CHOIRUL HANA','6617','P','2004-05-07','2020-09-28 10:31:17','2020-09-28 20:34:12'),(1361,1428,12,'RUT SETIA HERAWATI','6618','P','2004-07-18','2020-09-28 10:31:17','2020-09-28 20:34:12'),(1362,1429,12,'ZAIDAN NUR ADITAMA','6766','L','2004-10-04','2020-09-28 10:31:17','2020-09-28 20:34:12'),(1363,1430,12,'ZIDAN NABILA','6658','L','2004-05-18','2020-09-28 10:31:17','2020-09-28 20:34:12'),(1364,1431,12,'ZULFIKAR ALIF MAULANA','6730','L','2003-11-13','2020-09-28 10:31:17','2020-09-28 20:34:12'),(1365,1432,13,'AKMALIATUL KHASANAH','6767','P','2004-07-11','2020-09-28 10:31:18','2020-09-28 20:35:25'),(1366,1433,13,'AMIQOH TSANAULAILA','6768','P','2004-10-21','2020-09-28 10:31:18','2020-09-28 20:35:25'),(1367,1434,13,'AMMAR BAWAZIR','6769','L','2004-09-15','2020-09-28 10:31:18','2020-09-28 20:35:25'),(1368,1435,13,'ANDHINI YUNIARTIKA','6770','P','2004-06-21','2020-09-28 10:31:18','2020-09-28 20:35:25'),(1369,1436,13,'AULIA INSANI','6771','P','2004-09-10','2020-09-28 10:31:18','2020-09-28 20:35:25'),(1370,1437,13,'DINA NUR ADILLA','6773','P','2002-11-02','2020-09-28 10:31:18','2020-09-28 20:35:25'),(1371,1438,13,'DYAN WIDJOYANTI','6774','P','2004-05-27','2020-09-28 10:31:18','2020-09-28 20:35:25'),(1372,1439,13,'ISADA IKA NINGRUM','6775','P','2004-03-18','2020-09-28 10:31:18','2020-09-28 20:35:25'),(1373,1440,13,'IZUN NAJA NAHAR','6776','L','2003-09-12','2020-09-28 10:31:18','2020-09-28 20:35:25'),(1374,1441,13,'MAHARDIAN FAJRI','6778','L','2003-01-28','2020-09-28 10:31:19','2020-09-28 20:35:25'),(1375,1442,13,'MAR\'I HUSEIN','6779','L','2004-06-29','2020-09-28 10:31:19','2020-09-28 20:35:25'),(1376,1443,13,'MAULIDA RAHMA','6780','P','2004-05-20','2020-09-28 10:31:19','2020-09-28 20:35:25'),(1377,1444,13,'MU\'AMMAR RAFI','6781','L','2004-01-12','2020-09-28 10:31:19','2020-09-28 20:35:25'),(1378,1445,13,'MUCHAMMAD NABIL','6782','L','2004-12-05','2020-09-28 10:31:19','2020-09-28 20:35:25'),(1379,1446,13,'MUHAMMAD BAGAS FIRMANSYAH','6783','L','2004-01-02','2020-09-28 10:31:19','2020-09-28 20:35:25'),(1380,1447,13,'MUKHAMMAD RAIHAN','6784','L','2004-09-17','2020-09-28 10:31:19','2020-09-28 20:35:25'),(1381,1448,13,'NABILATUNISA','6785','P','2004-07-17','2020-09-28 10:31:20','2020-09-28 20:35:25'),(1382,1449,13,'NAJIH AHDA SABILA','6786','L','2004-06-10','2020-09-28 10:31:20','2020-09-28 20:35:25'),(1383,1450,13,'NAJMI','6787','L','2003-12-27','2020-09-28 10:31:20','2020-09-28 20:35:25'),(1384,1451,13,'NIA KURNIASIH','6788','P','2003-10-08','2020-09-28 10:31:20','2020-09-28 20:35:25'),(1385,1452,13,'NOFIA YUNIATI','6789','P','2004-06-01','2020-09-28 10:31:20','2020-09-28 20:35:25'),(1386,1453,13,'NOVIA AYUNINGTYAS','6790','P','2003-11-09','2020-09-28 10:31:20','2020-09-28 20:35:25'),(1387,1454,13,'PRAMESWARI AYUNING KANTI','6791','P','2004-06-26','2020-09-28 10:31:20','2020-09-28 20:35:25'),(1388,1455,13,'PUTRI HANA KARLINA','6792','P','2004-01-13','2020-09-28 10:31:20','2020-09-28 20:35:25'),(1389,1456,13,'RAUDHOTUL KHABIBAH','6793','P','2003-12-31','2020-09-28 10:31:21','2020-09-28 20:35:25'),(1390,1457,13,'SALSABILA AMANDA APRILIANI','6794','P','2004-04-13','2020-09-28 10:31:21','2020-09-28 20:35:25'),(1391,1458,13,'SALSABILA MEILA NAZHIFAH','6795','P','2004-05-10','2020-09-28 10:31:21','2020-09-28 20:35:25'),(1392,1459,13,'STANIA KHOIRI NAFSA','6796','P','2003-12-09','2020-09-28 10:31:21','2020-09-28 20:35:25'),(1393,1460,13,'THALLADYIA FAZA','6797','P','2004-09-13','2020-09-28 10:31:21','2020-09-28 20:35:25'),(1394,1461,13,'TIARA SANI','6798','P','2004-05-31','2020-09-28 10:31:21','2020-09-28 20:35:25'),(1395,1462,13,'VINA HANIM NUR AZIZAH','6799','P','2004-11-08','2020-09-28 10:31:21','2020-09-28 20:35:25'),(1396,1463,13,'Yoga Eka Pramudya','6800','L','2004-07-18','2020-09-28 10:31:22','2020-09-28 20:35:25'),(1397,1464,13,'YUYUN FIKRI HELMIATI','6801','P','2004-12-26','2020-09-28 10:31:22','2020-09-28 20:35:25'),(1398,1465,13,'ZASRA KURNIA','6802','P','2006-01-11','2020-09-28 10:31:22','2020-09-28 20:35:25'),(1399,1466,14,'AHMAD SYAFIQ YAHYA','6803','L','2004-01-29','2020-09-28 10:31:22','2020-09-28 20:36:44'),(1400,1467,14,'AINASYIFA PUSPITA AZZAHRA','6804','P','2003-12-15','2020-09-28 10:31:22','2020-09-28 20:36:44'),(1401,1468,14,'AMALIA WIDIANI','6805','P','2004-08-30','2020-09-28 10:31:22','2020-09-28 20:36:44'),(1402,1469,14,'DEO FERDINAND PRATAMA','6806','L','2004-04-11','2020-09-28 10:31:23','2020-09-28 20:36:44'),(1403,1470,14,'DEVI KURNIAWATI','6807','P','2004-12-05','2020-09-28 10:31:23','2020-09-28 20:36:44'),(1404,1471,14,'DIYAN TIFLATUSSOLIHAH','6808','P','2004-07-26','2020-09-28 10:31:23','2020-09-28 20:36:44'),(1405,1472,14,'FELITYA SYAFIRA CATUR NUGROHENI','6810','P','2004-02-22','2020-09-28 10:31:23','2020-09-28 20:36:44'),(1406,1473,14,'IKROMI ALIFTIAN CAHYA','6811','L','2004-11-23','2020-09-28 10:31:23','2020-09-28 20:36:44'),(1407,1474,14,'ISMI AISSYAH','6812','P','2004-07-04','2020-09-28 10:31:23','2020-09-28 20:36:44'),(1408,1475,14,'JADID MAULANA PRIAMBODO','6813','L','2003-03-06','2020-09-28 10:31:23','2020-09-28 20:36:44'),(1409,1476,14,'KAMILA','6814','P','2004-08-30','2020-09-28 10:31:23','2020-09-28 20:36:44'),(1410,1477,14,'KEIVIN EDDY SURYONO','6815','L','2004-05-20','2020-09-28 10:31:24','2020-09-28 20:36:44'),(1411,1478,14,'KHODIJATIL MASTUR AL FATIMIYAH','6816','P','2004-03-19','2020-09-28 10:31:24','2020-09-28 20:36:44'),(1412,1479,14,'LIDIYA AZRA FILZAH','6817','P','2004-07-02','2020-09-28 10:31:24','2020-09-28 20:36:44'),(1413,1480,14,'MAULYDIA DEWI','6818','P','2004-04-22','2020-09-28 10:31:24','2020-09-28 20:36:44'),(1414,1481,14,'MUH DAVID RAMADHAN','6819','L','2003-11-03','2020-09-28 10:31:24','2020-09-28 20:36:44'),(1415,1482,14,'MUH. RIZKI HARIZ PRAYITNO','6820','L','2003-09-18','2020-09-28 10:31:24','2020-09-28 20:36:44'),(1416,1483,14,'MUHAMMAD BINTANG FALIH HUDANI','6821','L','2004-02-24','2020-09-28 10:31:24','2020-09-28 20:36:44'),(1417,1484,14,'MUHAMMAD GHULAM DANISH','6822','L','2003-04-08','2020-09-28 10:31:24','2020-09-28 20:36:44'),(1418,1485,14,'MUHAMMAD KHOIRURRISQON AZIZI','6823','L','2004-10-27','2020-09-28 10:31:25','2020-09-28 20:36:44'),(1419,1486,14,'MUHAMMAD RAFI FALAKH AL-BASYAR','6824','L','2004-05-02','2020-09-28 10:31:25','2020-09-28 20:36:44'),(1420,1487,14,'MUHAMMAD SYAUQI DZULFAHMI','6825','L','2004-02-02','2020-09-28 10:31:25','2020-09-28 20:36:44'),(1421,1488,14,'MUHAMMAD ZAHIRUL HAQQI','6826','L','2004-01-27','2020-09-28 10:31:25','2020-09-28 20:36:44'),(1422,1489,14,'MUQTAB AKMAL MALIK','6827','L','2004-06-11','2020-09-28 10:31:25','2020-09-28 20:36:44'),(1423,1490,14,'NAILA FARADISA','6828','P','2004-05-24','2020-09-28 10:31:25','2020-09-28 20:36:44'),(1424,1491,14,'NAILATUL KARIMA','6829','P','2004-10-06','2020-09-28 10:31:25','2020-09-28 20:36:44'),(1425,1492,14,'NATHALIE DEASSY ARDHIA PUTRI','6830','P','2004-12-28','2020-09-28 10:31:25','2020-09-28 20:36:44'),(1426,1493,14,'NUR HAFIDH RIZQI DESTIAN NUGRAHA','6831','L','2004-11-30','2020-09-28 10:31:25','2020-09-28 20:36:44'),(1427,1494,14,'RIO FIRMANSYAH','6832','L','2003-10-06','2020-09-28 10:31:26','2020-09-28 20:36:44'),(1428,1495,14,'RIZKY AULIA JASMINE','6833','P','2004-06-04','2020-09-28 10:31:26','2020-09-28 20:36:44'),(1429,1496,14,'SITI SETIASIH','6834','P','2003-09-11','2020-09-28 10:31:26','2020-09-28 20:36:44'),(1430,1497,14,'SYAFRINA LATIFAH HANUM','6835','P','2004-04-02','2020-09-28 10:31:26','2020-09-28 20:36:44'),(1431,1498,14,'YANUAR ADI NUGROHO','6836','L','2004-01-14','2020-09-28 10:31:26','2020-09-28 20:36:44'),(1432,1499,14,'YUVA RAJA NAYAKA WICK','6837','L','2004-07-10','2020-09-28 10:31:26','2020-09-28 20:36:44'),(1433,1500,14,'ZAHIRA GIFANI SUPARDI','6838','P','2004-08-05','2020-09-28 10:31:26','2020-09-28 20:36:44'),(1434,1501,15,'ACHMAD ADI NUGROHO','6332','L','2003-05-16','2020-09-28 10:31:26','2020-09-28 20:38:13'),(1435,1502,15,'AGATHA PUTRI PERMATASARI S.','6478','P','2003-08-19','2020-09-28 10:31:27','2020-09-28 20:38:13'),(1436,1503,15,'AKHMAD ABDURROSYID','6481','L','2003-01-20','2020-09-28 10:37:13','2020-09-28 20:38:13'),(1437,1504,15,'ALIYAH SIDQIYAH','6334','P','2003-02-16','2020-09-28 10:37:13','2020-09-28 20:38:13'),(1438,1505,15,'CHALISUN FIRIFQAH','6485','P','2002-04-27','2020-09-28 10:37:13','2020-09-28 20:38:13'),(1439,1506,15,'DAVID ALVIAN','6486','L','2002-12-05','2020-09-28 10:37:13','2020-09-28 20:38:13'),(1440,1507,15,'DINA FUDHLATINA','6374','P','2003-07-12','2020-09-28 10:37:13','2020-09-28 20:38:13'),(1441,1508,15,'EKO CAHYO BIMANTORO','6490','L','2003-06-12','2020-09-28 10:37:14','2020-09-28 20:38:13'),(1442,1509,15,'ERDIN RYAN ANDREANTO','6448','L','2002-10-31','2020-09-28 10:37:14','2020-09-28 20:38:13'),(1443,1510,15,'FUTICHATUR ROKHMATUL UMAMI','6378','P','2003-12-04','2020-09-28 10:37:14','2020-09-28 20:38:13'),(1444,1511,15,'HAFIZ WIRA ADYATMA','6494','L','2003-08-17','2020-09-28 10:37:14','2020-09-28 20:38:13'),(1445,1512,15,'HAIKAL NAFIS ISHFAHANI WIBAWA','6495','L','2003-04-20','2020-09-28 10:37:14','2020-09-28 20:38:13'),(1446,1513,15,'HASNA PUTRI DHENIA','6496','P','2003-07-26','2020-09-28 10:37:14','2020-09-28 20:38:13'),(1447,1514,15,'KHANSA NAFIRA JASMINE','6499','P','2003-06-04','2020-09-28 10:37:14','2020-09-28 20:38:13'),(1448,1515,15,'LAURA GRESIA AGUSTINA NAPITUPULU','6425','P','2003-08-26','2020-09-28 10:37:14','2020-09-28 20:38:13'),(1449,1516,15,'LAURA ROSE SAHARA','6500','P','2003-07-02','2020-09-28 10:37:15','2020-09-28 20:38:13'),(1450,1517,15,'MAHARDINA FITRI AULIA','6382','P','2003-11-27','2020-09-28 10:37:15','2020-09-28 20:38:13'),(1451,1518,15,'MARSYA NADIYYATUL HANI\'AH','6383','P','2003-03-22','2020-09-28 10:37:15','2020-09-28 20:38:13'),(1452,1519,15,'MUHAMMAD FAIQ AKMAL','6457','L','2003-04-08','2020-09-28 10:37:15','2020-09-28 20:38:13'),(1453,1520,15,'MUHAMMAD HISYAM ASADUL HAQ','6504','L','2002-10-31','2020-09-28 10:37:15','2020-09-28 20:38:13'),(1454,1521,15,'MUHAMMAD ILHAM','6430','L','2001-12-18','2020-09-28 10:37:15','2020-09-28 20:38:13'),(1455,1522,15,'MUHAMMAD ZIDAN ARRIF BILLAH','6391','L','2004-01-02','2020-09-28 10:37:15','2020-09-28 20:38:13'),(1456,1523,15,'NABILA AZ ZAHRA','6357','P','2003-04-20','2020-09-28 10:37:15','2020-09-28 20:38:13'),(1457,1524,15,'NAURA FIRDAUS','6505','P','2003-10-01','2020-09-28 10:37:16','2020-09-28 20:38:13'),(1458,1525,15,'NUR INES YULIANTI','6434','P','2003-07-15','2020-09-28 10:37:16','2020-09-28 20:38:13'),(1459,1526,15,'PUTRI EMBUN AULIANI','6394','P','2003-12-20','2020-09-28 10:37:16','2020-09-28 20:38:13'),(1460,1527,15,'PUTRI ZULFA NABIGHAH','6361','P','2002-10-27','2020-09-28 10:37:16','2020-09-28 20:38:13'),(1461,1528,15,'SABINA YULIA PRABOWO','6396','P','2002-12-20','2020-09-28 10:37:16','2020-09-28 20:38:13'),(1462,1529,15,'SALMA DEVY ANDINI','6437','P','2003-12-12','2020-09-28 10:37:16','2020-09-28 20:38:13'),(1463,1530,15,'SHAFA NADIA KUSUMAWARDANI','6467','P','2003-10-13','2020-09-28 10:37:16','2020-09-28 20:38:13'),(1464,1531,15,'SUHAILA HEDRA','6398','P','2002-06-12','2020-09-28 10:37:16','2020-09-28 20:38:13'),(1465,1532,15,'SYAFNI RAHMA MAULIDA','6366','P','2003-06-02','2020-09-28 10:37:16','2020-09-28 20:38:13'),(1466,1533,15,'TALITHA RAHMANIA','6367','P','2003-08-30','2020-09-28 10:37:17','2020-09-28 20:38:13'),(1467,1534,15,'VIONA AMANDA','6471','P','2002-11-18','2020-09-28 10:37:17','2020-09-28 20:38:13'),(1468,1535,15,'YUNI AYUNING TIYAS','6402','P','2003-06-12','2020-09-28 10:37:17','2020-09-28 20:38:13'),(1469,1536,15,'ZAHARA JASMINE','6403','P','2003-08-25','2020-09-28 10:37:17','2020-09-28 20:38:13'),(1470,1537,16,'ADIMAS AULIA MUHAMMAD','6477','L','2003-11-13','2020-09-28 10:37:17','2020-09-28 20:38:57'),(1471,1538,16,'AHDA HASAN SUNGKAR','6408','P','2003-06-10','2020-09-28 10:37:17','2020-09-28 20:38:57'),(1472,1539,16,'AISHA KIFLAINI','6480','P','2003-06-26','2020-09-28 10:37:17','2020-09-28 20:38:57'),(1473,1540,16,'ANGELA GRACIA SANLIM','6410','P','2003-10-11','2020-09-28 10:37:17','2020-09-28 20:38:57'),(1474,1541,16,'ANINDA FAZA','6440','P','2003-09-19','2020-09-28 10:37:18','2020-09-28 20:38:57'),(1475,1542,16,'ARSYANA OKTAVIA PRAMESWARI','6443','P','2003-10-24','2020-09-28 10:37:18','2020-09-28 20:38:57'),(1476,1543,16,'AYU DWI LESTARI PUTRI','6336','P','2003-06-04','2020-09-28 10:37:18','2020-09-28 20:38:57'),(1477,1544,16,'DEVINA GRACIA','6447','P','2003-10-02','2020-09-28 10:37:18','2020-09-28 20:38:57'),(1478,1545,16,'DEWI ARUM QORIK','6371','P','2003-01-10','2020-09-28 10:37:18','2020-09-28 20:38:57'),(1479,1546,16,'DIAN FUADAH','6372','P','2002-07-29','2020-09-28 10:37:18','2020-09-28 20:38:57'),(1480,1547,16,'DIFFA SALISTYA','6487','P','2003-01-10','2020-09-28 10:37:18','2020-09-28 20:38:57'),(1481,1548,16,'DIRA RAMADHANI AZ-ZAHRA','6376','P','2003-11-10','2020-09-28 10:37:18','2020-09-28 20:38:57'),(1482,1549,16,'EKA ANYDIA PUTRI','6339','P','2002-11-18','2020-09-28 10:37:18','2020-09-28 20:38:57'),(1483,1550,16,'FELICIA ESTEVAN LIE','6491','P','2003-12-21','2020-09-28 10:37:19','2020-09-28 20:38:57'),(1484,1551,16,'FRISKA DESI SABITA','6423','P','2003-03-01','2020-09-28 10:37:19','2020-09-28 20:38:57'),(1485,1552,16,'GABRILIA SETYOWATI','6493','P','2003-03-06','2020-09-28 10:37:19','2020-09-28 20:38:57'),(1486,1553,16,'Henida Silva Laelly Rosyada','6451','P','2003-04-17','2020-09-28 10:37:19','2020-09-28 20:38:57'),(1487,1554,16,'INDY KEVIN MIHOPE','6346','L','2003-07-06','2020-09-28 10:37:19','2020-09-28 20:38:57'),(1488,1555,16,'INTAN NADZIFA','6379','P','2002-08-27','2020-09-28 10:37:19','2020-09-28 20:38:57'),(1489,1556,16,'JUSTICIA KHANSA\' LOVINA SABILILLAH','6498','P','2003-01-23','2020-09-28 10:37:19','2020-09-28 20:38:57'),(1490,1557,16,'M. ISAAC KURNIAWAN','6455','L','2003-05-08','2020-09-28 10:37:19','2020-09-28 20:38:57'),(1491,1558,16,'MOCH FARIS OLDIE','6501','L','2003-06-26','2020-09-28 10:37:19','2020-09-28 20:38:57'),(1492,1559,16,'MUHAMMAD BAHRUL ILMI','6355','L','2003-07-26','2020-09-28 10:37:20','2020-09-28 20:38:57'),(1493,1560,16,'MUHAMMAD FAJRI ALVIANDIKA','6458','L','2003-10-03','2020-09-28 10:37:20','2020-09-28 20:38:57'),(1494,1561,16,'MUHAMMAD FERDYNAN ALI SYAHBANA','6388','L','2003-06-13','2020-09-28 10:37:20','2020-09-28 20:38:57'),(1495,1562,16,'MUHAMMAD RIKI','6389','L','2003-06-07','2020-09-28 10:37:20','2020-09-28 20:38:57'),(1496,1563,16,'NAILA FATHINA','6392','P','2003-09-13','2020-09-28 10:37:20','2020-09-28 20:38:57'),(1497,1564,16,'NAUFA AFIFAH','6461','P','2003-04-30','2020-09-28 10:37:20','2020-09-28 20:38:57'),(1498,1565,16,'NICKEN MAHARANI BESTARI','6433','P','2003-03-04','2020-09-28 10:37:20','2020-09-28 20:38:57'),(1499,1566,16,'NOVA ARIANDA AZAHRA','6393','P','2003-04-24','2020-09-28 10:37:20','2020-09-28 20:38:57'),(1500,1567,16,'NUR FITRIANI NIKMATUSSHOLEKHA','6463','P','2002-12-28','2020-09-28 10:37:21','2020-09-28 20:38:57'),(1501,1568,16,'RAHMA FELIA AINI','6507','P','2003-06-03','2020-09-28 10:37:21','2020-09-28 20:38:57'),(1502,1569,16,'SILVIA QUTROTUN NADA','6468','P','2003-11-18','2020-09-28 10:37:21','2020-09-28 20:38:57'),(1503,1570,16,'TESALONIKA OLIVIA CHRISTINA','6439','P','2003-07-01','2020-09-28 10:37:21','2020-09-28 20:38:57'),(1504,1571,16,'TITANIA AURELIA SUSETIYO PUTRI','6401','P','2002-06-04','2020-09-28 10:37:21','2020-09-28 20:38:57'),(1505,1572,16,'VIONA LAURENTIA SETIAWAN','6472','P','2004-01-23','2020-09-28 10:37:21','2020-09-28 20:38:57'),(1506,1573,17,'ADIBA RAIHANA ADINDA','6404','P','2003-12-04','2020-09-28 10:37:21','2020-09-28 20:39:47'),(1507,1574,17,'AKMALA SAVIRA','6368','P','2001-08-07','2020-09-28 10:37:21','2020-09-28 20:39:47'),(1508,1575,17,'ALDINO SENTOT BAGASKARA','6482','L','2003-03-31','2020-09-28 10:37:22','2020-09-28 20:39:47'),(1509,1576,17,'ANINDA RACHMANIA AZ-ZAHRA','6411','P','2004-02-09','2020-09-28 10:37:22','2020-09-28 20:39:47'),(1510,1577,17,'ANJAY AYATULLOH FAROH AL-MONIER','6369','L','2001-10-12','2020-09-28 10:37:22','2020-09-28 20:39:47'),(1511,1578,17,'ARDELIA RIZKY SURYANING PUTRI','6370','P','2003-05-22','2020-09-28 10:37:22','2020-09-28 20:39:47'),(1512,1579,17,'ARINAL MUNAH','6442','P','2002-12-26','2020-09-28 10:37:22','2020-09-28 20:39:47'),(1513,1580,17,'AULIA RAHMA DINIYA PUTRI','6414','P','2003-05-11','2020-09-28 10:37:22','2020-09-28 20:39:47'),(1514,1581,17,'AURA ROSE SAHARA','6444','P','2003-07-02','2020-09-28 10:37:22','2020-09-28 20:39:47'),(1515,1582,17,'DEA AYU SRI WULANSARI','6417','P','2003-02-25','2020-09-28 10:37:22','2020-09-28 20:39:47'),(1516,1583,17,'DIANA ZALFANUR','6373','P','2003-06-02','2020-09-28 10:37:22','2020-09-28 20:39:47'),(1517,1584,17,'DINDA NETHANIA PRASASYA','6375','P','2003-08-07','2020-09-28 10:37:23','2020-09-28 20:39:47'),(1518,1585,17,'DIVA HARDIESTYA FANNY','6488','L','2002-07-05','2020-09-28 10:37:23','2020-09-28 20:39:47'),(1519,1586,17,'ENDANG AXTIA PUTRI PRATAMA','6377','P','2003-07-11','2020-09-28 10:37:23','2020-09-28 20:39:47'),(1520,1587,17,'FARADILLA AULIARAHMA','6449','P','2003-02-03','2020-09-28 10:37:23','2020-09-28 20:39:47'),(1521,1588,17,'FATY PUSPA NEGARA','6422','P','2003-06-09','2020-09-28 10:37:23','2020-09-28 20:39:47'),(1522,1589,17,'FIKA NURUL ALIM','6342','P','2002-11-15','2020-09-28 10:37:23','2020-09-28 20:39:47'),(1523,1590,17,'ISHIKA NUR AISYAH ERDIANI','6380','P','2002-05-12','2020-09-28 10:37:23','2020-09-28 20:39:47'),(1524,1591,17,'KAYLA ARSHINTA','6452','P','2003-11-05','2020-09-28 10:37:23','2020-09-28 20:39:47'),(1525,1592,17,'KURNIA LINGGA ANDINI','6347','P','2003-02-06','2020-09-28 10:37:24','2020-09-28 20:39:47'),(1526,1593,17,'M. IRZA RAMADHANI','6454','L','2002-11-01','2020-09-28 10:37:24','2020-09-28 20:39:47'),(1527,1594,17,'MARITZA SALWA NABILA','6426','P','2003-04-17','2020-09-28 10:37:24','2020-09-28 20:39:47'),(1528,1595,17,'MARSANDA BERLIAN','6351','P','2003-03-02','2020-09-28 10:37:24','2020-09-28 20:39:47'),(1529,1596,17,'MOCHAMMAD REYHAND BACHIS','6384','L','2003-09-09','2020-09-28 10:37:24','2020-09-28 20:39:47'),(1530,1597,17,'MOHAMMAD ADI HARTOYO','6385','L','2003-08-16','2020-09-28 10:37:24','2020-09-28 20:39:47'),(1531,1598,17,'MUHAMMAD\' AMRUDIEN','6387','L','2003-01-28','2020-09-28 10:37:24','2020-09-28 20:39:47'),(1532,1599,17,'MUHAMMAD YAFI DHIYAULHAQ','6390','L','2003-05-23','2020-09-28 10:37:24','2020-09-28 20:39:47'),(1533,1600,17,'NOVREZA MAHADIPUTRA','6462','L','2002-11-04','2020-09-28 10:37:24','2020-09-28 20:39:47'),(1534,1601,17,'SALMA NAILATU SYIFA','6397','P','2004-02-12','2020-09-28 10:37:25','2020-09-28 20:39:47'),(1535,1602,17,'TALITA RAMADHANTYA TANDO','6470','P','2003-10-29','2020-09-28 10:37:25','2020-09-28 20:39:47'),(1536,1603,17,'TAUFIQUL HAKIM TSABIT','6400','L','2003-06-14','2020-09-28 10:37:25','2020-09-28 20:39:47'),(1537,1604,17,'VANIA SETIANI WIBOWO','6509','P','2003-02-20','2020-09-28 10:37:25','2020-09-28 20:39:47'),(1538,1605,17,'VIRADITA','6473','P','2003-01-14','2020-09-28 10:37:25','2020-09-28 20:39:47'),(1539,1606,17,'WANDA AGSELA DURBA','6474','P','2003-08-12','2020-09-28 10:37:25','2020-09-28 20:39:47'),(1540,1607,17,'YUNI DANUWATI','6510','P','2002-06-18','2020-09-28 10:37:25','2020-09-28 20:39:47'),(1541,1608,17,'ZAHRA HUWAIDA','6511','P','2003-02-27','2020-09-28 10:37:25','2020-09-28 20:39:47'),(1542,1609,18,'ADRIA FARHAN ARNALDA','6405','L','2003-06-15','2020-09-28 10:37:26','2020-09-28 20:40:35'),(1543,1610,18,'AGILIA NURUL UTAMI','6479','P','2004-01-22','2020-09-28 10:37:26','2020-09-28 20:40:35'),(1544,1611,18,'AMANDA PUTRI MEIRANI','6409','P','2003-05-02','2020-09-28 10:37:26','2020-09-28 20:40:35'),(1545,1612,18,'ARGA RAFA NAGATA ALFARABI','6412','L','2004-03-01','2020-09-28 10:37:26','2020-09-28 20:40:35'),(1546,1613,18,'BAGUS SETYA PRAMANA','6445','L','2003-03-22','2020-09-28 10:37:26','2020-09-28 20:40:35'),(1547,1614,18,'CANA TABITA DE LAKSA ARTA','6415','P','2003-07-21','2020-09-28 10:37:26','2020-09-28 20:40:35'),(1548,1615,18,'CHUSNUL NANDA APRILLYANI','6416','P','2003-04-23','2020-09-28 10:37:26','2020-09-28 20:40:35'),(1549,1616,18,'DIMAS WISNU HANGGITA','6418','L','2003-09-09','2020-09-28 10:37:26','2020-09-28 20:40:35'),(1550,1617,18,'ELSA SYAHPUTRI','6420','P','2003-10-11','2020-09-28 10:37:26','2020-09-28 20:40:35'),(1551,1618,18,'FARDA AZKIYA BILLAH','6421','P','2003-06-14','2020-09-28 10:37:27','2020-09-28 20:40:35'),(1552,1619,18,'FARHAN','6450','L','2003-05-12','2020-09-28 10:37:27','2020-09-28 20:40:35'),(1553,1620,18,'FERDANI VETO WIJAYA','6341','L','2003-12-08','2020-09-28 10:37:27','2020-09-28 20:40:35'),(1554,1621,18,'FIRDA SALMAH ATIATUL MAULA','6492','P','2003-01-17','2020-09-28 10:37:27','2020-09-28 20:40:35'),(1555,1622,18,'IKRIMAH','6497','P','2003-07-11','2020-09-28 10:37:27','2020-09-28 20:40:35'),(1556,1623,18,'KANANA ANTANA IRAWAN','6381','L','2003-05-17','2020-09-28 10:37:27','2020-09-28 20:40:36'),(1557,1624,18,'LIVIA FARDAH PERMATASARI','6348','P','2003-02-12','2020-09-28 10:37:27','2020-09-28 20:40:36'),(1558,1625,18,'LIYANI AGUSTIN','6349','P','2003-08-15','2020-09-28 10:37:27','2020-09-28 20:40:36'),(1559,1626,18,'M. FAZAL FIRDAUS','6453','L','2003-01-17','2020-09-28 10:37:28','2020-09-28 20:40:36'),(1560,1627,18,'MAISA NABILA AZZAHRA','6350','P','2003-10-16','2020-09-28 10:37:28','2020-09-28 20:40:36'),(1561,1628,18,'MUCHAMAD FIRDAUS','6427','L','2003-06-08','2020-09-28 10:37:28','2020-09-28 20:40:36'),(1562,1629,18,'MUCHAMMAD IQBAL MUSYAFAK','6428','L','2003-04-09','2020-09-28 10:37:28','2020-09-28 20:40:36'),(1563,1630,18,'MUHAMMAD AIFA SAPUTRA','6456','L','2002-12-15','2020-09-28 10:37:28','2020-09-28 20:40:36'),(1564,1631,18,'MUHAMMAD ARIF TIRTANA ARADHEA','6354','L','2003-05-16','2020-09-28 10:37:28','2020-09-28 20:40:36'),(1565,1632,18,'MUHAMMAD NAUFAL ARKAN','6459','L','2003-05-03','2020-09-28 10:37:28','2020-09-28 20:40:36'),(1566,1633,18,'MUHAMMAD NUGRAHANING MEYDI','6460','L','2003-05-03','2020-09-28 10:37:28','2020-09-28 20:40:36'),(1567,1634,18,'MUHAMMAD SYAMSUL ULUM','6431','L','2003-03-10','2020-09-28 10:37:29','2020-09-28 20:40:36'),(1568,1635,18,'NIDA HUWAIDA','6506','P','2003-07-18','2020-09-28 10:37:29','2020-09-28 20:40:36'),(1569,1636,18,'NUR HANAFI','6464','L','2002-09-18','2020-09-28 10:37:29','2020-09-28 20:40:36'),(1570,1637,18,'NUR ROHMANIA','6360','P','2003-04-08','2020-09-28 10:37:29','2020-09-28 20:40:36'),(1571,1638,18,'RAHMAT AFAN ANDANO','6395','L','2004-10-14','2020-09-28 10:37:29','2020-09-28 20:40:36'),(1572,1639,18,'RIZQON MAULANA','6466','L','2002-12-05','2020-09-28 10:37:29','2020-09-28 20:40:36'),(1573,1640,18,'SAFIRA VIVI RAMADANTI','6362','P','2002-11-28','2020-09-28 10:37:29','2020-09-28 20:40:36'),(1574,1641,18,'SAHILA HIKMATUL MAULA','6363','P','2003-05-16','2020-09-28 10:37:29','2020-09-28 20:40:36'),(1575,1642,18,'SITI MULYATI','6469','P','2003-05-31','2020-09-28 10:37:29','2020-09-28 20:40:36'),(1576,1643,18,'SULTHAN AHMAD ROYYAN','6586','L','2004-02-11','2020-09-28 10:37:30','2020-09-28 20:40:36'),(1577,1644,18,'YULYANDA DWI PANGESTIKA','6475','P','2003-07-11','2020-09-28 10:37:30','2020-09-28 20:40:36'),(1578,1645,19,'A. LATHIF MUKTI KUSUMO','6476','L','2003-05-11','2020-09-28 10:37:30','2020-09-28 20:41:21'),(1579,1646,19,'ADRIAN HARTANTO SETIONO','6406','L','2003-04-15','2020-09-28 10:37:30','2020-09-28 20:41:21'),(1580,1647,19,'ADYATMA FAKHRI','6407','L','2003-08-13','2020-09-28 10:37:30','2020-09-28 20:41:21'),(1581,1648,19,'ALFINA MARTHA','6333','P','2003-01-06','2020-09-28 10:37:30','2020-09-28 20:41:21'),(1582,1649,19,'ANIKE AGUSTINA PUTRI ANGKAWIJAYA','6483','P','2003-08-17','2020-09-28 10:37:30','2020-09-28 20:41:21'),(1583,1650,19,'ARCHELINO IVANDRA','6441','L','2003-05-29','2020-09-28 10:37:30','2020-09-28 20:41:21'),(1584,1651,19,'ARIESTO AZEL KRISNANDHA','6413','L','2002-11-20','2020-09-28 10:37:31','2020-09-28 20:41:21'),(1585,1652,19,'ASEP ADHAM FAKHRUDDIN','6335','L','2003-03-26','2020-09-28 10:37:31','2020-09-28 20:41:21'),(1586,1653,19,'AUDRIA WAFFIQ AZIZAH','6484','P','2003-01-01','2020-09-28 10:37:31','2020-09-28 20:41:21'),(1587,1654,19,'BAGUS NUR ALAM','6337','L','2003-08-12','2020-09-28 10:37:31','2020-09-28 20:41:21'),(1588,1655,19,'BELA PUTRI JUNITA','6338','P','2003-06-14','2020-09-28 10:37:31','2020-09-28 20:41:21'),(1589,1656,19,'CINTA AUREL FARADHIKA','6446','P','2003-12-02','2020-09-28 10:37:31','2020-09-28 20:41:21'),(1590,1657,19,'EKA DEWI SURYANI','6489','P','2003-03-31','2020-09-28 10:37:31','2020-09-28 20:41:21'),(1591,1658,19,'EKA MUMTAZA','6419','P','2003-05-16','2020-09-28 10:37:31','2020-09-28 20:41:21'),(1592,1659,19,'FARREL ARDRA MUHAMMAD','6340','L','2002-11-02','2020-09-28 10:37:31','2020-09-28 20:41:21'),(1593,1660,19,'GHANI HUSNI FATA','6343','L','2003-03-13','2020-09-28 10:37:32','2020-09-28 20:41:21'),(1594,1661,19,'HANIF PRASETYO HERLAMBANG','6344','L','2003-08-26','2020-09-28 10:37:32','2020-09-28 20:41:21'),(1595,1662,19,'IISTIANA AISYAH','6345','P','2002-10-06','2020-09-28 10:37:32','2020-09-28 20:41:21'),(1596,1663,19,'INTAN MONICA ATIKASARI','6424','P','2002-11-23','2020-09-28 10:37:32','2020-09-28 20:41:21'),(1597,1664,19,'MOHAMMAD MIRZAM MAULANA','6502','L','2003-05-05','2020-09-28 10:37:32','2020-09-28 20:41:21'),(1598,1665,19,'MUCHAMAD ILHAM FIRMANA','6352','L','2003-01-09','2020-09-28 10:37:32','2020-09-28 20:41:21'),(1599,1666,19,'MUHAMMAD ALHADI MUNTAHAR','6386','L','2002-12-10','2020-09-28 10:37:32','2020-09-28 20:41:21'),(1600,1667,19,'MUHAMMAD DINAS ALMUFARRID','6429','L','2003-06-12','2020-09-28 10:37:32','2020-09-28 20:41:21'),(1601,1668,19,'MUHAMMAD HAEKAL AKBAR','6356','L','2003-04-23','2020-09-28 10:37:33','2020-09-28 20:41:21'),(1602,1669,19,'MUHAMMAD HAIDAR RUSLI','6503','L','2003-05-31','2020-09-28 10:37:33','2020-09-28 20:41:21'),(1603,1670,19,'NAUFAL HARITS','6358','L','2003-03-19','2020-09-28 10:37:33','2020-09-28 20:41:21'),(1604,1671,19,'NAUFAL RAYHAN ALI RAHMAN','6359','L','2003-07-05','2020-09-28 10:37:33','2020-09-28 20:41:21'),(1605,1672,19,'NAZARINA AULIA','6432','P','2003-12-05','2020-09-28 10:37:33','2020-09-28 20:41:21'),(1606,1673,19,'RAYNOR JAN SULISTIAN APTAVEDA','6508','L','2003-01-15','2020-09-28 10:37:33','2020-09-28 20:41:21'),(1607,1674,19,'RIFDA QORRI DZIKRIANA','6435','P','2003-08-30','2020-09-28 10:37:33','2020-09-28 20:41:21'),(1608,1675,19,'RIZKI FITRIANA','6465','P','2003-12-11','2020-09-28 10:37:33','2020-09-28 20:41:21'),(1609,1676,19,'RIZKY MEIRIANTO HALIM','6436','L','2003-05-21','2020-09-28 10:37:33','2020-09-28 20:41:21'),(1610,1677,19,'SALWA GHAISANI SYARIIFAH ARIFINNIA','6364','P','2003-04-07','2020-09-28 10:37:34','2020-09-28 20:41:21'),(1611,1678,19,'SHAYLLA ADINDA YUSTICIA','6365','P','2003-04-27','2020-09-28 10:37:34','2020-09-28 20:41:21'),(1612,1679,19,'STEPHEN ABEDNEGO PHILEMON','6438','L','2004-03-12','2020-09-28 10:37:34','2020-09-28 20:41:21'),(1613,1680,19,'TABRIZ','6399','P','2004-04-16','2020-09-28 10:37:34','2020-09-28 20:41:21'),(1614,1681,20,'ACHMAD ADI DZIKRON','6548','L','2003-03-27','2020-09-28 10:37:34','2020-09-28 20:42:04'),(1615,1682,20,'AFFAN TAQIY EFFENDY','6549','L','2003-03-19','2020-09-28 10:37:34','2020-09-28 20:42:04'),(1616,1683,20,'ALI RIDHO','6550','L','2003-06-27','2020-09-28 10:37:34','2020-09-28 20:42:04'),(1617,1684,20,'AMALIA RACHMAWATI','6551','P','2002-10-30','2020-09-28 10:37:34','2020-09-28 20:42:04'),(1618,1685,20,'ARDHINI WAHYU WULAN','6552','P','2004-03-03','2020-09-28 10:37:35','2020-09-28 20:42:04'),(1619,1686,20,'ASTI ANINDYA','6553','P','2003-07-24','2020-09-28 10:37:35','2020-09-28 20:42:04'),(1620,1687,20,'Citra Wardani Visi Santosa','6554','P','2003-07-20','2020-09-28 10:37:35','2020-09-28 20:42:04'),(1621,1688,20,'EDITYA ANISSA SYAHBANI','6555','P','2003-10-21','2020-09-28 10:37:35','2020-09-28 20:42:04'),(1622,1689,20,'FATHIA ADELLIA','6556','P','2003-02-14','2020-09-28 10:37:35','2020-09-28 20:42:04'),(1623,1690,20,'FRANS MAULANA','6557','L','2003-06-04','2020-09-28 10:37:35','2020-09-28 20:42:04'),(1624,1691,20,'GANANG MEIDI PUTRANDITO','6558','L','2003-05-30','2020-09-28 10:37:35','2020-09-28 20:42:04'),(1625,1692,20,'GHAISANI RATNA AGUSTINE','6559','P','2003-08-09','2020-09-28 10:37:35','2020-09-28 20:42:04'),(1626,1693,20,'GUSTI MOHAMMAD RASYA','6587','L','2003-08-28','2020-09-28 10:37:35','2020-09-28 20:42:04'),(1627,1694,20,'IFFAH SISKAMAYA','6560','P','2002-05-16','2020-09-28 10:37:36','2020-09-28 20:42:04'),(1628,1695,20,'KURNIA ADHITIA RAHMA','6561','P','2002-12-21','2020-09-28 10:37:36','2020-09-28 20:42:04'),(1629,1696,20,'LUKMAN ABDUL AZIZ','6562','L','2003-02-04','2020-09-28 10:37:36','2020-09-28 20:42:04'),(1630,1697,20,'M. Firman Fadly Adriansyah','6563','L','2002-01-31','2020-09-28 10:37:36','2020-09-28 20:42:04'),(1631,1698,20,'M. WISNU DARMAWAN','6564','L','2002-12-29','2020-09-28 10:37:36','2020-09-28 20:42:04'),(1632,1699,20,'MUHAMMAD BIN HUSEIN AL KETIRI','6565','L','2003-07-19','2020-09-28 10:37:36','2020-09-28 20:42:04'),(1633,1700,20,'MUHAMMAD IN\'AAMUN CHASAN','6566','L','2003-04-09','2020-09-28 10:37:36','2020-09-28 20:42:04'),(1634,1701,20,'MUHAMMAD ZAKI REVANO','6567','L','2002-10-23','2020-09-28 10:37:36','2020-09-28 20:42:04'),(1635,1702,20,'MUHAMMAD ZIYAN ADEN','6568','L','2003-09-06','2020-09-28 10:37:37','2020-09-28 20:42:04'),(1636,1703,20,'NADIA NABILA','6569','P','2003-07-10','2020-09-28 10:37:37','2020-09-28 20:42:04'),(1637,1704,20,'NAILAH RIZQIA AZHAR','6570','P','2003-06-08','2020-09-28 10:37:37','2020-09-28 20:42:04'),(1638,1705,20,'NANDA ARTA WIJAYA','6571','L','2002-12-28','2020-09-28 10:37:37','2020-09-28 20:42:04'),(1639,1706,20,'NAUFAL MUFID FEBRIAN','6572','L','2003-02-04','2020-09-28 10:37:37','2020-09-28 20:42:04'),(1640,1707,20,'NISRIN NADIAH PUTRI','6573','P','2003-01-31','2020-09-28 10:37:37','2020-09-28 20:42:04'),(1641,1708,20,'NOVITA AJENG RAHMARULIA','6574','P','2003-11-20','2020-09-28 10:37:37','2020-09-28 20:42:04'),(1642,1709,20,'PUTRI RAMADANI','6575','P','2002-11-14','2020-09-28 10:37:37','2020-09-28 20:42:04'),(1643,1710,20,'Rahma Mahalia Ladaina ','6576','P','2003-03-06','2020-09-28 10:37:37','2020-09-28 20:42:04'),(1644,1711,20,'RENDY DWI PERMANA','6577','L','2002-10-27','2020-09-28 10:37:38','2020-09-28 20:42:04'),(1645,1712,20,'RICHARDO GILBERT RUDY YANTO','6578','L','2003-10-18','2020-09-28 10:37:38','2020-09-28 20:42:04'),(1646,1713,20,'ROY WILDAN NOVANTO','6579','L','2002-11-09','2020-09-28 10:37:38','2020-09-28 20:42:04'),(1647,1714,20,'SHAFA BERLIANA DHAMAYANTIE','6580','P','2003-09-23','2020-09-28 10:37:38','2020-09-28 20:42:04'),(1648,1715,20,'SITI NUR HALIZA','6581','P','2002-11-20','2020-09-28 10:37:38','2020-09-28 20:42:04'),(1649,1716,20,'YULAN ANDINI','6582','P','2003-04-03','2020-09-28 10:37:38','2020-09-28 20:42:04'),(1650,1717,21,'ADIBA AMALIA ELSHIVA','6512','P','2003-01-23','2020-09-28 10:37:38','2020-09-28 20:42:55'),(1651,1718,21,'AHMAD FADLIL ASY-SYAROFI','6513','L','2003-01-06','2020-09-28 10:37:38','2020-09-28 20:42:55'),(1652,1719,21,'AHMAD RAFI ATHOILLAH','6514','L','2003-01-28','2020-09-28 10:37:39','2020-09-28 20:42:55'),(1653,1720,21,'ANDRE AJI SETYANTO','6515','L','2003-06-16','2020-09-28 10:37:39','2020-09-28 20:42:55'),(1654,1721,21,'ARYA SULTAN ZAKY','6516','L','2003-08-27','2020-09-28 10:37:39','2020-09-28 20:42:55'),(1655,1722,21,'ASNINA. AS','6517','P','2003-07-14','2020-09-28 10:37:39','2020-09-28 20:42:55'),(1656,1723,21,'AULIA SALWA','6518','P','2002-08-25','2020-09-28 10:37:39','2020-09-28 20:42:55'),(1657,1724,21,'AYU TRISNA SETYANDINI','6584','P','2003-11-27','2020-09-28 10:37:39','2020-09-28 20:42:55'),(1658,1725,21,'BAGUS MUHAMMAD ARGI PRIHANTORO','6519','L','2003-05-08','2020-09-28 10:37:39','2020-09-28 20:42:55'),(1659,1726,21,'BELLA AULIA FADILLA','6520','P','2003-04-10','2020-09-28 10:37:39','2020-09-28 20:42:55'),(1660,1727,21,'BELVA AURELIA SHANA','6521','P','2003-03-21','2020-09-28 10:37:39','2020-09-28 20:42:55'),(1661,1728,21,'DHEA AULIA','6522','P','2003-01-11','2020-09-28 10:37:40','2020-09-28 20:42:55'),(1662,1729,21,'HANA KIREI SASMITA','6523','P','2003-02-05','2020-09-28 10:37:40','2020-09-28 20:42:55'),(1663,1730,21,'HASAN AL MUJTABA ALATAS','6524','L','2003-03-27','2020-09-28 10:37:40','2020-09-28 20:42:55'),(1664,1731,21,'ILHAM WINANTYA PUTRA','6525','L','2003-09-28','2020-09-28 10:37:40','2020-09-28 20:42:55'),(1665,1732,21,'INDANA LAZULFA','6526','P','2003-10-06','2020-09-28 10:37:40','2020-09-28 20:42:55'),(1666,1733,21,'LAISLA BONITA','6527','P','2004-01-03','2020-09-28 10:37:40','2020-09-28 20:42:55'),(1667,1734,21,'M. Amrullah Setia Bella','6528','L','2003-02-25','2020-09-28 10:37:40','2020-09-28 20:42:55'),(1668,1735,21,'MICHELLE PATRICIA','6529','P','2003-08-22','2020-09-28 10:37:40','2020-09-28 20:42:55'),(1669,1736,21,'MUHAMMAD BINTANG NAVARRO','6530','L','2003-10-15','2020-09-28 10:37:41','2020-09-28 20:42:55'),(1670,1737,21,'MUHAMMAD HANIF AZHAHIR','6531','L','2003-04-02','2020-09-28 10:37:41','2020-09-28 20:42:55'),(1671,1738,21,'MUSLIMATUL AMINAH','6532','P','2003-06-06','2020-09-28 10:37:41','2020-09-28 20:42:55'),(1672,1739,21,'MUTIARA DWI NURANI','6533','P','2003-05-30','2020-09-28 10:37:41','2020-09-28 20:42:55'),(1673,1740,21,'NICOLAS ADRIANUS BUDIYANTO','6534','L','2003-09-10','2020-09-28 10:37:41','2020-09-28 20:42:55'),(1674,1741,21,'NONI AMALIA FITRI','6535','P','2003-05-14','2020-09-28 10:37:41','2020-09-28 20:42:55'),(1675,1742,21,'RANI SORAYA','6536','P','2004-01-12','2020-09-28 10:37:41','2020-09-28 20:42:55'),(1676,1743,21,'RAYA MAGHFIROTUNNISA','6537','P','2003-12-23','2020-09-28 10:37:41','2020-09-28 20:42:55'),(1677,1744,21,'RONAA NABIILAH','6539','P','2003-09-16','2020-09-28 10:37:42','2020-09-28 20:42:55'),(1678,1745,21,'SALMA NURUL BAIDHO','6540','P','2003-03-02','2020-09-28 10:37:42','2020-09-28 20:42:55'),(1679,1746,21,'SHAFIRA MAULIDYA','6541','P','2003-04-16','2020-09-28 10:37:42','2020-09-28 20:42:55'),(1680,1747,21,'TARISA OKTAVIA','6542','P','2003-10-17','2020-09-28 10:37:42','2020-09-28 20:42:55'),(1681,1748,21,'TISNA YULIANA','6543','P','2003-07-03','2020-09-28 10:37:42','2020-09-28 20:42:55'),(1682,1749,21,'UMI SALAMAH','6544','P','2002-04-22','2020-09-28 10:37:42','2020-09-28 20:42:55'),(1683,1750,21,'VALENCIA REGINA RENATA','6545','P','2003-03-02','2020-09-28 10:37:42','2020-09-28 20:42:55'),(1684,1751,21,'WIDYA ANGGRAENI','6546','P','2003-05-27','2020-09-28 10:37:42','2020-09-28 20:42:55'),(1685,1752,21,'YULIHANNA MAULIDYA','6547','P','2002-07-01','2020-09-28 10:37:42','2020-09-28 20:42:55');
/*!40000 ALTER TABLE `siswa` ENABLE KEYS */;
UNLOCK TABLES;
DROP TABLE IF EXISTS `thajaran`;
/*!40101 SET @saved_cs_client     = @@character_set_client */;
/*!40101 SET character_set_client = utf8 */;
CREATE TABLE `thajaran` (
  `id` bigint(20) unsigned NOT NULL AUTO_INCREMENT,
  `kode` varchar(255) COLLATE utf8mb4_unicode_ci NOT NULL,
  `keterangan` varchar(255) COLLATE utf8mb4_unicode_ci NOT NULL,
  `semester` int(11) NOT NULL,
  `created_at` timestamp NULL DEFAULT NULL,
  `updated_at` timestamp NULL DEFAULT NULL,
  `status` tinyint(1) NOT NULL,
  PRIMARY KEY (`id`)
) ENGINE=InnoDB AUTO_INCREMENT=5 DEFAULT CHARSET=utf8mb4 COLLATE=utf8mb4_unicode_ci;
/*!40101 SET character_set_client = @saved_cs_client */;

LOCK TABLES `thajaran` WRITE;
/*!40000 ALTER TABLE `thajaran` DISABLE KEYS */;
INSERT INTO `thajaran` VALUES (3,'20211','Tahun Pelajaran 2020/2021 Semester 1',1,NULL,'2020-09-29 06:52:27',1),(4,'20212','Tahun Pelajaran 2020/2021 Semester 2',2,NULL,'2020-09-29 06:52:27',0);
/*!40000 ALTER TABLE `thajaran` ENABLE KEYS */;
UNLOCK TABLES;
DROP TABLE IF EXISTS `tugas`;
/*!40101 SET @saved_cs_client     = @@character_set_client */;
/*!40101 SET character_set_client = utf8 */;
CREATE TABLE `tugas` (
  `id` bigint(20) unsigned NOT NULL AUTO_INCREMENT,
  `mapel_id` bigint(20) unsigned NOT NULL,
  `kelas_id` bigint(20) unsigned NOT NULL,
  `author_id` bigint(20) unsigned NOT NULL,
  `judul` varchar(255) COLLATE utf8mb4_unicode_ci NOT NULL,
  `deskripsi` longtext COLLATE utf8mb4_unicode_ci NOT NULL,
  `videopath` text COLLATE utf8mb4_unicode_ci,
  `file` text COLLATE utf8mb4_unicode_ci,
  `created_at` timestamp NULL DEFAULT NULL,
  `updated_at` timestamp NULL DEFAULT NULL,
  PRIMARY KEY (`id`)
) ENGINE=InnoDB AUTO_INCREMENT=3 DEFAULT CHARSET=utf8mb4 COLLATE=utf8mb4_unicode_ci;
/*!40101 SET character_set_client = @saved_cs_client */;

LOCK TABLES `tugas` WRITE;
/*!40000 ALTER TABLE `tugas` DISABLE KEYS */;
INSERT INTO `tugas` VALUES (2,46,2,67,'Pengukuran, Angka Penting, dan Vektor','<p>Kerjakan uji kompetensi halaman 31 &ndash; 35 Pilihan Ganda dan Essay, kerjakan di buku catatan. Jawaban dikirim di menu tugas.</p>\n\n<p>setiap lembar foto diberi nama, kelas, dan nomor absen. ya iyalah</p>\n',NULL,NULL,'2020-10-04 03:12:51','2020-10-04 15:27:21');
/*!40000 ALTER TABLE `tugas` ENABLE KEYS */;
UNLOCK TABLES;
DROP TABLE IF EXISTS `users`;
/*!40101 SET @saved_cs_client     = @@character_set_client */;
/*!40101 SET character_set_client = utf8 */;
CREATE TABLE `users` (
  `id` bigint(20) unsigned NOT NULL AUTO_INCREMENT,
  `name` varchar(255) COLLATE utf8mb4_unicode_ci NOT NULL,
  `email` varchar(255) COLLATE utf8mb4_unicode_ci NOT NULL,
  `email_verified_at` timestamp NULL DEFAULT NULL,
  `password` varchar(255) COLLATE utf8mb4_unicode_ci NOT NULL,
  `remember_token` varchar(100) COLLATE utf8mb4_unicode_ci DEFAULT NULL,
  `created_at` timestamp NULL DEFAULT NULL,
  `updated_at` timestamp NULL DEFAULT NULL,
  PRIMARY KEY (`id`),
  UNIQUE KEY `users_email_unique` (`email`)
) ENGINE=InnoDB AUTO_INCREMENT=1753 DEFAULT CHARSET=utf8mb4 COLLATE=utf8mb4_unicode_ci;
/*!40101 SET character_set_client = @saved_cs_client */;

LOCK TABLES `users` WRITE;
/*!40000 ALTER TABLE `users` DISABLE KEYS */;
INSERT INTO `users` VALUES (1,'Impostor','admin@app.com',NULL,'$2y$10$vswcF45/wfb.rLqqeOLhiu1.1gU2cyoX0X1zX80L6F4nohr.dEkpi',NULL,'2020-09-25 02:02:55','2020-09-28 18:59:53'),(2,'Taus','taus@app.com',NULL,'$2y$10$ENj2qX1QNiNlmSuTZfCDneNBforaMjkfRvFkf8s6Zw3pLStX4XO0O',NULL,'2020-09-25 02:02:56','2020-09-25 02:02:56'),(3,'Guru','guru@app.com',NULL,'$2y$10$/F69dvzFL0R9VWdhrZE7leVYCeC5D8A8ONL1aSdmoWMQJIOCHSjp2',NULL,'2020-09-25 02:02:56','2020-09-27 06:29:40'),(4,'Siswa','siswa@app.com',NULL,'$2y$10$qn9mfOspadIbBbZpf0GnIeVe8N2cSx.UjA50EikV0.NYo.I4bkqcO',NULL,'2020-09-25 02:02:56','2020-09-25 02:02:56'),(5,'Ortu','ortu@app.com',NULL,'$2y$10$qAofNNdvuuwDz5qjT31pKuF/N5V0wDuCSm6gTt4ODtzrpTAGmxZPy',NULL,'2020-09-25 02:02:56','2020-09-25 02:02:56'),(20,'M. Nuh Mirsada, S.Kom','3375012911930002',NULL,'$2y$10$E5OHdtvKdEN7genn05ZM3.fb9RKS8gMWyXrNZC6hX5XKnj0IL.TCe',NULL,'2020-09-27 07:10:54','2020-09-27 07:10:54'),(21,'Drs. Adi Prabowo','196103161988031008',NULL,'$2y$10$0CFcqHEBYHYLfypddrISbeUEC9KgO3RLJwOrdJlp/mOe6tndHe3Pu',NULL,'2020-09-28 07:29:31','2020-10-05 02:21:11'),(22,'Agus Arintono, S.Pd','196605121989011005',NULL,'$2y$10$JBRj/4UYlhWB0LqX4aVvKu9mseN9VJwmviYiep4CEMr.EhZefitbm',NULL,'2020-09-28 07:29:31','2020-10-05 04:52:02'),(23,'Agus Ciptono, M.Pd','196601092002121001',NULL,'$2y$10$UVq8wIC9ffhi8fCdoIhKbuzu4Pb3EyVKZXj09hUYWl6kaOmI1vaQ.',NULL,'2020-09-28 07:29:31','2020-10-05 04:52:10'),(24,'Agus Mintoro, S.Pd','196507191989011002',NULL,'$2y$10$UnRmZiw.Rg.6naJXj5i//eRHzjjzVe0SWjzieDtRliHLXyB0c0m/K',NULL,'2020-09-28 07:29:31','2020-10-05 04:52:18'),(25,'Akhmad Faisal','3326161403890041',NULL,'$2y$10$gWdJc4zgkS9WBYE607dDA.9OrvCPlaGfmKDE4MweeHYrbpwWe/aUS',NULL,'2020-09-28 07:29:31','2020-09-28 07:29:31'),(26,'Alimah','196903032002122004',NULL,'$2y$10$x.D9Xw0t3uhKef49dJtb9.9BPmCS.NDpcYyZm1/lye12zG30nhEJi',NULL,'2020-09-28 07:29:32','2020-09-28 07:29:32'),(27,'Anis Ekawati','199208222019022011',NULL,'$2y$10$Oa5uTkHXpq4QGld2CZ83..tmXOaSSRE.Pz/TY.GlJB/jfwbuAfzby',NULL,'2020-09-28 07:29:32','2020-09-28 07:29:32'),(28,'Anita Notonegoro','196809092002122003',NULL,'$2y$10$hgHFV3ztJ4q8tALKROJat.4bBIgp9JE9X.za07taLsP8n8.mskOEa',NULL,'2020-09-28 07:29:32','2020-09-28 07:29:32'),(29,'Ashfarah Karina Dewi, S. Pd','199112012019022007',NULL,'$2y$10$isSU5sM.KvRfB5E/Fd5EueqMiPnVEeqe9fXLM2JGNokv9v1kmSzme',NULL,'2020-09-28 07:29:32','2020-09-28 07:29:32'),(30,'Bianca Noorma Meydita','3375017105830004',NULL,'$2y$10$zoMCRUQyqkqGE01O1XPk1uh9hojd4JzoubJMAZKSzRtwd9nhDQioi',NULL,'2020-09-28 07:29:32','2020-09-28 07:29:32'),(31,'Budi Setiyatmi, S.Pd','196805041997022002',NULL,'$2y$10$Sf899/8LdM7IrURH.US/.uSrmWnL1mHovw381HF96cXwaz2kkyWaS',NULL,'2020-09-28 07:29:32','2020-10-05 06:51:30'),(32,'C Wiwik Haryanti','196712142006042004',NULL,'$2y$10$qz7TiMFhBog1GVqhG4gO3OFEhz3rx4OY1Mp/HOxeTXuMl1eCHL7oW',NULL,'2020-09-28 07:29:32','2020-09-28 07:29:32'),(33,'Cipto Suwarno','198303012006041008',NULL,'$2y$10$vA2NKmEvowasIyDJBFNpd.CTwdQ2CMUAXuB0rhgPv5SaHS27MT.fC',NULL,'2020-09-28 07:29:32','2020-09-28 07:29:32'),(34,'Dadang Irwanto','3326080711900003',NULL,'$2y$10$A1A8dscHoDbSyEI/yyQj7eCN8biWsMCcriXH3Y3nY.Otv7GJy.70W',NULL,'2020-09-28 07:29:33','2020-09-28 07:29:33'),(35,'Dian Rochmaningsih','198012022010012006',NULL,'$2y$10$rFB/T5MPydW60QFBayJXd.oKHAd4Vw3mKcRZkm4Eg93EwnRu0lfNC',NULL,'2020-09-28 07:29:33','2020-09-28 07:29:33'),(36,'Dina Oktaviana','197810102003122007',NULL,'$2y$10$SaIATEVGkzjGF/GS9AaEfOZBKf/dWE1WJsi9iO7rT8.l3JDzsveza',NULL,'2020-09-28 07:29:33','2020-09-28 07:29:33'),(37,'Dyah Catur Rachmintarti','196209212000122001',NULL,'$2y$10$B1i9.iEjOgaXlu6jCK9Fpe1wL4NvVTk5ErOLJlMeNqs747o0iU/AC',NULL,'2020-09-28 07:29:33','2020-09-28 07:29:33'),(38,'Edi Setiarso','196806202002121001',NULL,'$2y$10$/B0vTkRvgLJK9DmlUaQHBe0wJUaNXNYxmmuOwXfOQ2o4GXSQdVxFW',NULL,'2020-09-28 07:29:33','2020-09-28 07:29:33'),(39,'Edie Sochib El Samah','197001242014061001',NULL,'$2y$10$rkmi6VSNtJjto7.Vaf4LU.qwniCeqbjC2USlp67YCiXgWl7Bt1fbC',NULL,'2020-09-28 07:29:33','2020-09-28 07:29:33'),(40,'Fauriana','198011242009032002',NULL,'$2y$10$lmBiOvKpWusWpM6Xbd3C0Oq8.NoGHaJOL7rrLjFu9JDRXkFt.Oy8K',NULL,'2020-09-28 07:29:33','2020-09-28 07:29:33'),(41,'Heri Sutrisno','197906042006041009',NULL,'$2y$10$9pM1/cfs.TeZjd67of4BGOOCN0XGRZsk75my5Rs5x.d1xjaYszXTa',NULL,'2020-09-28 07:29:33','2020-09-28 07:29:33'),(42,'Ike Dekawati Susiloningrum','3325124401830003',NULL,'$2y$10$/xRRGXGtpjllAajxDCyccefRduXCpQczzBw68RmcGLTyjMA6KdiXO',NULL,'2020-09-28 07:29:33','2020-09-28 07:29:33'),(43,'Jazuli, M.Pd','196403261989011001',NULL,'$2y$10$I39CWRXjbducxy8klVR2keqYoF3np.UFrJ1khTOOtXznTofoKru9O',NULL,'2020-09-28 07:29:34','2020-10-05 04:40:13'),(44,'Kasmali','196501202003121002',NULL,'$2y$10$0wBWLw8YLZ3eLRzHefnPDurA1XKcgWaE6bY0tHsgK.Lsv5YlSDtfu',NULL,'2020-09-28 07:29:34','2020-09-28 07:29:34'),(45,'Kholidin','197611272005011006',NULL,'$2y$10$V2jWBy6Jr65TRc..QlTkcOYYkoKR4eA0PsD8WTXA6zcPGix2IWv0y',NULL,'2020-09-28 07:29:34','2020-09-28 07:29:34'),(46,'Malikus Solekha, M.Pd.I','196309121984052002',NULL,'$2y$10$.Jfghrodjj3qClqai73JXOGmNDRUjWB5aYpDtSIyQq3caP9ZWzrey',NULL,'2020-09-28 07:29:34','2020-10-05 06:41:49'),(47,'Mardiyanto','196601042002121001',NULL,'$2y$10$U1uhkLLvyR9qDoN/c5kKgO.NZuvb08wsQwRd9WW9vOucegpJyNd0C',NULL,'2020-09-28 07:29:34','2020-09-28 07:29:34'),(48,'Drs. Mulyono','196111231987031006',NULL,'$2y$10$koDzgZuFBIs.2K2t4i4umegq8xPNNgqkiWO1UX7tRWxFgnP35aUlC',NULL,'2020-09-28 07:29:34','2020-10-05 02:30:54'),(49,'Peter Sugiyanto','3375123456789012',NULL,'$2y$10$fjuIlyKlweeeTj5EvLw7O.UwC9Ki0dV1bOFLJsWeAdiRXDoSeDsOq',NULL,'2020-09-28 07:29:34','2020-09-28 07:29:34'),(50,'Prabandari Diah Ayu P','3375024805880002',NULL,'$2y$10$2xjv4GoXvGSnsCrDtT5D5.rB4Zjz3elyo0ytTAL0R/0cR9gGYf056',NULL,'2020-09-28 07:29:34','2020-09-28 07:29:34'),(51,'Purtriyekti','197002022006042005',NULL,'$2y$10$HF9LO68xwmLUR.DJcpjI5OQk/kfAO9tGfPlsZEP2L7/5hMZMLZDE2',NULL,'2020-09-28 07:29:34','2020-09-28 07:29:34'),(52,'Rachmatiyah, S.Pd','196911041997022002',NULL,'$2y$10$n1lg5yiFqdIyIm0p52Vrn.Dc1t4Cn8N4KKWxsd3GLFcIrhJFssDN.',NULL,'2020-09-28 07:29:35','2020-10-05 13:54:25'),(53,'Ratna Puspitasari','3375016302940007',NULL,'$2y$10$9WKx21hmFibLy9Vfq9XoQewPELYIdyKrfMmnTRjDAbfgHaqAZTvWW',NULL,'2020-09-28 07:29:35','2020-09-28 07:29:35'),(54,'Saiful Fallah','197601162002121002',NULL,'$2y$10$x70YfOe4N1tbdtkSFpXYvu.jDDBzWDR.PUb.D4Mb61vDXdlnyqnOi',NULL,'2020-09-28 07:29:35','2020-09-28 07:29:35'),(55,'Shyam Bintoro Aji','3327131505880003',NULL,'$2y$10$WAghRTN1RDKMdUcx1OPzd.qRFofC.YMatRUzYWVajq2igQneA2JFO',NULL,'2020-09-28 07:29:35','2020-09-28 07:29:35'),(56,'Sintawati','196402261987032001',NULL,'$2y$10$pwMryuJNgwM70ZwZycFFYOBz3qr/kyVYLqQ2wCRFF9fZcorQ3BFxO',NULL,'2020-09-28 07:29:35','2020-09-28 07:29:35'),(57,'Siti Aisah Henny','196705042008012013',NULL,'$2y$10$2y7YuGKidKhzKF2LXX.USeTA89cMKfGJrpgEQN3yfgLT56FDg.bJO',NULL,'2020-09-28 07:29:35','2020-09-28 07:29:35'),(58,'Siti Rikhanah','196305082002122001',NULL,'$2y$10$OTWcXrxFFGOqKbt27xZf1unypIPRK9boMin8jK1A7CkiivSITM.vO',NULL,'2020-09-28 07:29:35','2020-09-28 07:29:35'),(59,'Sri Hartini','197503142006042009',NULL,'$2y$10$owDjUrZo8nIZZ8UdaA5wKe60U4FwRTcbWB8mwSZr0ioA8nsODL6uy',NULL,'2020-09-28 07:29:35','2020-09-28 07:29:35'),(60,'Sri Kurniah','3375026203730004',NULL,'$2y$10$F62KP41iZyIXTPYlt7l4buIWdDKh5Wv272Hjusv7LuwQjtYJ6./5e',NULL,'2020-09-28 07:29:36','2020-09-28 07:29:36'),(61,'Steffi Dian Kemalasari','198905032011012004',NULL,'$2y$10$mpUhUzCwFwhLgiuZnagBt./qkswyfnmnCgVKOR/LphFm.SrWOermq',NULL,'2020-09-28 07:29:36','2020-09-28 07:29:36'),(62,'Suciati','197504012006042022',NULL,'$2y$10$aFpooEnzKaXxrPEqCBX5xeRnHxP92ispn92VRv6dggeDujtirdrcC',NULL,'2020-09-28 07:29:36','2020-09-28 07:29:36'),(63,'Sumartono, M.Pd','196603051988031011',NULL,'$2y$10$JqgMmROrHiea7B2O7IIGQ.XYz2NOvyaEeGEhAypl2KS1D1BwAiFVO',NULL,'2020-09-28 07:29:36','2020-10-05 04:52:39'),(64,'Drs. Suyoto','196205261988031003',NULL,'$2y$10$Ae/XXOv03ALjgqgxeiDMNeSEDtR5kkfWycyEMN2R7kqdooltaP2Gm',NULL,'2020-09-28 07:29:36','2020-10-05 02:51:15'),(65,'Tatik Orbaningsih','196810281994122004',NULL,'$2y$10$NVvKsl6Vw6vHdL5DPKecgu/6LNwTf4rCKsBswwitwsI2bs0iZ30hS',NULL,'2020-09-28 07:29:36','2020-09-28 07:29:36'),(66,'Tri Yuli Raharjo, S.Pd','196508081989031016',NULL,'$2y$10$sq89pRgzj4NWb5JNyNINa.Bacua0ydvpVL2ST76xP0yaXzrhsMQLK',NULL,'2020-09-28 07:29:36','2020-10-05 06:38:54'),(67,'Yustina Kunari','197609102006042022',NULL,'$2y$10$p/fTieVVRz0AXyxMHBvsXO/AGiN3TU8pPTuvxEksgQ9y6ZxdZuo9m',NULL,'2020-09-28 07:29:36','2020-09-28 07:29:36'),(1003,'ADIRA SAFITRI','6840',NULL,'$2y$10$QP0zjr7MwFsL1zCpzS662ugpl87oV2JKQsMrOaxhbusWtkRXhOOim',NULL,'2020-09-28 10:12:38','2020-09-28 10:12:38'),(1004,'ANDIRA SEPTIA WULANDARI','6841',NULL,'$2y$10$2OSjd/egtAja/NZnjiF/UOeHtKJh/WVchDFIrjFIztkkrB4F.Te6y',NULL,'2020-09-28 10:12:38','2020-09-28 10:12:38'),(1005,'ANGELIA STEVANI','6842',NULL,'$2y$10$.cegDKZcmVsnQLX7LDyM/eLWSGHeobvA55zcmRRJIztY6A5iB1bp6',NULL,'2020-09-28 10:12:38','2020-09-28 10:12:38'),(1006,'ANISA BILA SEPTIANA','6843',NULL,'$2y$10$BzYCB1U8YIKsDhz/H2PafuY0pKizZnhHan1taQNJp5jN.56kNCHjC',NULL,'2020-09-28 10:12:38','2020-09-28 10:12:38'),(1007,'APRILIA KARTIKA MUHTAR','6844',NULL,'$2y$10$UXX0CnnXPzGMKyJY1.2F.O48BxFXQBAFgGVG/zBOKlipKp5QUrAte',NULL,'2020-09-28 10:12:38','2020-09-28 10:12:38'),(1008,'ARIQ ARSALAN','6845',NULL,'$2y$10$Bl/MA66D7ClWm2KmXz1Qe.3qDsjVchfIiz7pijgAObn1sGUetPe7e',NULL,'2020-09-28 10:12:39','2020-09-28 10:12:39'),(1009,'ARSELIA BELLA ANANTA','6846',NULL,'$2y$10$Lsn/dI7bOCUbNG8R/3Rm8.W64eOeweF3Zt8CPJPVi.IP4x1vr0W8e',NULL,'2020-09-28 10:12:39','2020-09-28 10:12:39'),(1010,'ASHILAH AYU RIZQI','6847',NULL,'$2y$10$F6grwHhd9r9MR7fa7YSq7uVAIjgYb/phoLUc4spEBI3c/wctAYp3a',NULL,'2020-09-28 10:12:39','2020-09-28 10:12:39'),(1011,'ASWIDAH FARADISA','6848',NULL,'$2y$10$HyRQmEACXQd0CQnsmybuCux.nzSKTGf1yIqbsEe4FrxfJXqFfqH4G',NULL,'2020-09-28 10:12:39','2020-09-28 10:12:39'),(1012,'AURA LARAS HATI','6849',NULL,'$2y$10$EiwBjrGa7/cAHiOkfzuIk.8klaRj.aqAdnA..3bHLU3OVtXAOOK1q',NULL,'2020-09-28 10:12:39','2020-09-28 10:12:39'),(1013,'AZIZAH ARGUBI','6850',NULL,'$2y$10$RwBekjM5zrAMRd2KSY05m.9pW8C0g2iboN9iemREMeVzNHsHgqNFG',NULL,'2020-09-28 10:12:39','2020-09-28 10:12:39'),(1014,'BARLIANA ASH HABIYA CHOLIK','6851',NULL,'$2y$10$tanl7pTB7/y9o2pTDUbdLeGP6yL.64hmqi/6XPOVE/xmz8qOdosWK',NULL,'2020-09-28 10:12:39','2020-09-28 10:12:39'),(1015,'CORNELLIA RAGIL SUSENA','6852',NULL,'$2y$10$3C0FH397r7XPQSeqUrv1aOe1qiJSIc2umHzHs7LqIh3Ggo.p8HlTK',NULL,'2020-09-28 10:12:39','2020-09-28 10:12:39'),(1016,'DARREN KURNIAWAN YOUNG','6853',NULL,'$2y$10$P2xVomc33.fM11Kn9HUE7uR4UonA3hoEX4APGjrE8b7qB0nn4IwZ6',NULL,'2020-09-28 10:12:40','2020-09-28 10:12:40'),(1017,'DIANA KHAIRUNA','6854',NULL,'$2y$10$urAOA1jg4BkjRsAAD5iyNevGH3xfUZZMgeN1f7OH8GDVhCOGujPSC',NULL,'2020-09-28 10:12:40','2020-09-28 10:12:40'),(1018,'EFIA NURUL FADILA','6855',NULL,'$2y$10$cfrHxDuOS2eFLFHmz6sQ9eUQRYaiX4GePCNUD4HaLR3PljuMyQwVK',NULL,'2020-09-28 10:12:40','2020-09-28 10:12:40'),(1019,'ELZA FATIKA','6856',NULL,'$2y$10$qA3lBFcjxlTQFrYbhoMi1emvov0C5iCQxVfOpF3aEjMY.pAWgvPLS',NULL,'2020-09-28 10:12:40','2020-09-28 10:12:40'),(1020,'KHARIQOTUL AQLIYAH','6857',NULL,'$2y$10$9cjzZRgzKQ6r5gI8CPg37.suhsX54mAmhvZspxQvxKPli.3Tg5PVi',NULL,'2020-09-28 10:12:40','2020-09-28 10:12:40'),(1021,'LUTFI ANANDA NUGRAHA','6858',NULL,'$2y$10$N6OOLGPgRV.iJ.MlgwqJlOVxxmK2cWC.n9UvXnZqjrbREw43k8rby',NULL,'2020-09-28 10:12:40','2020-09-28 10:12:40'),(1022,'MUHAMAD HATA','6859',NULL,'$2y$10$Uuv0a2tvxq1Hue3FmAO.eu.VNdX09.qQKofOEqPDXpYlb9p9uc8Qy',NULL,'2020-09-28 10:12:40','2020-09-28 10:12:40'),(1023,'MUHAMMAD NAFIL','6860',NULL,'$2y$10$2BwlEAEZWz3tYyk/otwSreMg6LMbmnJPEFwsVMVgu//lkCATA08Cy',NULL,'2020-09-28 10:12:40','2020-09-28 10:12:40'),(1024,'MUHAMMAD RIDWAN FATHURRAHMAN','6861',NULL,'$2y$10$MgJ2j1E2Uj4JtiP0RS7Eq.EvpEJ4tCqd.QCKYydUvh7H23eLOAB4q',NULL,'2020-09-28 10:12:40','2020-09-28 10:12:40'),(1025,'MUHAMMAD SYAKIF ARSILAN','6862',NULL,'$2y$10$dZyOMRuHkM/W7pkZ./9dYuR/sIvfJCJjZw33h2n5hXgqY/L.OMcpC',NULL,'2020-09-28 10:12:41','2020-09-28 10:12:41'),(1026,'MUHAMMAD UMAR AZIF','6863',NULL,'$2y$10$scQIxY5XFhVHsxvmOTzvbO/Tm9mTTWALrsGhxwzkEwrjAgbLgakdK',NULL,'2020-09-28 10:12:41','2020-09-28 10:12:41'),(1027,'MUTIARA NASYA ARIFIANTI','6864',NULL,'$2y$10$ZT3w/444NNnT5S3QQG5X6eTogp9QH0shWaxL/fHzHpSC4n9RuGpLG',NULL,'2020-09-28 10:12:41','2020-09-28 10:12:41'),(1028,'NADIA OKTAFIANI','6865',NULL,'$2y$10$m23I7/Y45MiUq4kuwaxMb.WuBwSs8WlCG1b4ZofYcDERTldwX8oL.',NULL,'2020-09-28 10:12:41','2020-09-28 10:12:41'),(1029,'NAJMI ALI','6866',NULL,'$2y$10$LPK8OKhibvzOE2SDoW5eIu/b55JaGtInx23fqQCwQJk43GGbrU4k.',NULL,'2020-09-28 10:12:41','2020-09-28 10:29:28'),(1030,'NANDA DWI ALFANDI','6867',NULL,'$2y$10$VfSgjS2dnlSMhYJaYJ55AeALRFntQwuqjch1joVHwXkvS81VoO/GO',NULL,'2020-09-28 10:12:41','2020-09-28 10:12:41'),(1031,'NAVILA SYIVA DWI MAULIDIANA','6868',NULL,'$2y$10$nkctHlIhkJnSn8uQ3R.9sOKb8X0R3nOLWkRSMgDTEbtzLW7Y0.up6',NULL,'2020-09-28 10:12:41','2020-09-28 10:12:41'),(1032,'NAZIKHA LAURA DWISANTY','6869',NULL,'$2y$10$jWj258yp0MelCVWipBvdle2/tTMLxm7nCd4zH9yEBHA.dlN80rigy',NULL,'2020-09-28 10:12:41','2020-09-28 10:12:41'),(1033,'NIRINA DELLA AYU QONITA','6870',NULL,'$2y$10$inNDVBht6wV5VaoTgQvTOeXkp8ZJ.Jbffw0xXnApYAmjDHGu01TGG',NULL,'2020-09-28 10:12:41','2020-09-28 10:12:41'),(1034,'NUR FADILAH','6871',NULL,'$2y$10$j4Y2jlN9oO6bjt1ty1c/ZeTOKJ81aYqErjFJD2e29aibJ..4QanZG',NULL,'2020-09-28 10:12:42','2020-09-28 10:12:42'),(1035,'R. ZIMAM WAFI LELAKI','6872',NULL,'$2y$10$2E0NkxUglbJH4S/hmkFHz.TLOEO4KJHQD0qIF2WJO7ev653Ipar0S',NULL,'2020-09-28 10:12:42','2020-09-28 10:12:42'),(1036,'RADITYA BERNANDA','6873',NULL,'$2y$10$Dhoev5Rdn0AoK/GenjLP1OthAlmsoWolJrTQhZlJTkAowhZIv8NcC',NULL,'2020-09-28 10:12:42','2020-09-28 10:12:42'),(1037,'VATRI','6874',NULL,'$2y$10$oDaf/eoozId4jIdkQ1.79ujnvCin3XGvFlrGsaft0kmpTrFmfooZ.',NULL,'2020-09-28 10:12:42','2020-09-28 10:12:42'),(1038,'YUDHA PANJI NUGROHO','6875',NULL,'$2y$10$pn4MMmwrHQLClKJbtPp8ge/tLQjiR4.zjwBpm3xStGyW5BJGFYSIu',NULL,'2020-09-28 10:12:42','2020-09-28 10:12:42'),(1039,'ADE AYU MUSLIMAH','6876',NULL,'$2y$10$7Q2ag2svfbnevI09HJSrTezm8X4IlzYxAAU77rWvFJU2kJAdCgGCm',NULL,'2020-09-28 10:12:42','2020-09-28 10:12:42'),(1040,'ADRIAN NATHANAEL KURNIAWAN','6877',NULL,'$2y$10$sJRU7wIirIogyqmVEOyui.IzFy1rBvs.93/J.9xAUEeqZvDI3cWCG',NULL,'2020-09-28 10:12:42','2020-09-28 10:12:42'),(1041,'AHMAD MUTSAQQIF','6878',NULL,'$2y$10$r74eOBW5YDQ60ChKsjrZC.KeM2.byAeI73H9r.SoFHObo2AILtFOK',NULL,'2020-09-28 10:12:42','2020-09-28 10:12:42'),(1042,'ANDREW HARLI YUWONO','6879',NULL,'$2y$10$ef/LLZwajk9uF1E9wL6REuchwvZh7VudkiZh8fXsZ/cpbHmd6edEe',NULL,'2020-09-28 10:12:42','2020-09-28 10:12:42'),(1043,'ANGGRAENI PUSPITA DEWI','6880',NULL,'$2y$10$kYh9Qp3JYB3L2lYQYYj3CeS52zgfGPQqjp81wB1uT0r5BX3mmNSFu',NULL,'2020-09-28 10:12:43','2020-09-28 10:12:43'),(1044,'AURA A\'IMMATUL UMMAH','6881',NULL,'$2y$10$UohH3tew21MbNGwmBu7vwuk.CzfAOOC0dz93Wl9v2kzbuJ/jNhlwu',NULL,'2020-09-28 10:12:43','2020-09-28 10:12:43'),(1045,'AYU ANDI NUR ISTIQOMAH','6882',NULL,'$2y$10$YSelnCZ8XcL2AP3nSLp3/Od6b4AroSd9lbdDxYk04W9rt/LfoQqHi',NULL,'2020-09-28 10:12:43','2020-09-28 10:12:43'),(1046,'AZZAHRO NABILA','6883',NULL,'$2y$10$RFvZKdv8/H3rY9d82oH8p.4jNbuWhSE4zteaV.ARBRSVCQejloEmi',NULL,'2020-09-28 10:12:43','2020-09-28 10:12:43'),(1047,'BERNADETA KENYO SERENA','6884',NULL,'$2y$10$Igj5QKzlIKi.i7dBiwIi1untvyReqU02Vqf2PiYBkEX69o8WABJD.',NULL,'2020-09-28 10:12:43','2020-09-28 10:12:43'),(1048,'CALISTA OTNIEL FRANSISKA','6885',NULL,'$2y$10$5UC1PbcuNacvyeDKQGMi6eqwL394Aq/jnaeEtF7AyBTpEVyyH/hUS',NULL,'2020-09-28 10:12:43','2020-09-28 10:12:43'),(1049,'CALLISTA NATALIA RAHARJO PRAWIRO','6886',NULL,'$2y$10$gRE6r0ZU/BM3R4WxyRNBjOtlXU/8YWttfucDXjzBHdui.ETV0diUe',NULL,'2020-09-28 10:12:43','2020-09-28 10:12:43'),(1050,'DERIL AUFA FERDI ANANDIKA','6887',NULL,'$2y$10$NDp2cIF3qrB04sQZ26MNxuQNu1ECCQ0fTt/PdyTDKbR8UcHE7MmfS',NULL,'2020-09-28 10:12:43','2020-09-28 10:12:43'),(1051,'DIANI SYAHRANI','6888',NULL,'$2y$10$akLrhRIQ0rKbTlJDf9UzHeUE2Q4RgMhzXQkEJOBlbZAZs1M1fbAT.',NULL,'2020-09-28 10:12:44','2020-09-28 10:12:44'),(1052,'FORTUNATUS DAVID LIYANTO','6889',NULL,'$2y$10$3hHWC/GBeWZ9LkAMPc4YPuHorI09v1JReML/BzDAW.9/GvyhLdR5O',NULL,'2020-09-28 10:12:44','2020-09-28 10:12:44'),(1053,'HANIF ABDUSY SYAKUR','6890',NULL,'$2y$10$0pzcOtsmwIBBSgBmuPBHJ.DrmqK1y2A3Q.e/CvbGLx2gFraM3TaMW',NULL,'2020-09-28 10:12:44','2020-09-28 10:12:44'),(1054,'INDAH KURNIATI','6891',NULL,'$2y$10$Yqhv4gMEW9mCZP9D6hl6xetRN3t1yWkjB087zQKzNc1mSifkW.GWS',NULL,'2020-09-28 10:12:44','2020-09-28 10:12:44'),(1055,'LIVIA AYU FEBRINA','6892',NULL,'$2y$10$2emBd7DXxgrpaNCNYob1tejjV2RjGynUkVtosXVWcMGrN2gJHzSmy',NULL,'2020-09-28 10:12:44','2020-09-28 10:12:44'),(1056,'LUDYA YUMNA','6893',NULL,'$2y$10$C0q7xOsnkEE.nxa9A47Zv.Kjd2fCHOgNp5D49WJ3tF/aHsyOln1fK',NULL,'2020-09-28 10:12:44','2020-09-28 10:12:44'),(1057,'M. RIZKI OCTAVIAN RAMADHAN','6894',NULL,'$2y$10$Y/KdoV80hVb2EDh58ndbAeGgxy6uTuSzn9.9Q/p.tFJyVXXZuoGxK',NULL,'2020-09-28 10:12:44','2020-09-28 10:12:44'),(1058,'MISBAH UDIN','6895',NULL,'$2y$10$P2KcCG530.dXezp9smsiCOkFuR73j3siehOTdpYvN26WXfEFb.Fcy',NULL,'2020-09-28 10:12:44','2020-09-28 10:12:44'),(1059,'MUHAMMAD RAISA SATRIA ABHIRAMA','6896',NULL,'$2y$10$mUVARhxo9lgiUMvDFS5R.eWCJOP1UMqjj1kEmPeC0xPdrXWPzZFy2',NULL,'2020-09-28 10:12:45','2020-09-28 10:12:45'),(1060,'MUHAMMAD RASHKY DZAYANRANA','6897',NULL,'$2y$10$oHj6iCXhXX6F9RhEJ63Mc.qMkMzom/GfXMhM.w5l1gB1flgB4y2wa',NULL,'2020-09-28 10:12:45','2020-09-28 10:12:45'),(1061,'MUHAMMAD SHODIQUL \'AMALI','6898',NULL,'$2y$10$j0juC65yUgRD7RFGmD2TMeWhDwfh9zHCnxskkZHXi4EdPsG6GhD7.',NULL,'2020-09-28 10:12:45','2020-09-28 10:12:45'),(1062,'NADZIFATUZZAHRO','6899',NULL,'$2y$10$9p.bs.XjxlOKfAWJ/C95gujP3QQrgFLVkw5R3imwmVcLZ5rEA1zb.',NULL,'2020-09-28 10:12:45','2020-09-28 10:12:45'),(1063,'NAILUL KHASANAH ROFIQI','6900',NULL,'$2y$10$ti.CTmHOAaew7Z.9/tBtl.KlK6Wfq2nDpz6rrzcMKElVSqGatN2ZG',NULL,'2020-09-28 10:12:45','2020-09-28 10:12:45'),(1064,'NAJMA HANIN FADIASARI','6901',NULL,'$2y$10$XS7AIrtxkHLUwWc3rUqgx.HG2.VHD5O0BKpCBqERUvCMG3ff25mAu',NULL,'2020-09-28 10:12:45','2020-09-28 10:12:45'),(1065,'NAWAL MUMTAZA JINAN ASYAHRA','6902',NULL,'$2y$10$U9WVOz/I6Hhu2dcl693g8.AB0vPxejRpIDY8YpJDGL.b0/Ech5XmK',NULL,'2020-09-28 10:12:45','2020-09-28 10:12:45'),(1066,'NAZALA DHAVI ARIFIANA SAKHI','6903',NULL,'$2y$10$.4K/CkRD3ryHDzr9QEREruSYjrI307w28ilPd.cS.TQjtJukzqCYK',NULL,'2020-09-28 10:12:45','2020-09-28 10:12:45'),(1067,'OKKY ALLEYDA YAHYA','6904',NULL,'$2y$10$hMxRY8x7ig9.Pf0sl2IK..ropllj/ZQbv5QRF3C/KLCqL2cazDN3.',NULL,'2020-09-28 10:12:45','2020-09-28 10:12:45'),(1068,'RAKARA SURYA AJI PRATAMA','6905',NULL,'$2y$10$Nj535GOsKcz7J2ugQLVEw.cbeQ.b4hZoYpAAgMnjrBQQrcdflRLt6',NULL,'2020-09-28 10:12:46','2020-09-28 10:12:46'),(1069,'RIFAN HUTABARAT','6906',NULL,'$2y$10$BVdfzD5/aFCndlknBsKc9eugDSkzZOsEHouoKrs7jSpGXpoUXwblW',NULL,'2020-09-28 10:12:46','2020-09-28 10:12:46'),(1070,'RIO RIZQI QITFIRUL AZIZ PRIBOWO','6907',NULL,'$2y$10$Cz./yuoppgU2QU3/c4yxc.03EHYmvnnSPm1SfWdFy/zQ3ZlQNqwhG',NULL,'2020-09-28 10:12:46','2020-09-28 10:12:46'),(1071,'SOTYA MAULIDA LESTARI','6908',NULL,'$2y$10$P4B4u3UPRbWWBI9RBJAp..WjX2raX22I.EEz7UBxRSScjQycPz.dO',NULL,'2020-09-28 10:12:46','2020-09-28 10:12:46'),(1072,'TRI KURNIA SANDY NUGROHO','6909',NULL,'$2y$10$UG/KkW8D1F/2KmMENv9Bq.2B3b.ov8InTyCtJHKyzz75iaFTmkM8O',NULL,'2020-09-28 10:12:46','2020-09-28 10:12:46'),(1073,'YUSMAR AMALIA SOLEKHA','6910',NULL,'$2y$10$R6owm0HZEWKta3RRIA/6fOJdIIE3x7qQ.2diOq4ds0FVple5lIkZq',NULL,'2020-09-28 10:12:46','2020-09-28 10:12:46'),(1074,'ZHAHEILA NAFISA','6911',NULL,'$2y$10$Z9h03hixFRvXHFNCd2jJh.iSjVpDkUHyxSxjeIMC8f5c1MofLk.rO',NULL,'2020-09-28 10:12:46','2020-09-28 10:12:46'),(1075,'ABELIA INTANI','6912',NULL,'$2y$10$3WOW7xNVo28XuByFOT5DW.91sCB.VWaLcEY33CpqJJUOdWEqvPwKq',NULL,'2020-09-28 10:12:46','2020-09-28 10:12:46'),(1076,'ACHMAD YASSIN','6913',NULL,'$2y$10$SVMMkFngBcLm1TaN4Fa76e3iE.yzeRAOprLF8rvn3mNYTfcHmkhv2',NULL,'2020-09-28 10:12:47','2020-09-28 10:12:47'),(1077,'AFKAAR PRIO PRAYOGA','6914',NULL,'$2y$10$K5n1GqXMxxZFIFLdtuPYf.4uFIE0mpvmeFxoRUg2DvOp6KJRAMpEe',NULL,'2020-09-28 10:12:47','2020-09-28 10:12:47'),(1078,'AFNA ADDINA','6915',NULL,'$2y$10$aE2T7lLOwftUT0HkEn.UMO09Pj/u5rJfeA5tlkYQOeXggYW1XJ0.u',NULL,'2020-09-28 10:12:47','2020-09-28 10:12:47'),(1079,'AINA MAHARANI','6916',NULL,'$2y$10$Qv/pDWc3Y7OIJDjVGdb40eSajCUB.FqLZrKra1MLlLTuL3I7/ODAm',NULL,'2020-09-28 10:12:47','2020-09-28 10:12:47'),(1080,'ANGGER GILANG PURWOKO','6917',NULL,'$2y$10$UcOfUuDU3eOvFLZ0tmprCOFcJtHEUKk1bchA/LTmzVhAAQJ9KdfFK',NULL,'2020-09-28 10:12:47','2020-09-28 10:12:47'),(1081,'ARMETHA ARDYA GARINI','6918',NULL,'$2y$10$ydow7I6yiXqbqk0MD7gQQevyIBKH5CyARwADUviBZyGoGTT8pZKY.',NULL,'2020-09-28 10:12:47','2020-09-28 10:12:47'),(1082,'AUDREY ADELIA SUNTIARKO','6919',NULL,'$2y$10$LS67DAm6Oum87kZYC6vhvOgIsVmwx980N87IkEYGVVWJhB8VyHx6C',NULL,'2020-09-28 10:12:47','2020-09-28 10:12:47'),(1083,'BILKIS IZZA UKHFIYA','6920',NULL,'$2y$10$PQNRJSbyGMtvWOACbIiO6uYiS6/vvFLPYTW4fVKtRCgQbAl.PZkFS',NULL,'2020-09-28 10:12:47','2020-09-28 10:12:47'),(1084,'CHELSEA ARANTZA PHOEBE','6921',NULL,'$2y$10$0ZZI.Nk018Ix27iHwttKnubMJAbdZ7XwAu8ops7t5VqbGrLahPCMW',NULL,'2020-09-28 10:12:48','2020-09-28 10:12:48'),(1085,'EGIESKA BRIPTANIA MUSTOFA','6922',NULL,'$2y$10$rwZYQzvdWDZ6oryKZZxepuypEKtiRR8nZyhuoo4SN0rjgVI6.2o6q',NULL,'2020-09-28 10:12:48','2020-09-28 10:12:48'),(1086,'FARAH SALSABILA','6923',NULL,'$2y$10$8YwfR.4/oekRE0q1N6/m.ekqmxQT95HgpzxklgKr6UZRiIJkXYwzW',NULL,'2020-09-28 10:12:48','2020-09-28 10:12:48'),(1087,'GERRA ELDIANA AULIA MAHSA','6924',NULL,'$2y$10$OtuYDoZ1z.I3AVD0uG/zpOagMYO/Ks3h0KN8fgc5T3ed/w79DelSW',NULL,'2020-09-28 10:12:48','2020-09-28 10:12:48'),(1088,'ILHAM IZZUDDIN ADAM','6925',NULL,'$2y$10$rmGue/sZU2n98RZqoB4nrOxsu7YW2OQAa2d3kRCUyavX4tU223lzq',NULL,'2020-09-28 10:12:48','2020-09-28 10:12:48'),(1089,'LEONARDUS YOSSA PRATHAMA','6926',NULL,'$2y$10$sp2U7cZ9OuotsUraK3uXi.VlkIeqkx8T5yLA49IukQkeKLLjC7S4G',NULL,'2020-09-28 10:12:48','2020-09-28 10:12:48'),(1090,'M. ARVYANDA DAVA SANGGA PRATAMA','6927',NULL,'$2y$10$iFhmkKHTWbiJSHJxY5QwNOwHJBdj5KqaKAVYHH/n6dlIYlpzLN1ka',NULL,'2020-09-28 10:12:48','2020-09-28 10:12:48'),(1091,'MIRANDA MILATINA','6928',NULL,'$2y$10$lFQOgeEL0LR0TOBdoCCtROa7qp6243s9Fgda4ZxgCENSYSkAFvrMa',NULL,'2020-09-28 10:12:48','2020-09-28 10:12:48'),(1092,'MOHAMAD ALIEF ARKANNABIL','6929',NULL,'$2y$10$vGA6NrOyoW0JhDdifv7p6ehjTFhnpeEgxJ9qAwcr0G3oKnnLeSYSy',NULL,'2020-09-28 10:12:48','2020-09-28 10:12:48'),(1093,'MOHAMAD FAREL KHANSA ADIZA','6930',NULL,'$2y$10$VVneaIa2twqXNmQItyMqk.MtIsKWBP8T1rsNCjKQ2qLRw9K7WhixS',NULL,'2020-09-28 10:12:49','2020-09-28 10:12:49'),(1094,'MOHAMMAD GALANG DWI CAHYO','6931',NULL,'$2y$10$4gOUAfStheXuoVXv1/nK/.X0RaT/NpulwMIn0mM3FB.OXsXQ9sqU6',NULL,'2020-09-28 10:12:49','2020-09-28 10:12:49'),(1095,'MOHAMMAD RIZKY IKHSANDY DARMAWAN','6932',NULL,'$2y$10$7PBZVCVG4cDWlLWo6AqKcOs2yXcnwdon.h8wBUI3Y.Ze70jork7yS',NULL,'2020-09-28 10:12:49','2020-09-28 10:12:49'),(1096,'MUCHAMAD SOLEH','6933',NULL,'$2y$10$tcPubMBcnjtXRdnIRO9gh.YYpDBxJBZbW.mkbc2EN.ONfrFBcbDCq',NULL,'2020-09-28 10:12:49','2020-09-28 10:12:49'),(1097,'MUHAMMAD FAQIH AKBAR','6934',NULL,'$2y$10$pBSnRGeESbGjsZw/4Je55ui8IWwetM6p4yq3/JUUpxWdORvTE0mKS',NULL,'2020-09-28 10:12:49','2020-09-28 10:12:49'),(1098,'MUHAMMAD FARHAN HILMAN','6935',NULL,'$2y$10$Ii3ZTO9aALJQvaqT.7zfNOF75VX2tIoK5D0aJbCnn8cZJ8YnCw.uu',NULL,'2020-09-28 10:12:49','2020-09-28 10:12:49'),(1099,'MUHAMMAD HAFIDH','6936',NULL,'$2y$10$ctwZT02TWX83uipjtuVe8u9/CxtO47gFEtwIN9SClC1wgQWH15kXy',NULL,'2020-09-28 10:12:49','2020-09-28 10:12:49'),(1100,'NADHIFATUZ MUTIARAISLAM','6937',NULL,'$2y$10$G.koPvNziMUIbkV1GxoBw.RxZCDtcHseGxaVGTPJP/rChIUH9VC2K',NULL,'2020-09-28 10:12:49','2020-09-28 10:12:49'),(1101,'NAJWA TRISARI','6938',NULL,'$2y$10$R0fXcFCb7Ltebwl4ljdPqucAPql/m/eVSXOOPqeAg5TyP6zKySetu',NULL,'2020-09-28 10:12:50','2020-09-28 10:12:50'),(1102,'NASYWA ISCA NABILA','6939',NULL,'$2y$10$/hcJj5NXCimJNx1PRIj88.64jh05rcMlv.ZI7PoLiJ0thMXwrFybi',NULL,'2020-09-28 10:12:50','2020-09-28 10:12:50'),(1103,'NUR AZIZAH','6940',NULL,'$2y$10$Chm23e9v3b.pzt7duIZeAevmobKOF7cxZ7rzz25c4dcsnwPbzgoJ6',NULL,'2020-09-28 10:28:18','2020-09-28 10:28:18'),(1104,'PRAMATA YUNDIKA','6941',NULL,'$2y$10$Kbx51G5J/ZLGB0XtGo8Tl.nLUUgns0REJ/sfml5qzsBHQyORWPILe',NULL,'2020-09-28 10:28:18','2020-09-28 10:28:18'),(1105,'PUTRI FARA FAIRUSKA','6942',NULL,'$2y$10$OK8RihUvITo0Myhg55Xv1eOXSLSNA8mAoe4HVmVJf//5NPuTvj08W',NULL,'2020-09-28 10:28:18','2020-09-28 10:28:18'),(1106,'PUTRI SUKARDI','6943',NULL,'$2y$10$64IhruvaX8o8dDtXDvyG/e3PTnA.RxvvqF2Y0fpyItL8Ug0TgdeT.',NULL,'2020-09-28 10:28:18','2020-09-28 10:28:18'),(1107,'SALMA DIENA SYAKIRA','6944',NULL,'$2y$10$6d5TDaYjj5gjMh7gOUAAGuzYjexyq9XvQNhARzN1wU/fRJXitxmNu',NULL,'2020-09-28 10:28:18','2020-09-28 10:28:18'),(1108,'TAZKIA ANNA IMANIA','6945',NULL,'$2y$10$wG7bMDP25NYUGr1B6O1siOsMUWsF62bKh3b59v08LWYWM3gPmpOAW',NULL,'2020-09-28 10:28:19','2020-09-28 10:28:19'),(1109,'VINSENSIUS ADIV NUGROHO','6946',NULL,'$2y$10$Q1Wb1AJZ1BnMyq4eMzy2oOCoz5uD0Xk58ido/kRPIXybIQzTaEKnO',NULL,'2020-09-28 10:28:19','2020-09-28 10:28:19'),(1110,'ZIDA RIZQIANA','6947',NULL,'$2y$10$TRbOotn8TJ4dBUbW6aX6C.XF9MWqpBxwrctd0psFv28y0FygT2UtW',NULL,'2020-09-28 10:28:19','2020-09-28 10:28:19'),(1111,'ABIMANYU BINTANG RAHUTAMA','6948',NULL,'$2y$10$mrWjMtTat8J24/j35.AWY.w57SI/Cm1fRS.lNM0f8w3su5J8O8c.S',NULL,'2020-09-28 10:28:19','2020-09-28 10:28:19'),(1112,'ACHMAD ROMADHON','6949',NULL,'$2y$10$SgKhE/TpIw4yTUCY3pYBj.5Axx/jTByDOo6MbBqjXDOd3is2eX8Sa',NULL,'2020-09-28 10:28:19','2020-09-28 10:28:19'),(1113,'ADI PRANATA','6950',NULL,'$2y$10$mEjjLch5/tDXlzq9kFHlRe2RHR/p4BHqiRUd/Nm4hp7nGmj.Cm07K',NULL,'2020-09-28 10:28:19','2020-09-28 10:28:19'),(1114,'A\'ILA VILLADY','6951',NULL,'$2y$10$nHqRMP4ZZc1O4D2ZifSxC.CzQYyzYAT6Z49RE8UMBvw2NJQtDsN52',NULL,'2020-09-28 10:28:19','2020-09-28 10:28:19'),(1115,'AKILLA FISDIARNDA SHAQINNA','6952',NULL,'$2y$10$pgdLWE1AHJKm211I91I4x.LEyi4dHc1k0CNFSEGuhaY4QsF0k6Uxu',NULL,'2020-09-28 10:28:19','2020-09-28 10:28:19'),(1116,'ATHADEVA HADYAN ACHMAD','6953',NULL,'$2y$10$N8FBPNok.qpANsnHbgOKg.jFnwUhUea8f7ovKhMVQKL4wuACAMkQS',NULL,'2020-09-28 10:28:19','2020-09-28 10:28:19'),(1117,'ATHAYA CANDRAKANTA','6954',NULL,'$2y$10$.8t.pfJtalZrM4IN3Cs/VukX6tKETuu0ZPXo9iqR1hiCZWp.3rCeK',NULL,'2020-09-28 10:28:20','2020-09-28 10:28:20'),(1118,'DWI AMINAH','6955',NULL,'$2y$10$0TXep7ZhOc6HBLjveryJ6e/Z8tld3x6D1zH2RMwqyi.miL71/uvWe',NULL,'2020-09-28 10:28:20','2020-09-28 10:28:20'),(1119,'FARAH TSANI MAULIDA','6956',NULL,'$2y$10$MDVEdkBRoqq2dWCC28JFEOMV6xfcoiIKcdU46UZ7oWi4wXzy5lO7O',NULL,'2020-09-28 10:28:20','2020-09-28 10:28:20'),(1120,'FARHAN ARDEN WIDYADHANA','6957',NULL,'$2y$10$rTOOV0gDT/Cz3ZYOQ94zYeyW5uhL3zEV0mkJAtCD4g9beuMiLHTzu',NULL,'2020-09-28 10:28:20','2020-09-28 10:28:20'),(1121,'FERDY ARIESTYANTO NUGROHO','6958',NULL,'$2y$10$YCADdLnEYEFel/I1HPc.9eb3OZW2Fjhkpp8pyLsw9vdiS6lN6xJs6',NULL,'2020-09-28 10:28:20','2020-09-28 10:28:20'),(1122,'HASYA DESWITA SADIDA','6959',NULL,'$2y$10$c3wryvEqSYB5DZ.iIoobveaS1dfkRaLBWO4IeobMtwia8mHo.JwNm',NULL,'2020-09-28 10:28:20','2020-09-28 10:28:20'),(1123,'HENNI FARIYANINGRUM','6960',NULL,'$2y$10$ZkcnCNulcCaFep5UqxmfYuvSeYsj07fzIABQIXa13hhec9aSCQ/TS',NULL,'2020-09-28 10:28:20','2020-09-28 10:28:20'),(1124,'INDAH KUSUMA WARDANI','6961',NULL,'$2y$10$x/ArFrgpdpJ5.6UOhFnTVe.Iq1QLBC9QcSKuF/3AThD8weE2jxkC2',NULL,'2020-09-28 10:28:20','2020-09-28 10:28:20'),(1125,'ISABELLE PUTRI ARDINI','6962',NULL,'$2y$10$ioqgwMBB9EdFecqW6YFWVu.oWsM7SeRkAlD/uF6A8jGGWwp8qdNGS',NULL,'2020-09-28 10:28:21','2020-09-28 10:28:21'),(1126,'JASON ABEL SUGIARTO','6963',NULL,'$2y$10$K2QwHqfl2jr.Ue0SVi7kDOM.twR6n/hI29gxm/s5OjfLRxJlq8pS2',NULL,'2020-09-28 10:28:21','2020-09-28 10:28:21'),(1127,'KHALIFATUN NISA','6964',NULL,'$2y$10$.gKGe30NG.kSlXcSpWo26OPIHRwscEgFKo7vDhqRYrJSh6qJW//Qq',NULL,'2020-09-28 10:28:21','2020-09-28 10:28:21'),(1128,'LOISA GABRIEL KRISTINA PURBA','6965',NULL,'$2y$10$c18/5khHFpHP9lLhNcv5qOfEe3HMBsb1TnMwnJMRPmBkQrXFKdqRi',NULL,'2020-09-28 10:28:21','2020-09-28 10:28:21'),(1129,'M. AERIKO ADIJAYA','6966',NULL,'$2y$10$JDQ/wZ1EcE8YjV7LVuUO0esjgchiG1IIPXhYcNQOIRHe6/Yv6IbIe',NULL,'2020-09-28 10:28:21','2020-09-28 10:28:21'),(1130,'M. FARHAN HAQIQI','6967',NULL,'$2y$10$2131cyDGYT8U9qS0GBBVk.aiF/EzjYQEKgCtgYq93UsBFMNAZxOy.',NULL,'2020-09-28 10:28:21','2020-09-28 10:28:21'),(1131,'MOCH. SYABBI KAUTSAR','6968',NULL,'$2y$10$y8UQFpv6BDbyVur8/oQuSOw98yZDdqSbMSRF0jUnsR3e.vwVOlJDC',NULL,'2020-09-28 10:28:21','2020-09-28 10:28:21'),(1132,'MOH. ADITYA PAMUNGKAS','6969',NULL,'$2y$10$Gx4vaFAkVKcbi5e254jnRurL4/tEnsvoUqDxag.MKwVETbL2UxycS',NULL,'2020-09-28 10:28:21','2020-09-28 10:28:21'),(1133,'MUHAMMAD AQIL SAPUTRA','6970',NULL,'$2y$10$4p/ySpGol4G2LlpwL7PIfu6ImoMUwYr1aqoS3MgtRYWeSGtcfDmHu',NULL,'2020-09-28 10:28:21','2020-09-28 10:28:21'),(1134,'MUHAMMAD MIQDAD FAWWAS','6971',NULL,'$2y$10$4xBEVICjh5pER0iErYONe.f0pNQ/i4Z8XSpoIxaHfqasEpBXV7b.u',NULL,'2020-09-28 10:28:22','2020-09-28 10:28:22'),(1135,'NAILUS SYARIFAH','6972',NULL,'$2y$10$/BS80vbp.RKn4Ux1m.7sM.tAH2WV4UzTIKlKauDN19xXDTj20GHqu',NULL,'2020-09-28 10:28:22','2020-09-28 10:28:22'),(1136,'NANDA SAGITA IMAYA','6973',NULL,'$2y$10$NBSTapKDlDe5..zMqCeQYeoVdLkmxTwM1nN7/pfWDDg2W958/54DS',NULL,'2020-09-28 10:28:22','2020-09-28 10:28:22'),(1137,'NATASHA JIHAN ALAYA','6974',NULL,'$2y$10$/hUi.6gLB0n6J4uqP1ye4eFhFEJnRnl1RSSO0JeKQHTmUDm91GpHC',NULL,'2020-09-28 10:28:22','2020-09-28 10:28:22'),(1138,'NAURA AMELIA PUTRI','6975',NULL,'$2y$10$MAa1vQNI3BlFD7xYRK6uw.qaRXpBBBbXJN81sCvGNCOcUh9gjyFYa',NULL,'2020-09-28 10:28:22','2020-09-28 10:28:22'),(1139,'NAZHIFA NUR ZAHIRA','6976',NULL,'$2y$10$3PrDRoXU6M0MKYb3vMKgV.wEWUTyBIQzjLKK4ArcoxAcn8D.NCmwi',NULL,'2020-09-28 10:28:22','2020-09-28 10:28:22'),(1140,'RAHMA TANZILA','6977',NULL,'$2y$10$FsaTEBTahgdmaJk9IKgYq.K.Trm6SwGax6u4Xp0Jrd3YQrMVC78Re',NULL,'2020-09-28 10:28:22','2020-09-28 10:28:22'),(1141,'RICKO DINA DZAKWAN','6978',NULL,'$2y$10$LdSwid4EhL7cuA7ZohD8z.6D6GpieYCEy9GT4GxSQnRBoi4QsZedG',NULL,'2020-09-28 10:28:22','2020-09-28 10:28:22'),(1142,'SHERIN SUNGKAR','6979',NULL,'$2y$10$N1WPVo13S9VSLWi7TYZHPe7Zy7di/Rf6hcKjprR62LQY5bnSD.DHe',NULL,'2020-09-28 10:28:23','2020-09-28 10:28:23'),(1143,'TEGAR YOGA WICAKSANA','6980',NULL,'$2y$10$4QQS.12dZKamQ3pKSx6C/exNz9tqMvhpRCLH09ilC0uRWN7g8Yjfe',NULL,'2020-09-28 10:28:23','2020-09-28 10:28:23'),(1144,'VALENSIUS VASTUVONDRA','6981',NULL,'$2y$10$B85GzZiKx5UULSSVgEFD7.stWT1rAyyYqfOEt4Ofily4ndKK4lxz2',NULL,'2020-09-28 10:28:23','2020-09-28 10:28:23'),(1145,'YESENIA IKFA SHAHLA','6982',NULL,'$2y$10$bVyHtcfHJGhqFWHFSKsTKeAxuEX6ZEd0SQkLuLrIs77VJVBgGhgtK',NULL,'2020-09-28 10:28:23','2020-09-28 10:28:23'),(1146,'ZACKY ARYA YUSTICIO','6983',NULL,'$2y$10$wtCCNiVR3Lu52n0s4bDfLOJZAbyGJBhRZVqQMZZi0d8qfVtfXou4u',NULL,'2020-09-28 10:28:23','2020-09-28 10:28:23'),(1147,'ANGGITA DIAS NURFANDILA','6984',NULL,'$2y$10$.0BdGAdiiOcY0C3GIJdp6uCXLpP3XU6WRoFMsjOmFVKcUHCwdFONO',NULL,'2020-09-28 10:28:23','2020-09-28 10:28:23'),(1148,'ANGWIN MEILISA AULIA','6985',NULL,'$2y$10$tP4RX9dFKEkNBdrjTK/6Keqw.d4/VzzdTpCcbYCEk4EdU0b1V1Lau',NULL,'2020-09-28 10:28:24','2020-09-28 10:28:24'),(1149,'ARELY ANINDA MULYO','6986',NULL,'$2y$10$/W.dNfHMNLP86YzXmgWRBeUMPE0geqk9KKnJaduYCa2x38tLN38Cm',NULL,'2020-09-28 10:28:24','2020-09-28 10:28:24'),(1150,'BELLA BESTARI','6987',NULL,'$2y$10$yfvMkuh5XV7du.hDvV2fWeFYoDfwa2opmhInGKUpQcJ1XrzAJIPMm',NULL,'2020-09-28 10:28:24','2020-09-28 10:28:24'),(1151,'DEWI SAFITRI','6988',NULL,'$2y$10$46VKJG6mckG9Mpe4EflRouKn5IMTsUmHvA0PW/Z.WsLURZ3/O2ifO',NULL,'2020-09-28 10:28:24','2020-09-28 10:28:24'),(1152,'DIANA LESTARI','6989',NULL,'$2y$10$VNet4Uj7IY.H1dRcbeEhPOapz82j3NDn9fCSD5kcL0AB3tDYS89ze',NULL,'2020-09-28 10:28:24','2020-09-28 10:28:24'),(1153,'FAJAR SHIDIQ PRATAMA','6990',NULL,'$2y$10$HFkJrkECEnt1cxO52UzIgep.sG9.NGp9fS73I3tYM1Dq/Z7h9b3ty',NULL,'2020-09-28 10:28:24','2020-09-28 10:28:24'),(1154,'FAREL ARYA PRAMANDA','6991',NULL,'$2y$10$zDV8YKxlQESdBCqYAf9vWOjTzmy.Z710t5zo1.SGWJmtzaPykQ2yy',NULL,'2020-09-28 10:28:24','2020-09-28 10:28:24'),(1155,'FARIDHO','6992',NULL,'$2y$10$jB.pUy0GX0aU1XwTJAMnGenvb9wDXs9CmmzniirkMawHkmwgCCIRK',NULL,'2020-09-28 10:28:25','2020-09-28 10:28:25'),(1156,'FIONA WIJAYA','6993',NULL,'$2y$10$y6q7WkZtl.SgMTTPiZM/2u7ZEe7PQEdQ8lCXaCI7wxeDgIA4uBk3y',NULL,'2020-09-28 10:28:25','2020-09-28 10:28:25'),(1157,'GEBY ADELY BINTARY','6994',NULL,'$2y$10$cFO0wzXJfJRVwSSSWbCMQuLxUePgcgkQEO9M1m296/FRpAkzeGgSS',NULL,'2020-09-28 10:28:25','2020-09-28 10:28:25'),(1158,'HALIZA RIFATUNNISA','6995',NULL,'$2y$10$s4Ln1q0tR9ZDaZM0cICBRuIoaAHU0V7iWIZLpijC0rVi53nbBJK32',NULL,'2020-09-28 10:28:25','2020-09-28 10:28:25'),(1159,'HANUM FINISHA MORBIDEZZA','6996',NULL,'$2y$10$vQ74mlBNC9owxaJRusThcu8PIRiqvYKmrh47BCr0y2YnFZv/2JCQa',NULL,'2020-09-28 10:28:25','2020-09-28 10:28:25'),(1160,'HANUM SALSABIELLAH','6997',NULL,'$2y$10$h6k9zYu1tXxxz7ARw9tUceEb6LTjjnUbveFPikXI/40lXZaDyeoNS',NULL,'2020-09-28 10:28:25','2020-09-28 10:28:25'),(1161,'INDAH PUJIARTI','6998',NULL,'$2y$10$hRqmW9vMIH0G2ca9p0Vryu1fiZO6.MPQBrmNRhGTZ5jUoSD9HYeS6',NULL,'2020-09-28 10:28:25','2020-09-28 10:28:25'),(1162,'IRGI AKHMAD FARRERY','6999',NULL,'$2y$10$gsDqVPN7vRhw0J3LH/g2C.V5IpaGczDWaQi/u9MVTtj8WWkmKTZqK',NULL,'2020-09-28 10:28:25','2020-09-28 10:28:25'),(1163,'JUSTIN EDUARDO LUCIUS','7000',NULL,'$2y$10$HhisT84mt/n0bvn3NeOCjOkJzGf6I32syW9S4LiW8kxFrTnqnO/9.',NULL,'2020-09-28 10:28:26','2020-09-28 10:28:26'),(1164,'KENDRICK GREGORYUS VALENTINO KARIM','7001',NULL,'$2y$10$qOJhtt/RQ8m83e.ODTZ7MudwgdabN9y9DTW2l51sSgzj9jjiPzK/e',NULL,'2020-09-28 10:28:26','2020-09-28 10:28:26'),(1165,'M. DAVA ARDANA','7002',NULL,'$2y$10$.C8s8LUIZ0nXTuk4vmhqGu09Tx8Pwiwmh64ohcnUur2Ury1jfr3ry',NULL,'2020-09-28 10:28:26','2020-09-28 10:28:26'),(1166,'MUHAMMAD AZIZ SATRIA SANTOSO','7003',NULL,'$2y$10$vIIxyqCqFwlcshrPNSQvz.6V8IJu2qninyhlxIEp5exepGaLi1..q',NULL,'2020-09-28 10:28:26','2020-09-28 10:28:26'),(1167,'MUHAMMAD FAHLEVI SYAHRIAL','7004',NULL,'$2y$10$xbMnV5sIUuAvfH1gAFa3lOjph5RUZLCU.Rvs4pbCHAWhPRCK0W6Xq',NULL,'2020-09-28 10:28:26','2020-09-28 10:28:26'),(1168,'MUHAMMAD IRAWAN','7005',NULL,'$2y$10$U7s24ni2CrQKQ3yy.hhXY.KDe9QF7i7HfYa2pk/2reOwYVtWtxHju',NULL,'2020-09-28 10:28:26','2020-09-28 10:28:26'),(1169,'MUSYAFA\' AKMAL','7006',NULL,'$2y$10$A0fPJzXIb/vn9O.fYDI98eK8YMA0uh2gYPZDZhc6SfBBN5UFOHG5u',NULL,'2020-09-28 10:28:26','2020-09-28 10:28:26'),(1170,'NABILA AZZAHRA','7007',NULL,'$2y$10$OrdXHohnMOmhI3WycvNe1u3JPt4CRg1Ugw2msqgTSija3OKcwq9ha',NULL,'2020-09-28 10:28:26','2020-09-28 10:28:26'),(1171,'NAJWA SAKINAH','7008',NULL,'$2y$10$nC4sit/J.GkA5cKoNg6NsO3sQ2gdflCUTnHCVZjyYPskpR7ZI7BXC',NULL,'2020-09-28 10:28:27','2020-09-28 10:28:27'),(1172,'NAUFEL AHMAD HAYDAR','7009',NULL,'$2y$10$so0pNecGz9HjIGqlMCYp8.n.qzZlMjRoLi5Wp/ybHzVrWAXetBk4u',NULL,'2020-09-28 10:28:27','2020-09-28 10:28:27'),(1173,'NICOLAS KRISNA PRAWIRAJATI','7010',NULL,'$2y$10$MmPkPOQzLgsvoQNJIoa7X.pu7xS7bVMVSx5WXN0Ypzcn7hn.r0tYq',NULL,'2020-09-28 10:28:27','2020-09-28 10:28:27'),(1174,'RABBILA TADZARNI FARDA','7011',NULL,'$2y$10$Xw6clAwqWlqxZYbvXdnM9e3ctgTsAIj9eCaPUY4gSDnIMhAsqtQM6',NULL,'2020-09-28 10:28:27','2020-09-28 10:28:27'),(1175,'RAHMA ZELIKA PUTRI','7012',NULL,'$2y$10$UonzPD1o2X0OOqfX0uIaWOQhcJedjSshlQ0GVSiPRFViR4CrJHhhC',NULL,'2020-09-28 10:28:27','2020-09-28 10:28:27'),(1176,'RIFDAH ALVIONITA HARBELUBUN','7013',NULL,'$2y$10$4low9UikPIdg172GprO7cOhnYr3EbskqIdv8paBmU6oK27a05Rwkq',NULL,'2020-09-28 10:28:27','2020-09-28 10:28:27'),(1177,'SALMA PUTRI AFIYANI','7014',NULL,'$2y$10$QPOf0V7eBxynTO7mGsW6PunC8HrGbuOUHaYACpUgFhMAEW7zj7qfi',NULL,'2020-09-28 10:28:27','2020-09-28 10:28:27'),(1178,'SATIVA DENA ALYA LUTHFIYANI','7015',NULL,'$2y$10$JYVeNp2FN4qHz4zPlau3neDawqpeewE6Myu3E3nP.dXuRIe0JjSkC',NULL,'2020-09-28 10:28:27','2020-09-28 10:28:27'),(1179,'SELLI NOVITASARI','7016',NULL,'$2y$10$7qyNWgF0kl44wObZnt89Ge02RvHU1Nb6z3zJDTzpCcZuZH9qHeMTG',NULL,'2020-09-28 10:28:28','2020-09-28 10:28:28'),(1180,'VICTOR ANTONIO COLIN','7017',NULL,'$2y$10$Wy0VXnFDpVv43MRFI9OdYOKcOz/poHY46k.ogVfyrzJUiyRdFtalS',NULL,'2020-09-28 10:28:28','2020-09-28 10:28:28'),(1181,'VIKY NAURA KAMALIA','7018',NULL,'$2y$10$FKPRgq8keoW5UHvfIalvIe.phdyeySHPGm7rJ0akLGsT7YLq1pZQm',NULL,'2020-09-28 10:28:28','2020-09-28 10:28:28'),(1182,'VIRA AULIA UTHMA','7019',NULL,'$2y$10$i9kOZBF.rjYBjnGsmYnSIOb5RzaxfKaKpmkgEduEVa7tuHNPYoZl6',NULL,'2020-09-28 10:28:28','2020-09-28 10:28:28'),(1183,'AHMAD NAQI ASSEGAF','7020',NULL,'$2y$10$g4R23utTzNpIcWeSu6qoD.retsaWJyO/UfHc/wPqMCl399wX5CtTa',NULL,'2020-09-28 10:28:28','2020-09-28 10:28:28'),(1184,'AKMAL ADMAJA GANDI','7021',NULL,'$2y$10$w6e/r5l.kR6/piTPKDROOesdzXfIwPON9egGIrmhissY9gGSmQ422',NULL,'2020-09-28 10:28:28','2020-09-28 10:28:28'),(1185,'ALMA PUTRI ANDIRA','7022',NULL,'$2y$10$GmojCbBRSQbZOREA89OyhOqWR.4NKDMFqaKrvY6vZndCOWzCyI2s6',NULL,'2020-09-28 10:28:28','2020-09-28 10:28:28'),(1186,'ANGGUN SEKAR MELATI','7023',NULL,'$2y$10$anqWe2KxHZmQnppAt/fMYOQ8e8gKlrQYrsWISEkcuASwfS9b2Jqw6',NULL,'2020-09-28 10:28:28','2020-09-28 10:28:28'),(1187,'CANTIKA RIZKI PERMATASARI','7024',NULL,'$2y$10$/r/NUg20RSlywIF9aVniL.CW7ZpUNqCb7x1FLFglX4iUELV6ExXLy',NULL,'2020-09-28 10:28:29','2020-09-28 10:28:29'),(1188,'DEVEN KHOSTYA','7025',NULL,'$2y$10$OK69qIOIgFCEoxq7AYbeM.XNWrtSy0tEDkQo8zrGLCNUGK2pZKp6K',NULL,'2020-09-28 10:28:29','2020-09-28 10:28:29'),(1189,'DONI SULISTIYAWAN','7026',NULL,'$2y$10$gkNfL77xxfu3YmfW6DOkY.KlW3YhFNkpGBXnRsi.xRbyysfhvsWCW',NULL,'2020-09-28 10:28:29','2020-09-28 10:28:29'),(1190,'EKA SALMA AULIA','7027',NULL,'$2y$10$hYl.dAvNjKUbyrdzfdT.7OuqudIVnurBqiYQIcbYna/KggEjKLfhi',NULL,'2020-09-28 10:28:29','2020-09-28 10:28:29'),(1191,'FIDA NABILA ILAL ULYA','7028',NULL,'$2y$10$KqRewkDmSMfINTZvNccSWOTyuSxQyQrpeImAf1UqDY4hUaWqDq0.G',NULL,'2020-09-28 10:28:29','2020-09-28 10:28:29'),(1192,'GIZKA JIHAN NAFISAH','7029',NULL,'$2y$10$QtaijUWv7OdKEe9.yRip3.821kclPAG0G2tXlL/fbsidShx03i18e',NULL,'2020-09-28 10:28:29','2020-09-28 10:28:29'),(1193,'HAURA\' FARAH SYIFA','7030',NULL,'$2y$10$V2c3QNkeEHSEJP0.mFDvq.CNqNxHcqHPEhbm.0NEJkz8eb6bSIQWy',NULL,'2020-09-28 10:28:29','2020-09-28 10:28:29'),(1194,'ISA FAHLEFI','7031',NULL,'$2y$10$0T08bK55i.hW5Q6dxeKLseCxahu1vSjdsGV9nng5eeqfQaOpw13eK',NULL,'2020-09-28 10:28:29','2020-09-28 10:28:29'),(1195,'JORDAN WILLIAM PANGEMANAN','7032',NULL,'$2y$10$fO7HtTlnWcXplqktSwNQruzQKdgDFs3Kkb1HZoCQrwtw2n.shnyaq',NULL,'2020-09-28 10:28:29','2020-09-28 10:28:29'),(1196,'Kesya Febriyanti Valentina','7033',NULL,'$2y$10$RS2QCHzCH2nt0uHEFYKwXu9FLnsNQgwG2LdOJJmCdmnxdSSwYGszC',NULL,'2020-09-28 10:28:30','2020-09-28 10:28:30'),(1197,'LIDWINA NOVIANI','7034',NULL,'$2y$10$GVScSr4IYQPrm1fgRo3.mOMoXFtDC4IeghX4793PUsS3xfwEpHNiS',NULL,'2020-09-28 10:28:30','2020-09-28 10:28:30'),(1198,'LYDIA ALBERTA','7035',NULL,'$2y$10$Kurx81XwBTPZd5TXcq6GOukGkWQ80DPGj3ens/7knkLppRenYnLCO',NULL,'2020-09-28 10:28:30','2020-09-28 10:28:30'),(1199,'MAHATMA ADI RAHADIAN','7036',NULL,'$2y$10$vW4/rORlfE3V9Meb5lyAhux0hUVDyo1fONe7n74KP3L7CYvSEc292',NULL,'2020-09-28 10:28:30','2020-09-28 10:28:30'),(1200,'MEI HANNA WIDIASTUTI','7037',NULL,'$2y$10$0b1Jg1mvEDm5MrUfN1Ka3eQxy2FB3Ri7rKH5ZI4HdJkbfPcgmkryu',NULL,'2020-09-28 10:28:30','2020-09-28 10:28:30'),(1201,'MUHAMMAD SAIFUL ISLAMI','7038',NULL,'$2y$10$32bZc9RNgj9BSiCZmyg7LukHZG1KgQso0y7005lAeUbdQpYU7e6tS',NULL,'2020-09-28 10:28:30','2020-09-28 10:28:30'),(1202,'MUNGZILIN TIRTA DILAGA','7039',NULL,'$2y$10$.5pFXxXiGpG0QGrD7qfF4eOT/poVwlNNPGz8eAYDprqiiyyHMPgQK',NULL,'2020-09-28 10:28:30','2020-09-28 10:28:30'),(1203,'NABILA SALSABILA','7040',NULL,'$2y$10$977fv90Q/JJp3V6eOJ1XyOeE.fbcdTSgQPeOyiFrvELXT5yUFTXh6',NULL,'2020-09-28 10:28:30','2020-09-28 10:28:30'),(1204,'NAFISA ZUNILOVA','7041',NULL,'$2y$10$f/OcJI0XNCtdW9tAX9cR3uH8ZVzky.H1c6NlOy2IthxeXaxUnKg2m',NULL,'2020-09-28 10:28:31','2020-09-28 10:28:31'),(1205,'NAILI SA\'ADAH','7042',NULL,'$2y$10$s0j98CIQLE1GNIpy5jSEeOk2qPD3/T8xLppFYJ.ywx0Z9DHVRap.C',NULL,'2020-09-28 10:28:31','2020-09-28 10:28:31'),(1206,'NAJLA\' HUWAIDA','7043',NULL,'$2y$10$cGpXCRtmtwf1HVmZMCy26eE9SuSk8nUcLKm6KT5gQR.R9OX4W40nG',NULL,'2020-09-28 10:28:31','2020-09-28 10:28:31'),(1207,'NISRINA SALWA PUTRI','7044',NULL,'$2y$10$cgR6XUbO88EhxRbotuC1TuzRjl9luirbVyosoTd9.u1Y0v6Phbx6q',NULL,'2020-09-28 10:28:31','2020-09-28 10:28:31'),(1208,'PARWATI PARNOTO','7045',NULL,'$2y$10$dxBcxvkXQEnFZD9EaRCUkuVjQ1QqwaUcN2380kkcilf9qF5coWH8y',NULL,'2020-09-28 10:28:31','2020-09-28 10:28:31'),(1209,'RENATA CANDRA HANINGTYAS','7046',NULL,'$2y$10$vWrHzRWunkRKt98VaEAxsO8hyp6uzoUlEpTQxtZALx9A22MuH9rIu',NULL,'2020-09-28 10:28:31','2020-09-28 10:28:31'),(1210,'REVALDO DAVA ARYA SANTOSO','7047',NULL,'$2y$10$S5rQVuo2S1RFrZSajPxRDuQyzrAjMrkBIaKlviaKKkTLp7wPAMpDO',NULL,'2020-09-28 10:28:31','2020-09-28 10:28:31'),(1211,'RUSDI ABULKHEIR ATTAMIMI','7048',NULL,'$2y$10$W7Eohuzl.iLyv584KFiWZO2wxCxDGkNMZ8hfj2CbsqW/nUPzrlGqe',NULL,'2020-09-28 10:28:31','2020-09-28 10:28:31'),(1212,'RYAN NOVA SYAHIDA','7049',NULL,'$2y$10$p2BDJqlJjNgamqswiYpYv.b1y7Q5cli1e8Mwb3bVG9yotSNie66Yy',NULL,'2020-09-28 10:28:31','2020-09-28 10:28:31'),(1213,'SATRIA BAGUS PAMBUDI','7050',NULL,'$2y$10$Qo1jlHB9A5OG.r3ib0AD9eBxr4u9cGkMy3jIFJpyRTaV4XrDNE2k.',NULL,'2020-09-28 10:28:32','2020-09-28 10:28:32'),(1214,'SELVIRA YESENIA','7051',NULL,'$2y$10$qwLfH25DVbfeUBdZZ9AbmeBa3Hn7aG.mcYaHXPYoqQqEgu6LVeZqe',NULL,'2020-09-28 10:28:32','2020-09-28 10:28:32'),(1215,'SUB\'HAN ALDY HAKIM','7052',NULL,'$2y$10$/N/DLJYO6fMMuAHZhTaPD.DLlIuHfe1F2Nt50.QYK27LsFKVG6c26',NULL,'2020-09-28 10:28:32','2020-09-28 10:28:32'),(1216,'THO\'IT HAMZAH','7053',NULL,'$2y$10$Frp52m/VZ1yb0LDr1p/1eegSfDDaIOiOZj8R.HMd6BSjvAmzhlH5i',NULL,'2020-09-28 10:28:32','2020-09-28 10:28:32'),(1217,'TYO ALVIANTO UTAMA','7054',NULL,'$2y$10$QPRdlnScuWGjHh90qWUcx.4RojKk1hNwoS5pLJbfedllL5YTDW0xa',NULL,'2020-09-28 10:28:32','2020-09-28 10:28:32'),(1218,'ZALFA\'A CHAERANI','7055',NULL,'$2y$10$RBfd.IHKkltaRorCFMSHhO/4u3PXQrqhVENb5AG9gA7W1EsiUPiHW',NULL,'2020-09-28 10:28:32','2020-09-28 10:28:32'),(1219,'ALDINO ARDIYANSYAH HIDAYAT','7056',NULL,'$2y$10$lZrXF9qJuc/1dKqY8QvnfOHwu8iNdoPqaptOiYpT2TmaaGXmmQpbG',NULL,'2020-09-28 10:28:32','2020-09-28 10:28:32'),(1220,'ALYSHA KAYLA ISNA IRAWAN','7057',NULL,'$2y$10$zqpam9kutFWXHL9KnjLUDe4rO8ZHzqFGjYkHKpe0z2.I3c3Zj48V6',NULL,'2020-09-28 10:28:32','2020-09-28 10:28:32'),(1221,'ANANDA TRI AMELIA','7058',NULL,'$2y$10$zS6AsNUC3URtbhoRVNwz3OFcsWiAIdgx8qDg.oKZr.r0vmeUM3ykK',NULL,'2020-09-28 10:28:33','2020-09-28 10:28:33'),(1222,'ANGELICA LIDYA SOESANTO','7059',NULL,'$2y$10$PKWZw/lhPsR3Mw0xIQQbd.e1rkSn4JWS.Q63rWotaoyX4avYq85xK',NULL,'2020-09-28 10:28:33','2020-09-28 10:28:33'),(1223,'ANGGUN RIZKI PERMATASARI','7060',NULL,'$2y$10$Dwh64h3/3.lXziTDx1bkruDeqNItlPdMBfxIixxKGQJ307k.wCw3W',NULL,'2020-09-28 10:28:33','2020-09-28 10:28:33'),(1224,'DANDY RAKESRAY S KEMBAREN','7061',NULL,'$2y$10$UkcbS2QHIkop7zlWJ0mBDeBrZI.CaaQvXjQffOlTWRmsgRkZs4tmS',NULL,'2020-09-28 10:28:33','2020-09-28 10:28:33'),(1225,'DEWINDA RATU EL FATIKA','7062',NULL,'$2y$10$reu4ryNrNmRtkgV2yguuxehsuGrHj8nPleyUcd4SGVtYnPt26m4my',NULL,'2020-09-28 10:28:33','2020-09-28 10:28:33'),(1226,'EGY SURYA HERMANSYAH','6809',NULL,'$2y$10$D4eOkDNMKvDXB8bBb9MZzOCUH3gIO.hlwhzy6zLkLSHVvNl.xn.iC',NULL,'2020-09-28 10:28:33','2020-09-28 10:28:33'),(1227,'ENGGAR AKHMAR NUGROHO','7063',NULL,'$2y$10$IUwT6hgW1btEYktWb81.AORQVa5gHCjAc6L04V.i9lwxxg6q5dAS.',NULL,'2020-09-28 10:28:33','2020-09-28 10:28:33'),(1228,'FATIKHA CAHYA JANNAH','7064',NULL,'$2y$10$DsxQFkbvwUugnTdIxwmXMO/Uz24KCfW5Bpz/jNKLfg7KBRr40ZXQe',NULL,'2020-09-28 10:28:33','2020-09-28 10:28:33'),(1229,'GHINA NASYWA KAMILA','7065',NULL,'$2y$10$Y1yMu2/VQrlMr7HiolLHxeDuz7qxgeP4zY2f3IaAlON6N0fRdnfJW',NULL,'2020-09-28 10:28:33','2020-09-28 10:28:33'),(1230,'HAMALAH AUNIL ILAH','7066',NULL,'$2y$10$Xf33lxrkKxBJOjpBWV6xmeHv996DtKQlo2D.l1HS5VRnDC9FHHTNq',NULL,'2020-09-28 10:28:34','2020-09-28 10:28:34'),(1231,'IMROATUL AULIA','7067',NULL,'$2y$10$9MyPQKx.v6fGdxCFuJlMceUspa05jrZcbuhNRUbD2FUzOEVM3yIB6',NULL,'2020-09-28 10:28:34','2020-09-28 10:28:34'),(1232,'IQBAL MAULANA','7068',NULL,'$2y$10$xbLlG34h5smmJDvq8vKCguDd1iwMjc2pxLH9GO/s754UBsHnT2K4y',NULL,'2020-09-28 10:28:34','2020-09-28 10:28:34'),(1233,'JALU MALCOLM SATRIA','7069',NULL,'$2y$10$r5DS967fo963q/sGTZOjsuf8WBATyg/42GjjfR551NOstSbvHnQG6',NULL,'2020-09-28 10:28:34','2020-09-28 10:28:34'),(1234,'JEDIDAH CARLA ETHEL NANLOHY','7070',NULL,'$2y$10$eAirfPSanjCyj.XqpIpQ2OYQtcmDf8OnYhb3hHL8sQ52tdMoN0ElK',NULL,'2020-09-28 10:28:34','2020-09-28 10:28:34'),(1235,'M. FADHIL KUMAR','7071',NULL,'$2y$10$36SovGhCeqjaHRJ3tCQRrOo2bMYCsf5gPKSMZBdSCQyBKQXHxSGE2',NULL,'2020-09-28 10:28:34','2020-09-28 10:28:34'),(1236,'M. MUFID ALI KURNIAWAN','7072',NULL,'$2y$10$hoZ.qb0IkFbb3VedwPD9Pe.4qfIjq/ROIb07tb6jbrQ1hhJbLvnTS',NULL,'2020-09-28 10:28:34','2020-09-28 10:28:34'),(1237,'MOHAMMAD ADNAN KHOLIZ NUGROHO','7073',NULL,'$2y$10$CoHW6mmugVqKZXyN3Jje4OhIf07M.14TkrPASanv5S4syLVwNHBdC',NULL,'2020-09-28 10:28:34','2020-09-28 10:28:34'),(1238,'MUHAMMAD FARREL ABIGAIL','7074',NULL,'$2y$10$KvKgTGd.mGO6B/vgp6ze0OhQ0EvT/CcGtcn..B4DS1ayDx646YDc6',NULL,'2020-09-28 10:28:34','2020-09-28 10:28:34'),(1239,'MUHAMMAD RIFKI SETIAWAN','7075',NULL,'$2y$10$QrALqjoWXOamH/9fOc.TGuaKntwIG7uUMUaSkq3zyWB5CvNLVESC.',NULL,'2020-09-28 10:28:35','2020-09-28 10:28:35'),(1240,'NAJWA LATHFA ASHILA','7076',NULL,'$2y$10$eB3IBdEEDF4gMBCOhmR75OrmbSlSE7Zy25sxQspmyNkroRhZH/jLi',NULL,'2020-09-28 10:28:35','2020-09-28 10:28:35'),(1241,'NAWAL MAHDALUL HAMIDAH','7077',NULL,'$2y$10$/MsSIo1TXKUMQIX2SyztHexkd1rx5wKZbo8scOQ1zla712TteUaPS',NULL,'2020-09-28 10:28:35','2020-09-28 10:28:35'),(1242,'NOVITA ARISTIYA WIJAYA','7078',NULL,'$2y$10$e7.cd8DDTW/WpnfMYVGDwuccPFswqdzv/z.fHL0Z/rcnq26VzhQUK',NULL,'2020-09-28 10:28:35','2020-09-28 10:28:35'),(1243,'OLIVIA AZAHRO','7079',NULL,'$2y$10$9mOp5tRMkyhVumvSKPBUw.8fms9JrLE5JU59.yNuRzsy2JKzP7gFu',NULL,'2020-09-28 10:28:35','2020-09-28 10:28:35'),(1244,'PANJI PRADANA YUDHA SAPUTRA','7080',NULL,'$2y$10$6r71P0PGD6joRDSbzSjfpey05xv54JAm6RJZtKedC310FC7MwCM7y',NULL,'2020-09-28 10:28:35','2020-09-28 10:28:35'),(1245,'RAMA ALDIANSYAH','7081',NULL,'$2y$10$51Vyryu/HhL7Dko0.vPnPea8fnJsgpC01O/R94pruvfXT9V2RpLnK',NULL,'2020-09-28 10:28:35','2020-09-28 10:28:35'),(1246,'SALSABILA MEITA WULANDARI','7082',NULL,'$2y$10$MjGqIiK1ev08VCEg3D0R6.VVe.qCDYPjJ/05U3Ch3yI9Oe86s0..C',NULL,'2020-09-28 10:28:35','2020-09-28 10:28:35'),(1247,'SALWA NASYWA NABILLA','7083',NULL,'$2y$10$DMrCbqpiTZXdFXmQF6ssVuxfpjb/dFf/nj6pPYb0/FJDxG5fHD9rq',NULL,'2020-09-28 10:28:36','2020-09-28 10:28:36'),(1248,'SEPTIAN GILANG PAMUNGKAS','7084',NULL,'$2y$10$jD7BosMW4.VLxj3/67/sheEfTcoASma6qBgAs3xsQHBbjHEXWxQt6',NULL,'2020-09-28 10:28:36','2020-09-28 10:28:36'),(1249,'SYA\'BANA SALSABILA RAMADHANI','7085',NULL,'$2y$10$zTU3ZbOfF7c7aTzpEfFL2O4xuw6.EyQKwNztoUcjgEpKTv0g4abpW',NULL,'2020-09-28 10:28:36','2020-09-28 10:28:36'),(1250,'TALITHA SAFA AZZAHRA SUPRIYONO','7086',NULL,'$2y$10$Xj76V9ilneHUDxmlfU5h2.7LJi9CKNrjMQd53wIQEmHv/eAuOl2je',NULL,'2020-09-28 10:28:36','2020-09-28 10:28:36'),(1251,'TRI DYAH KURNIASIH','7087',NULL,'$2y$10$6kPqEQwrGKGefyFfuu7BBuE4KJ5.L9ovrFvgLDr1ZUwClNYY7SJnO',NULL,'2020-09-28 10:28:36','2020-09-28 10:28:36'),(1252,'YEMIMA GABRIELLA','7088',NULL,'$2y$10$76xFbr77Xc1sKcwnaLq/See4t8oNpffWjewr3rzOP12LRXVA01pd6',NULL,'2020-09-28 10:28:36','2020-09-28 10:28:36'),(1253,'YUDIT ROVALINO','7089',NULL,'$2y$10$QAUguW.tVwCJhFWSMQuQVeyL5smo8JBAhOdXe1EoYodBHTma.o9OO',NULL,'2020-09-28 10:28:36','2020-09-28 10:28:36'),(1254,'YUNITA SETIANA','7090',NULL,'$2y$10$g0JCTBwM5S12h.TSG8de1uIkvz7E6CwJkfGlvMwQO/cI9SkwO.8KK',NULL,'2020-09-28 10:28:36','2020-09-28 10:28:36'),(1255,'ADRIAN PRADANA RULLYANTO','6696',NULL,'$2y$10$2mdRIGi4j3.cfJV7yIby8.EOdy3hh9ZAuPDY8txtps9h3Frv9M2X.',NULL,'2020-09-28 10:28:36','2020-09-28 10:28:36'),(1256,'ALDISAR GIBRAN','6661',NULL,'$2y$10$PnWCdMKyZSJ4gcMl.Y2aZeKQP5GYCvqvxRqll9nrTJ.9JCGx173Z2',NULL,'2020-09-28 10:28:37','2020-09-28 10:28:37'),(1257,'ALENA YASMIN AZZAHRA','6662',NULL,'$2y$10$7WiHK7sk3r5u92mQJ0ReCug3Hi1.jbh19Loy/rEJ0arIMvLVGjKnK',NULL,'2020-09-28 10:28:37','2020-09-28 10:28:37'),(1258,'ALIFIA BUDIYANI','6626',NULL,'$2y$10$AcVGvehgMlO4dxua6FVGZusgQmwxBVylVPGVCwBbo1X9fQYtuclKO',NULL,'2020-09-28 10:28:37','2020-09-28 10:28:37'),(1259,'ANDIKA TRI PRASETYA PAMUNGKAS','6737',NULL,'$2y$10$XU2zbk6.OGnYbuXyibpRQOMwqBjNB4UFc1QR4RIBj/TSfs7kgarQS',NULL,'2020-09-28 10:28:37','2020-09-28 10:28:37'),(1260,'AUFA MUHAMMAD ISYFA\'LANA','6664',NULL,'$2y$10$v7lIVzFbUGsia3ogfdOgnuFF2Gb7O1X3op0VSe1LVYxIoWe2yJ0.a',NULL,'2020-09-28 10:28:37','2020-09-28 10:28:37'),(1261,'AYU MUTIARA AULIA','6702',NULL,'$2y$10$ktKEMy3iYWXJPrrvb83LNuDQeR10VjGrfGXwoLn0BtH3biHxX44Ne',NULL,'2020-09-28 10:28:37','2020-09-28 10:28:37'),(1262,'BENNY MUHAMMED EDRES','6630',NULL,'$2y$10$T8OBF2QA45w0.gUvWkL3zet.b7/qYdJ4Xe5cdK3V0ByxNb3bF7LSi',NULL,'2020-09-28 10:28:37','2020-09-28 10:28:37'),(1263,'CAHYA DWIKI HARISTYA','6631',NULL,'$2y$10$Vejzt1O.qrUYCWQbechSpuZaW0ThJVz0UQFl82.8XjiluEulnOKri',NULL,'2020-09-28 10:28:37','2020-09-28 10:28:37'),(1264,'DAVID VIERI PURWANTO','6665',NULL,'$2y$10$.vs4qNmuWu/u.Culo3783uedccOurwNKjimP9fza7VXAeDakAHe26',NULL,'2020-09-28 10:28:38','2020-09-28 10:28:38'),(1265,'DEA SEPTI ANGGREINI','6704',NULL,'$2y$10$3XX4KHD3qCu.f1ZKXVBGgeRy/Wk9ybvxJk3o443J2VGxmLEczB4g2',NULL,'2020-09-28 10:28:38','2020-09-28 10:28:38'),(1266,'FAZA MUNIFAH','6707',NULL,'$2y$10$9bkkL5RJT46r8yoTxkXcfOiBXYzwhGHAgy/vr1l/k.0SzUiUeQEPi',NULL,'2020-09-28 10:28:38','2020-09-28 10:28:38'),(1267,'FRETI NAFA SAPUTRI','6669',NULL,'$2y$10$3cHTdm.oD9wCO7LFncn4/OpiXBNpODx0hBt/M/4PU2fxK7cBx/GcO',NULL,'2020-09-28 10:28:38','2020-09-28 10:28:38'),(1268,'GAINDRA ARTAWAN KUSDARMONO','6670',NULL,'$2y$10$TtjmgQK80mFI.IJQVvGx5OTBK2d0m287Zoux9UDcGuhy8y3GPDfHO',NULL,'2020-09-28 10:28:38','2020-09-28 10:28:38'),(1269,'HANNA HAYU NIF\'ANA','6708',NULL,'$2y$10$BzQEFWiIoSLb/3EG74G1QeH60akQHVjG.6jS5IEhx.oqOf2Tl3mle',NULL,'2020-09-28 10:28:38','2020-09-28 10:28:38'),(1270,'HASNA DEA RISTIVANIA','6672',NULL,'$2y$10$QY55G1aBTFKCJ.Umc8xOHOvJlI.sC24PqNbZfjXfBGPjlcRGF8Ja.',NULL,'2020-09-28 10:28:38','2020-09-28 10:28:38'),(1271,'HIKMAH ALFITRIANI','6635',NULL,'$2y$10$CRCiMX.iLI3QDaSFSWjVTupKCUR9QjgsD0tu7HaSjjT9/drnhaCBG',NULL,'2020-09-28 10:28:38','2020-09-28 10:28:38'),(1272,'KARINA ISMADILLA','6744',NULL,'$2y$10$pbba/3ZImtnOvNCw1hFha.m8hZJ28unMiw8TRsFsrgG8QFh1of1zm',NULL,'2020-09-28 10:28:38','2020-09-28 10:28:38'),(1273,'KARTIKA AMELYA AMIN','6676',NULL,'$2y$10$9rVv4vr9ohplik0vcFJva.isFzIahrWOOvRVCgdZq5hUD0XiaADrq',NULL,'2020-09-28 10:28:39','2020-09-28 10:28:39'),(1274,'MARSHA FEBRINA NOORSY','6678',NULL,'$2y$10$.CKa4fqdju0jShhryN/qveAKMT5DCKjGdUE5OFx35a6zR.XEgbMtO',NULL,'2020-09-28 10:28:39','2020-09-28 10:28:39'),(1275,'MUHAMAD IVAN ASHIDDIQ','6715',NULL,'$2y$10$TUvCalCVr2Au2Vmc8YsAPua5zeGlZ7YQ0Qvt2Rbd04NfbTm3Gxqgi',NULL,'2020-09-28 10:28:39','2020-09-28 10:28:39'),(1276,'MUHAMMAD ARIF DANENDRA','6747',NULL,'$2y$10$K7agOtHexT7N7KG6baT5COi7Xy9YGV.mw4nk4hHmhEtLlqop2OtEG',NULL,'2020-09-28 10:28:39','2020-09-28 10:28:39'),(1277,'MUTIARA RAMADHANTI','6610',NULL,'$2y$10$1/ExxJM7TjVp2v3bqlDaWuFc45hZcaPY.XJ59XtybEt7btfQOV9pa',NULL,'2020-09-28 10:28:39','2020-09-28 10:28:39'),(1278,'NABILA PUTRI LARASATI','6611',NULL,'$2y$10$x4qONHjgJt8EajcjCSTkFuBPqyTTC4.F05UhTLDC4EXyM2SKKmNDy',NULL,'2020-09-28 10:28:39','2020-09-28 10:28:39'),(1279,'NABILATUNNISAA','6643',NULL,'$2y$10$ZOkFLm6A65QsG/XDCx/8CemYD6p4r4LZDp8tXNovjtfj9Na0E1/r.',NULL,'2020-09-28 10:28:39','2020-09-28 10:28:39'),(1280,'NATHANAEL SANTOSO','6749',NULL,'$2y$10$ZzUjn6usHAtHIOQSqNRBROf26HGVkMNXFO1z9MjPZQ.1bxH0eGQxa',NULL,'2020-09-28 10:28:39','2020-09-28 10:28:39'),(1281,'NINA RISKI INDRIANI','6613',NULL,'$2y$10$i8yyqXEiwFJ4u21V8qSVRe0ik4SdNQkV.JH6iCQHUeWSBWoLQNAVu',NULL,'2020-09-28 10:28:39','2020-09-28 10:28:39'),(1282,'NURAYUNING SEPTIANA MEGANANDA','6725',NULL,'$2y$10$srfjl36OMVnIOLkaX20kfO3gdTW9Av0fWeNa51A65Eyse229nolpq',NULL,'2020-09-28 10:28:40','2020-09-28 10:28:40'),(1283,'NYAR OSMI ARIANTI','6684',NULL,'$2y$10$xTqUo4hovN8umUUsH0akR.jIhjK2.wfr5t9mh1qBf80uvCov3ljWi',NULL,'2020-09-28 10:28:40','2020-09-28 10:28:40'),(1284,'PESONA BIAS PELANGI KARINA PUTRI','6645',NULL,'$2y$10$BBW5x0g8Ghee5s9g9sxmS.Tydi7mPoBcCKJPxN9uK5GZdnGziU3C.',NULL,'2020-09-28 10:28:40','2020-09-28 10:28:40'),(1285,'RAYHAN NANDA ADIPRAMANA','6727',NULL,'$2y$10$YA8P8X/.UGy.q9xVl3ztsuwgOoOasXwXYUpD6V.ThVGYvZdO4SVa.',NULL,'2020-09-28 10:28:40','2020-09-28 10:28:40'),(1286,'SAFIKA MAULIDA AZZAHRA','6619',NULL,'$2y$10$1dK1fxp8F52wQevOxcvD3eAEKAxBhTRObmoiaibLBQZ4MZJBvG.Dy',NULL,'2020-09-28 10:28:40','2020-09-28 10:28:40'),(1287,'SANIA NAJMA ROSYADA','6689',NULL,'$2y$10$VxIYp8hPRrcxA4f4oAqO9uQzaRcqsdoFx6VkKKhatTWnH6KK0K1Ce',NULL,'2020-09-28 10:28:40','2020-09-28 10:28:40'),(1288,'SYIFA DESNITA','6620',NULL,'$2y$10$s.dgPDdqqDjWITWXLgUSjeMZ9jP9gR7PGCcq9sys3f0/VvJhc3qMS',NULL,'2020-09-28 10:28:40','2020-09-28 10:28:40'),(1289,'TOHA ARROZAQ','6621',NULL,'$2y$10$SPCpyW3sUWJqL9fqdOFcuuAIm3/mvXzSBmUXzyjbUzl6DPcMPy9Hq',NULL,'2020-09-28 10:28:40','2020-09-28 10:28:40'),(1290,'VITA RAHMA ANINDYA','6656',NULL,'$2y$10$sjK20PfXuFknFk84DAkRDegICKpDXN6y/GQV0eUQZCaFq//u/iN.e',NULL,'2020-09-28 10:28:41','2020-09-28 10:28:41'),(1291,'ABRAM DILLON SUGIANTO PUTRA','6731',NULL,'$2y$10$hPLSpl/Nu4MebxkgRqhXkeFiTacarxahki0S3cmSq4vxpE1kWE9JG',NULL,'2020-09-28 10:28:41','2020-09-28 10:28:41'),(1292,'ABYAN YURDIN KAMAL','6624',NULL,'$2y$10$.W9ArcGZSZqdaGyGOPC4y.s4kMo36Rj3LgRx5jzkRdOzO/QDVJafW',NULL,'2020-09-28 10:28:41','2020-09-28 10:28:41'),(1293,'AGNES ANGGRAENI','6589',NULL,'$2y$10$JAvD9LYxA/yIH6MuTdtqw.nbAUo7JDJu5OEFKqN4FBZVWozOT0hUG',NULL,'2020-09-28 10:28:41','2020-09-28 10:28:41'),(1294,'AINUN MUFIDAH','6734',NULL,'$2y$10$htjUatjiQsqQl.iIyJb2Pu4k/v9WecQQPLCVUgdhxw6Us8xS6VcVW',NULL,'2020-09-28 10:28:41','2020-09-28 10:28:41'),(1295,'ANISA SALSABILA','6592',NULL,'$2y$10$kZsBzGQNL0m0urJcm7X.QO9B3Fv8cF.zbNBcqNdxKqmrRmhItcd6a',NULL,'2020-09-28 10:28:41','2020-09-28 10:28:41'),(1296,'APRILA ANASTASIA FLOREAN','6629',NULL,'$2y$10$XVS1t.Bn78b/E6yBuZPpheRSKTwsSQjrAdd2hSKlD5iSW6yx8qU9a',NULL,'2020-09-28 10:28:41','2020-09-28 10:28:41'),(1297,'CATRINE GRACIELLA PUTRI PARHUSIP','6595',NULL,'$2y$10$2txbS1KAyK5uznD132YIB.Wg.vk22sC2flBFG8dKGOiIM8x30P/Se',NULL,'2020-09-28 10:28:41','2020-09-28 10:28:41'),(1298,'CETTA UGAMA','6703',NULL,'$2y$10$zR057K6sEjKHzmP0G//Kzui8cu01R.UapOlVNl0T0FNrlhGc80Rma',NULL,'2020-09-28 10:28:41','2020-09-28 10:28:41'),(1299,'DEVI SYAKIROTUL MAHFUDLOH','6740',NULL,'$2y$10$3B7fUQpv/3lwYkjKcrMeWeX/FOG.P88.a4YTyednONZudvhHQlH82',NULL,'2020-09-28 10:28:42','2020-09-28 10:28:42'),(1300,'DIAN RISKI SARASATI','6666',NULL,'$2y$10$C3Cu6Fs2k8q6MYKLQ8/vOOkek8/ehSat3uUQb0Do3dSI.z5GPgUjy',NULL,'2020-09-28 10:28:42','2020-09-28 10:28:42'),(1301,'DINA KAMILA','6705',NULL,'$2y$10$mF1FI5yrSToW9ihFS/kzHucTOEg.XujuIT3Re8KN.5Goyqdkj17vS',NULL,'2020-09-28 10:28:42','2020-09-28 10:28:42'),(1302,'ELSA ELLISYA RAHMAHADI','6597',NULL,'$2y$10$NdyrI/jzmBjS2TO7TNaLJ.dfTsJFVGH9H8NpXb4GLGNr2u8ggE6Q.',NULL,'2020-09-28 10:28:42','2020-09-28 10:28:42'),(1303,'FAUSTINA FRISKA SITANGGANG','6706',NULL,'$2y$10$cQVHobCpXa8y9vL0tY9TZeX0Vr.mGezkQH5WYCsbMZCAbYx663MhW',NULL,'2020-09-28 10:31:02','2020-09-28 10:31:02'),(1304,'FIJJAY NAUFAL AHMAD','6601',NULL,'$2y$10$fpvC6zr8KoPz3v3o0KF8wulv5Ajrx5.GvVFMdsrEqJpruAM.D9rDS',NULL,'2020-09-28 10:31:02','2020-09-28 10:31:02'),(1305,'ICCA FEBITA PRAMESWARI','6742',NULL,'$2y$10$MvK7Bizys8QE7ZKdx1KNceNHpFmCSucHY5HFFltYsnE/LVYkcQEB2',NULL,'2020-09-28 10:31:02','2020-09-28 10:31:02'),(1306,'IRFAN RAMADHANI','6602',NULL,'$2y$10$tnIEhJGyrVQ.co0vjhDB7eo0roHmmYInV0w314AC.K1om5p1Pvkv.',NULL,'2020-09-28 10:31:03','2020-09-28 10:31:03'),(1307,'LUTFIYAH','6677',NULL,'$2y$10$4tHUTt4WnNvBm9LHP5OvGeuiauiYuW7X2qkXVqyzcZqHiBlyFT7na',NULL,'2020-09-28 10:31:03','2020-09-28 10:31:03'),(1308,'M. INDRA ADI KUSUMA','6605',NULL,'$2y$10$aeSwSrGoerW0LKEQj/o2aOnPbW4aGSQTlPfntVlZOLIjAODHUGfqm',NULL,'2020-09-28 10:31:03','2020-09-28 10:31:03'),(1309,'M. NAUFAL KURNIA RAMADHAN','6606',NULL,'$2y$10$ePivmB2HMY9jd/GkY22oW.FU7r/JjbWM0ovxyCkaxxPtW2pFLc4ri',NULL,'2020-09-28 10:31:03','2020-09-28 10:31:03'),(1310,'MUHAMMAD ADIL SURYA','6680',NULL,'$2y$10$xKKH.5TK9jigvhmO.Mc6F.MxwjCTJtsszFnmIwtR.uA4gYo7zCSOW',NULL,'2020-09-28 10:31:03','2020-09-28 10:31:03'),(1311,'MUHAMMAD HUSSEIN','6681',NULL,'$2y$10$aUk8l6RmCIkvqj9uZtwGZe4Vu/2THrd7BU3IyABX0boRLQ6.jerjO',NULL,'2020-09-28 10:31:03','2020-09-28 10:31:03'),(1312,'MUHAMMAD IZZA AZKALHUDA','6717',NULL,'$2y$10$DRWAFO7q.DI8cm8BTI07iucBK2nIiOooFMr/tr3l30YZouUxteZxO',NULL,'2020-09-28 10:31:03','2020-09-28 10:31:03'),(1313,'MUHAMMAD KHANIF NAUFAL','6748',NULL,'$2y$10$mjijd6fBFsQk44hOzy0.ze5aSGjfs5aLIOoPMeFIOZpyDFWe9UZsW',NULL,'2020-09-28 10:31:03','2020-09-28 10:31:03'),(1314,'MUHAMMAD WIJDAN ANARGYA','6719',NULL,'$2y$10$BeiVyvf/.TRimDt/5vaxCu7tltiiGLgjCMAR0XNTn8IqPl0.dOUdS',NULL,'2020-09-28 10:31:03','2020-09-28 10:31:03'),(1315,'NATHANIA TRIXIE LIYANTO','6750',NULL,'$2y$10$aiApdJvb5J7ZGRCZSZu5seuDXt1wUerg7ad8BmKOo7UdhxHevGPvm',NULL,'2020-09-28 10:31:04','2020-09-28 10:31:04'),(1316,'NIA NURUL IMANA','6683',NULL,'$2y$10$LwXDn3puHcImUFhNO7R0JeJ2jwH6jmGcs/i6tVJtATMcWxwn8.A.u',NULL,'2020-09-28 10:31:04','2020-09-28 10:31:04'),(1317,'PUTRI NABILLA','6726',NULL,'$2y$10$7TXC6NsGGrmweVSxudsW..lDv7iBNRYEkPnWQXJf0OKnhOG3FGFgu',NULL,'2020-09-28 10:31:04','2020-09-28 10:31:04'),(1318,'RIFKA ELYSIA RAMADHANI','6728',NULL,'$2y$10$nroGeTNl15799TnrdU48iOcUDwlShRzFeGaNhPDRef8CUgwujY6mu',NULL,'2020-09-28 10:31:04','2020-09-28 10:31:04'),(1319,'RIYAN ADRIAN WIJAYANTO','6758',NULL,'$2y$10$cL9Fh9mSaxnmP7KyuXXlmee.br2e9Ws13gEHM7plVlBvZ4Ygq7vNG',NULL,'2020-09-28 10:31:04','2020-09-28 10:31:04'),(1320,'SABILA AHMAD','6759',NULL,'$2y$10$79Gf0UFyl7L3cG1erzNE..cv6by9AauVe5F5Wf4Y7bgojiFGQk.2a',NULL,'2020-09-28 10:31:04','2020-09-28 10:31:04'),(1321,'SALSABILA CAHYA RAMADHANI','6762',NULL,'$2y$10$BiuaAKKutwpCpOxcxNX/wuz20oxBELVIueftp5s.RzHZ/tK3K2eme',NULL,'2020-09-28 10:31:04','2020-09-28 10:31:04'),(1322,'SEKAR ARIANI QISTHIA','6690',NULL,'$2y$10$jHK8SOxyKmeYUFA5j1FOo.NRJscjTO5ZU1diRtzBTdr9OtYbnPsdS',NULL,'2020-09-28 10:31:04','2020-09-28 10:31:04'),(1323,'SELA RISQI PUTRI WIBOWO','6652',NULL,'$2y$10$jBmUtRWgwlxOrw7fhSCEGOkfhAjdGcTgH0H9GaXYLEdWPU/mlZVcm',NULL,'2020-09-28 10:31:05','2020-09-28 10:31:05'),(1324,'SITI ANDRIANIS','6653',NULL,'$2y$10$t5fJAjBwwSh9F/1a4MM.e.sWf2KVTUM.dIozEv3tSYna0yXWV5o92',NULL,'2020-09-28 10:31:05','2020-09-28 10:31:05'),(1325,'SURYA LESMANA','6654',NULL,'$2y$10$Mdo/Qe/1TkBuWdlOgJf9JOhSzK6LP.mI9Cd8JKmMtPhLhXGUiLCs2',NULL,'2020-09-28 10:31:05','2020-09-28 10:31:05'),(1326,'YUSMALIA FAJRI TANAYA','6694',NULL,'$2y$10$DvEuQ5o.rsxmsmwbxXgjtOjTFxgHpdKao/dhorK4CkM/5UMHYYc/2',NULL,'2020-09-28 10:31:05','2020-09-28 10:31:05'),(1327,'ABSANA MUTIARA NABILA','6659',NULL,'$2y$10$tfE5VqI3sbIGpsCSloe7/eWidNzZyP.MRuOTv0StR3JenuZBcKZoG',NULL,'2020-09-28 10:31:05','2020-09-28 10:31:05'),(1328,'ACHMAD IVAN YUGAVA','6695',NULL,'$2y$10$YL3CDON5GHmo2OAxk6VW9uEuLAkI/hGQukS3eEjlud6hXaSMYtYu.',NULL,'2020-09-28 10:31:05','2020-09-28 10:31:05'),(1329,'ADELIA PUTRI YUNITA','6588',NULL,'$2y$10$Ej.smMCuPxMZi5S867vOpuuA5GJr6OxDFvcYBcf4pbapbPYJ7U4am',NULL,'2020-09-28 10:31:05','2020-09-28 10:31:05'),(1330,'ADHE IMAN NUGRAHA','6660',NULL,'$2y$10$F.TfWtrv0o3mPvUpHOTSceqT9hyKSwgnonqoH2VVYUL6TsI/A5Jnm',NULL,'2020-09-28 10:31:05','2020-09-28 10:31:05'),(1331,'ALIKA RISQI HANDAYANI','6697',NULL,'$2y$10$5xMLSUoxCqHbyP1e4p1u0OQ5DlQ3SgHCvYg/fs6gqrTt5j8u5L3iK',NULL,'2020-09-28 10:31:06','2020-09-28 10:31:06'),(1332,'ALLYA SOFIANA ASSYIFA','6663',NULL,'$2y$10$IiilH13vEkbqvGUltojo5eH1mzjW8kstzNE5BYbUg4Dw5Gfq2ggcG',NULL,'2020-09-28 10:31:06','2020-09-28 10:31:06'),(1333,'AMANDA PUSPITA SARI ARIFIN','6698',NULL,'$2y$10$FTsdNCP5PyYlv.YEWu.NeeECCnY1WNNVvdAOfQe/vfa6lyKBJPbPC',NULL,'2020-09-28 10:31:06','2020-09-28 10:31:06'),(1334,'APRILIANA SHELMA KARAMI','6699',NULL,'$2y$10$gaqdsaL3reBNXJdOTCIAkeXFKAYPXqE2QjpIF0X7cCPimJ2NglRgS',NULL,'2020-09-28 10:31:06','2020-09-28 10:31:06'),(1335,'AZANZI BAGUS PRATAMA','6593',NULL,'$2y$10$aHDvb2PMI2NRyBRcGj1IouzBUEpeB1M9Q/AHRbsVwNdYAvBuOwBHW',NULL,'2020-09-28 10:31:06','2020-09-28 10:31:06'),(1336,'BELA SABRINA','6594',NULL,'$2y$10$aXiopF4v/L4EX1MmTs5bOeK1mbTROU7qbGe2DrNkvA9kRGB8clnla',NULL,'2020-09-28 10:31:06','2020-09-28 10:31:06'),(1337,'DIMAS ADI PANGESTU','6667',NULL,'$2y$10$4BM11lI5nPdIu/dlQS6Bf.kSV12.3mgUEEPIsi8N2HT46JmzvKDoK',NULL,'2020-09-28 10:31:06','2020-09-28 10:31:06'),(1338,'EUNIKE SEFIANI IRAWAN','6633',NULL,'$2y$10$TdcuvBQyKhQWTdLQaGQwC.H8WQDGyTEdFv8.TgJFiJQp1JNp.lnVW',NULL,'2020-09-28 10:31:06','2020-09-28 10:31:06'),(1339,'FELENA DINDA SENTIKA','6600',NULL,'$2y$10$EWWUP/goHDREae7xabk0Ru5UxZ.sfZcRN5gFYp//omSPvBZaPhc4O',NULL,'2020-09-28 10:31:06','2020-09-28 10:31:06'),(1340,'KAFIN AKBAR','6743',NULL,'$2y$10$N5aNejKrd5/q3US/xPlfNOd4gfjxyaSJk7Gd/kHBy/kKflAMFASwy',NULL,'2020-09-28 10:31:07','2020-09-28 10:31:07'),(1341,'LIA AGUSTINA','6711',NULL,'$2y$10$xXZBA18jJoRSpXg7m1g4ne0mNmbPNZB/lsth.suOYoEXcG3kQG2c6',NULL,'2020-09-28 10:31:07','2020-09-28 10:31:07'),(1342,'LULUK RAHMAWATI','6712',NULL,'$2y$10$u2mk1Zs5ni5PPxvm8QxHuuIluKi9yDPwTRWy6mnbC7M6jk.Uy2fni',NULL,'2020-09-28 10:31:07','2020-09-28 10:31:07'),(1343,'NADYA MAYLA PUTRI RAHMADANI','6722',NULL,'$2y$10$xX2ptKAaOinIc6ZtHNwIpuFFYlCZpTMzfoDrakzewg/4zTcTIIzgC',NULL,'2020-09-28 10:31:07','2020-09-28 10:31:07'),(1344,'NAJWA AULIA','6723',NULL,'$2y$10$wd1aiydCgeOgmmgU006v.uN4YsiG6NSyhCDDXj2cU7XLVNzKcqzbO',NULL,'2020-09-28 10:31:07','2020-09-28 10:31:07'),(1345,'NAYRA ARDANIA','6724',NULL,'$2y$10$z9QurqB32FZIFqiPQDwLj.soIECoQi45hPldKCA9BNmXSNTwNMbu6',NULL,'2020-09-28 10:31:07','2020-09-28 10:31:07'),(1346,'NILAM LINGGA ASTRYANI','6751',NULL,'$2y$10$gqyOqiNgClda2eX3ygcqqe1Lp4o/jfmkXX/JvO8w2OkmLxt6zipG2',NULL,'2020-09-28 10:31:07','2020-09-28 10:31:07'),(1347,'NUR AINI HANIFAH','6752',NULL,'$2y$10$y.QYMKnfHci/L40h2Mdha.5H/1n0cVY2wMoElB.p7U/0JSiJTlhcO',NULL,'2020-09-28 10:31:07','2020-09-28 10:31:07'),(1348,'PUTRI AGNES CANDRANINGTYAS','6614',NULL,'$2y$10$1MhGjTrBEQiLDoijG5OafuUdqP.Vnm3P.rMNSropsVnAkbBr/zSEG',NULL,'2020-09-28 10:31:08','2020-09-28 10:31:08'),(1349,'RACHEL SAVITRI','6755',NULL,'$2y$10$PBqRiLMs/4BKFc0kzsDM4O4kwx7Su6ScW52hGEGQ5LoBsvos3G3Ru',NULL,'2020-09-28 10:31:08','2020-09-28 10:31:08'),(1350,'RAYKHAN ZULFAR MUSYAFA\'','6685',NULL,'$2y$10$SKGa5Dhl3SrVQylfgLswHOq/XmmhEBscjN9jGpV5Qon0HKMKzunjS',NULL,'2020-09-28 10:31:08','2020-09-28 10:31:08'),(1351,'REGITA AULIA KHANAFI','6615',NULL,'$2y$10$ieWkhrHD62H7yQRKvBxsPOnX6bU5mlGX781lLwdxfEYhNRDXUEiXO',NULL,'2020-09-28 10:31:08','2020-09-28 10:31:08'),(1352,'RHEZNANDYA PRADIPTA','6616',NULL,'$2y$10$vqM2EFEKOI2zFzSUsDWaQ.6zaAHwkY7roKxCo5x7RPUMFUGNwoXEe',NULL,'2020-09-28 10:31:08','2020-09-28 10:31:08'),(1353,'ROSI ELSA MARIANA','6650',NULL,'$2y$10$TsXmllKad/V3ETXPkeYbWef9ajjbNGw6u6cWBXAtXa6QNzERb6.2a',NULL,'2020-09-28 10:31:08','2020-09-28 10:31:08'),(1354,'SABRINA WANDA OKTAVIANI','6760',NULL,'$2y$10$JUIT/DWN2t6ND8F4aFIrJ.WsXZcVE6c6NQdU7Di7hVuK24d..0VSm',NULL,'2020-09-28 10:31:08','2020-09-28 10:31:08'),(1355,'SAHPUTRA DIMAS PRAKOSA','6761',NULL,'$2y$10$ev06q2D/2yOkJwMVhU7NpeEqAf74puQWvpZcf0hvF7PVTaaZyeG6a',NULL,'2020-09-28 10:31:08','2020-09-28 10:31:08'),(1356,'SANDY RIZKASOFA','6688',NULL,'$2y$10$Cua/VTbt9PRnLUcLcnwwtOIVLHcjP9Hv08s3NyzAgWDKv5r4EaUp.',NULL,'2020-09-28 10:31:08','2020-09-28 10:31:08'),(1357,'SARAH NABILA LAILA','6763',NULL,'$2y$10$AgkUBRegTaFozfOskGxxqegcP84zwajoP3p4v6tCL2GjJt47I2cme',NULL,'2020-09-28 10:31:09','2020-09-28 10:31:09'),(1358,'SHINTA AULIA MAHARANI','6691',NULL,'$2y$10$H43TZeXGsC4aDydO2sB1a.l47QQravw1DrbVq/E/Qt1lMyCr6FNra',NULL,'2020-09-28 10:31:09','2020-09-28 10:31:09'),(1359,'SYIFA AMALIA PUTRI','6692',NULL,'$2y$10$YT4v.wfpXsJ810prZXCSluqnoMXfZI0QNvA1q/rDKInZndF4SIaMC',NULL,'2020-09-28 10:31:09','2020-09-28 10:31:09'),(1360,'TRIFENA','6693',NULL,'$2y$10$QiB6FPUn5gODcwlBPuEuDuh/g7SQK0Y7KEvhm2YLU/YyGtn.Ksrvm',NULL,'2020-09-28 10:31:09','2020-09-28 10:31:09'),(1361,'WIDYA WAHYUNING WIJAYA','6765',NULL,'$2y$10$PBfp5.GZACe1sIVLjVkeneDQBH8Sl33MqEwVn84MgFy13w0CXCtvK',NULL,'2020-09-28 10:31:09','2020-09-28 10:31:09'),(1362,'YEREMIA NELSON KURNIAWAN','6657',NULL,'$2y$10$5Qz4PHbVNk0Sj327TzjqEuyENLTHZVatesrVanPENJoOtMTXOw.qe',NULL,'2020-09-28 10:31:09','2020-09-28 10:31:09'),(1363,'ADITYA YUDHA AL SYAFIQ','6732',NULL,'$2y$10$VLRvFt9DuzroqDXPZn7m9eCN0UABSyUOCOY3HJS13FRZs6tmwPXRC',NULL,'2020-09-28 10:31:09','2020-09-28 10:31:09'),(1364,'ADRIANO ABELIONATHAN','6733',NULL,'$2y$10$JxFuE/utuTgOR7bt1CpJSubaFuqWi76WzHcB0OyZw0n2zuY0VmrsG',NULL,'2020-09-28 10:31:09','2020-09-28 10:31:09'),(1365,'AISYA NURUL FALLA','6590',NULL,'$2y$10$VjZjvvIjhUR/YKaeamc7gOFcSSjbsRzb.QwuKLAQMCNhxaVDOU5dy',NULL,'2020-09-28 10:31:10','2020-09-28 10:31:10'),(1366,'AKHMAD RIZKI ARDISAPUTRA','6625',NULL,'$2y$10$ZFW0ViLBVxmyQkj3yqCxE.4bZI5z4Pg2/9hyi.7GHtxYkZbKokxUK',NULL,'2020-09-28 10:31:10','2020-09-28 10:31:10'),(1367,'AKMALA DINA RAMADANI','6591',NULL,'$2y$10$zniJ8bwwtL8Bew/2hYtFr.04A1.Rq1Ijo4XTVZC38ABbJGfNNpvOy',NULL,'2020-09-28 10:31:10','2020-09-28 10:31:10'),(1368,'AMIRUL NUSWANTARA ADLI','6627',NULL,'$2y$10$HGM1q9T2RWYp4139Eu1YN.ovZiiD5GugjHgR8U/Ua11Y5pEPckIkq',NULL,'2020-09-28 10:31:10','2020-09-28 10:31:10'),(1369,'ANDHIKA PERMANA','6736',NULL,'$2y$10$YOAhFoT1g1TFp7ktUgMEKeT991Rht2dM1YgNQfQRSpPMVhEgH/6mG',NULL,'2020-09-28 10:31:10','2020-09-28 10:31:10'),(1370,'AWFIYAH AGHNA WIDYANDHARI','6701',NULL,'$2y$10$pnewzbSBySvs95lI/nhMm.WULKqw.for3Jv.CS1nwcUFGhr/aQXP.',NULL,'2020-09-28 10:31:10','2020-09-28 10:31:10'),(1371,'CHANTIKA ARTAMEVIA','6632',NULL,'$2y$10$BLqcUvCNdIDiZ6IxiWmN/uqTi6o2RVA1TnlXCNg3nigMRxRlMRhd.',NULL,'2020-09-28 10:31:10','2020-09-28 10:31:10'),(1372,'CHELSY RACHEL DWINDASARI','6596',NULL,'$2y$10$56VVHdWuvPVYNmooPkxlNeCuTfvnbj/3a.JsHYJIcI1AFyBgRUfcW',NULL,'2020-09-28 10:31:10','2020-09-28 10:31:10'),(1373,'DIMAS RAHAYU SAPUTRA','6741',NULL,'$2y$10$iBtKE1xv6uU.4Gz566rnpeLjAIbmlE9hOgRlzCPNfgG.OSKrWwKY.',NULL,'2020-09-28 10:31:11','2020-09-28 10:31:11'),(1374,'FANINA HUWAIDA','6599',NULL,'$2y$10$XYQfaQEygDx3He.PRV6UQuoGSzpiXZQRYiKvhbJ8Yrhw6XboBiaCG',NULL,'2020-09-28 10:31:11','2020-09-28 10:31:11'),(1375,'GINA MUTIA NURROHMAH','6671',NULL,'$2y$10$2QoXGp92VKziQj82G0ytouSMue6oklPDcX5pqWRB9hjGpaaSbPVFq',NULL,'2020-09-28 10:31:11','2020-09-28 10:31:11'),(1376,'GITA FATIKASARI','6634',NULL,'$2y$10$gOlZy3Y34SojLq8gVvdiQ.F7FnXn1fcnioWXq6261CQJF3CsEoTbK',NULL,'2020-09-28 10:31:11','2020-09-28 10:31:11'),(1377,'HENDRA FEBRIA DAMARA','6673',NULL,'$2y$10$x82P51qHK38aa/m.j0GHheOe0cBJRlU6VQfgeFPJrtij7Ct87v1PO',NULL,'2020-09-28 10:31:11','2020-09-28 10:31:11'),(1378,'HILMY DANY RAIHAN','6674',NULL,'$2y$10$/mYdVxUo01az./2rm0D0LuH8AUQNQiFZ8p2SKvUvFHZc.2xxNPhmu',NULL,'2020-09-28 10:31:11','2020-09-28 10:31:11'),(1379,'HIMAWAN JOYO MAHARDIKO','6636',NULL,'$2y$10$9UDoH0q1g5LYre0BNCwVVeAkyxiynlKy0iSQ2nyA98sqoX7uFrnDG',NULL,'2020-09-28 10:31:11','2020-09-28 10:31:11'),(1380,'IMMANUEL NUGROHO','6710',NULL,'$2y$10$oJ2EhbBJ0pAta658l36tmu6W.8NN1k4mhGfW/rhbbRLb6Jr9rVgfO',NULL,'2020-09-28 10:31:11','2020-09-28 10:31:11'),(1381,'KURNIAWAN DWI SANTOSO','6637',NULL,'$2y$10$j0ZmsD74lq/miLdvBl7h8eWfIkyEvrfl/m6.gR2sZwo.9wa2a4l9O',NULL,'2020-09-28 10:31:12','2020-09-28 10:31:12'),(1382,'LEONARD CHRISTIANDRO NGORANUBUN','6638',NULL,'$2y$10$OLnNIvZNN0HEn.KU9D83YOHa1pe3s22HUn.ZS2qMN2FsUKnz7g/HW',NULL,'2020-09-28 10:31:12','2020-09-28 10:31:12'),(1383,'M. ARIEL AL-FARIZ','6603',NULL,'$2y$10$kG7B37LlTKP/dnumJVLiquYdhe0TdHQIky6h/MjdhLeNwuferRWXa',NULL,'2020-09-28 10:31:12','2020-09-28 10:31:12'),(1384,'MARISKA ANDINI','6639',NULL,'$2y$10$zwesWXIIAJEByK.m74Rtd.zvy3LhFaheEtYvxG3GM/JFoOompifoS',NULL,'2020-09-28 10:31:12','2020-09-28 10:31:12'),(1385,'MAULINA SALIMA BISMIKA YA ADZIM','6679',NULL,'$2y$10$ngRJLxfombMpRjYZ4NobLOmeCLrDe2fPjc8E7OhRptkaPwTznYoIO',NULL,'2020-09-28 10:31:12','2020-09-28 10:31:12'),(1386,'MOHAMMAD DWI IRZA RAMADHAN','6607',NULL,'$2y$10$1Mr6QkE1QQSDe7ifAes92ea9kJ17jj.4e1n.jzNHNmuhHCMQROvY2',NULL,'2020-09-28 10:31:12','2020-09-28 10:31:12'),(1387,'MUHAMMAD RIZQI WIJAYA','6609',NULL,'$2y$10$.zH3hpCBOAiyQGhb5CEQaeJbKZ2uT2vjYJ4Fg3/h7ArqN2Q5WRDPi',NULL,'2020-09-28 10:31:12','2020-09-28 10:31:12'),(1388,'MUHAMMAD SA\'AD NUR FATHUDDIN','6682',NULL,'$2y$10$eF4KhjY8yj4/z5TWFFuIluFt3l6oOjVjbTMErhubyqTdv.eZGINIa',NULL,'2020-09-28 10:31:12','2020-09-28 10:31:12'),(1389,'PUTRI AMALIYA','6753',NULL,'$2y$10$Vy1GpgEbDyUb8Ojc5195IeSyX7d22nImOKPOON7CINGMCiIb2fdWG',NULL,'2020-09-28 10:31:12','2020-09-28 10:31:12'),(1390,'RATU ARINI ASTARI','6648',NULL,'$2y$10$bZfgJf.GAKxa3kH3z.HHlOzXeP1zhXRuEp1XI761hJoYn/WS4TTaC',NULL,'2020-09-28 10:31:13','2020-09-28 10:31:13'),(1391,'RINA RAMADHANI','6686',NULL,'$2y$10$H1oMEMdhcap7Gsmn7IITUu8WWmivypafYZ/.sVrmqdQZAhg5KWAjC',NULL,'2020-09-28 10:31:13','2020-09-28 10:31:13'),(1392,'SABRINA ZAHWA KAMELIA AYUSTI','6651',NULL,'$2y$10$uKPYAJMv3a59FLcuMOVsV.COWY02622XaDWpvCWdcjBNdDMrOlPL6',NULL,'2020-09-28 10:31:13','2020-09-28 10:31:13'),(1393,'SIERA RADINKA','6764',NULL,'$2y$10$asazM38c5BqGZhedLI.5j.nPA.jAUu7hJp2LOiIQM5L6QN6riP18O',NULL,'2020-09-28 10:31:13','2020-09-28 10:31:13'),(1394,'SYAIDAH SUNNIYAH','6655',NULL,'$2y$10$.S/xncq67Yo3Vic9LaauTOMHR7m2s1O/vVJmA3cvz3bkOmlE67TGG',NULL,'2020-09-28 10:31:13','2020-09-28 10:31:13'),(1395,'TRI BUANA TUNGGA DEWI','6622',NULL,'$2y$10$xwRVfSFmD1zJX2j29pMAuOJWZXISogHXVRZG4B8NiGg53KgoXqu6i',NULL,'2020-09-28 10:31:13','2020-09-28 10:31:13'),(1396,'ZAHRRO NURSITA SARI','6623',NULL,'$2y$10$uTjrY9SSrnOAPhT6JvsC1uq5uu3BKbET5lzxIbKNE0wP2mliBgfIS',NULL,'2020-09-28 10:31:13','2020-09-28 10:31:13'),(1397,'AMALIA KUSUMA CANDRA DEWI PUTRIYANSYAH','6735',NULL,'$2y$10$uLZofFUouRn0JSDujzMMaOJwZfWuzZi1JdxC/V6NRqnJLzX1SJ8cu',NULL,'2020-09-28 10:31:13','2020-09-28 10:31:13'),(1398,'ANITA APRILLIA','6628',NULL,'$2y$10$cnTSqNHnaf.5kwiw2NU/Y.Q4fYAKvtNOckFPzIGLWxnt9sdjDtHau',NULL,'2020-09-28 10:31:13','2020-09-28 10:31:13'),(1399,'ARLYN KUMALA DWI HAPSA SULISTYA','6700',NULL,'$2y$10$vnIXVs.ZqF44JYPVYGQzzOTKEoRGaanEScWgGhA2o8vIqlSjyWCwW',NULL,'2020-09-28 10:31:14','2020-09-28 10:31:14'),(1400,'BALGIS RIZKI AULIA','6738',NULL,'$2y$10$nkKKUfguMksZe1y3t3XhyuhN4C4a11K9JuyLAYgSsbSSIYJhLdUXy',NULL,'2020-09-28 10:31:14','2020-09-28 10:31:14'),(1401,'BRIGITA ADEILLA ZERRIN NAVIOLA','6739',NULL,'$2y$10$sZsz6j/rPoaSf4PrXSfdxODxLUu83ecQLWyCl9fIn6UD3aMKBA8a.',NULL,'2020-09-28 10:31:14','2020-09-28 10:31:14'),(1402,'EVIE SUSANTI','6598',NULL,'$2y$10$wKQVpzg61aNmwo4z.ZvWluLZceiUdO8QB3ZrmyENqV6EaTxC440Oy',NULL,'2020-09-28 10:31:14','2020-09-28 10:31:14'),(1403,'FAREZA BALQIS','6668',NULL,'$2y$10$Cdbf/uTbfH990UOOm1HXSeeJNzvTU8/yJ0SXICLCJ2P4Yn6JLlApm',NULL,'2020-09-28 10:31:14','2020-09-28 10:31:14'),(1404,'HIDIER MANUMAYASA','6709',NULL,'$2y$10$37FVnHeG3iLzhHk79w8sGOrdrjHIVRsVMefD1EekzayIN2aUoDj5.',NULL,'2020-09-28 10:31:14','2020-09-28 10:31:14'),(1405,'IMTIYAZ SALSABILA','6675',NULL,'$2y$10$nS.5Um90lRCUaBXaPVAJc.6FBwXZsu5TI2EOv/2OzGwMja5TTgRwW',NULL,'2020-09-28 10:31:14','2020-09-28 10:31:14'),(1406,'M. ARTHUR WIJAYA','6604',NULL,'$2y$10$ASttrPNzHQ.Vg9s3fff7au6RC4uzF/m3n6psqDjKG30NwjLcf0tdG',NULL,'2020-09-28 10:31:14','2020-09-28 10:31:14'),(1407,'M. RYAN SETIAWAN','6713',NULL,'$2y$10$fkSoQaBotfIkuXb4ILptz.IygN7d6SOO9FmObjTiN./mC9ZkGPgqe',NULL,'2020-09-28 10:31:15','2020-09-28 10:31:15'),(1408,'MELANI LU\'LU\'A','6640',NULL,'$2y$10$qaxFCBy4coDti83rZtNSN.LrIvOjcn0OT1u583peuvS5SddORAhFO',NULL,'2020-09-28 10:31:15','2020-09-28 10:31:15'),(1409,'MESYA PUTRI HAPSARI','6714',NULL,'$2y$10$H2NOeMEK/oxy615It11XU.CGYa/iStSpyY0lEWMEte7.2muNsAavC',NULL,'2020-09-28 10:31:15','2020-09-28 10:31:15'),(1410,'MILADINNUR SALMA','6641',NULL,'$2y$10$0f9g4O0ZuEZ7ybDekJ8bjOnMCq4CdxyaqrH1IqycF0a99AKbcFKda',NULL,'2020-09-28 10:31:15','2020-09-28 10:31:15'),(1411,'MOH. HARISUDDIN ZUL HILMI','6745',NULL,'$2y$10$j3iMSAqRmPricYVvCWbAH.y3y5lb0UeYBvPOCLfd72Vpge1Y34WXS',NULL,'2020-09-28 10:31:15','2020-09-28 10:31:15'),(1412,'MOHAMMAD ADITYA NUGROHO','6746',NULL,'$2y$10$8PaQTxbHX5I6wnSaAkozC.Piaa48UTwCW7Vg7e2d31GTEequxiCHe',NULL,'2020-09-28 10:31:15','2020-09-28 10:31:15'),(1413,'MOKHAMAD MAULANA MAGRIBI','6608',NULL,'$2y$10$kxakeIydGkhFt2d7t5MK9OE0w2lcSSRed.oNSCarW6HlS8MBKuRbS',NULL,'2020-09-28 10:31:15','2020-09-28 10:31:15'),(1414,'MUCHAMMAD ILHAM NAJIB','6642',NULL,'$2y$10$3zUgsTiAZHeMHs5smO.P.ei6BSbvUSUJylnAdpVnovq4MHyV//Emm',NULL,'2020-09-28 10:31:15','2020-09-28 10:31:15'),(1415,'MUHAMMAD EPRILIANO SANTA ARWI','6716',NULL,'$2y$10$wxkNSEooYmNgwaR9cciKKOTrMRdlyI3OaAJ.jYNaJ8vkG93ysLNfm',NULL,'2020-09-28 10:31:16','2020-09-28 10:31:16'),(1416,'MUHAMMAD SHOBRI','6718',NULL,'$2y$10$V1jH/r5JMzVqwgHLYtAdBuEJTreB/1mgAvEinivTJIBqXykPpQJXS',NULL,'2020-09-28 10:31:16','2020-09-28 10:31:16'),(1417,'MUHAMMAD ZHAFRAN PUTRA PRAKASA','6720',NULL,'$2y$10$T6JevYZegrjtjwc4RTey9eJ3SUQbqSUmJyzscQcrtr4F/txSmNk9i',NULL,'2020-09-28 10:31:16','2020-09-28 10:31:16'),(1418,'NADYA CAHYANI PUTRI','6721',NULL,'$2y$10$ccHGFKZU4KU4Tu3HfZgSWOLc9iZ3NqIWpYeevOt4uKHDSrWQiHPF2',NULL,'2020-09-28 10:31:16','2020-09-28 10:31:16'),(1419,'NAELA SAADAH','6644',NULL,'$2y$10$0cVl44xK0P77wWevxlBIwupiMrbdPttOfxsuNbf0Cw.SLkYc57fkK',NULL,'2020-09-28 10:31:16','2020-09-28 10:31:16'),(1420,'NASYWAA ANGGITA RAMADHANI','6612',NULL,'$2y$10$9J2DykhmwpRbcwpwXEGJ/OkT3S9y0Mhto7yYTC71K7.bILz.FlQr.',NULL,'2020-09-28 10:31:16','2020-09-28 10:31:16'),(1421,'QONITAH NAUFAL DAHBUL','6754',NULL,'$2y$10$SdVJikQ8thVy0bi7kDbe1ud/aTSH7ZM9fWtTLwY44O57h/lXM1Cfy',NULL,'2020-09-28 10:31:16','2020-09-28 10:31:16'),(1422,'R. ALPHA MATIN ISTIFFAN PUTRA','6646',NULL,'$2y$10$9BVc3vBC8UUCzSLm9IYLO.9EMVk3l5bKtr/J2UTCzqHUgK5T5TbU.',NULL,'2020-09-28 10:31:16','2020-09-28 10:31:16'),(1423,'RAIHANU SHIFA MUSHAFA','6647',NULL,'$2y$10$z7J0Cqz7VflwIeLa/VDBnODm/zoXwErqHGOIT2hAEBPxumaaZhR1S',NULL,'2020-09-28 10:31:17','2020-09-28 10:31:17'),(1424,'RAISYA ERACHMIA NASTITI','6757',NULL,'$2y$10$eR1QoAdgfWJUxU5RMZrAou0QUanzdqkrD/nbLcxBWlUlUiU.fbpCi',NULL,'2020-09-28 10:31:17','2020-09-28 10:31:17'),(1425,'REYVAN AVERYL FARADANA','6649',NULL,'$2y$10$HrxF81s0T5h8Rg4RtAICouW.Bb7V3ftMwa6hllQpPeY4MNZcHD6Ba',NULL,'2020-09-28 10:31:17','2020-09-28 10:31:17'),(1426,'RIZIQ ASYSYA\'BANI','6687',NULL,'$2y$10$Bwjc.akco5e/.x7yQeJI6OVlYjaLRTyjSYrKc6ZnsVOykc8A63Uqq',NULL,'2020-09-28 10:31:17','2020-09-28 10:31:17'),(1427,'ROHIMA CHOIRUL HANA','6617',NULL,'$2y$10$43Y7ADDtOmYUEFu5OEgvluRz6a9vkFBzAFOjDPSmUPmxLDypwnPnC',NULL,'2020-09-28 10:31:17','2020-09-28 10:31:17'),(1428,'RUT SETIA HERAWATI','6618',NULL,'$2y$10$MR5I15lZcpZnSv4IFZID8u2btbzypLlnJbmLAAzIcbLCDOhukdY2.',NULL,'2020-09-28 10:31:17','2020-09-28 10:31:17'),(1429,'ZAIDAN NUR ADITAMA','6766',NULL,'$2y$10$DsNXwEqwzBaXIifsF1QjpOIE6YR5N44Dicl3vLc2/Uw3ZXxU7vZ.W',NULL,'2020-09-28 10:31:17','2020-09-28 10:31:17'),(1430,'ZIDAN NABILA','6658',NULL,'$2y$10$TjG2iHwHkwmnMdVUU7DHn.MUiXsw98Fz3ddYUZrOLnHJqvu/mHQPK',NULL,'2020-09-28 10:31:17','2020-09-28 10:31:17'),(1431,'ZULFIKAR ALIF MAULANA','6730',NULL,'$2y$10$k7AeoMammNdz4yiccLOdEOE9mJ6CUGUYbm4.w.Zh/8O6pHa2XHEIC',NULL,'2020-09-28 10:31:17','2020-09-28 10:31:17'),(1432,'AKMALIATUL KHASANAH','6767',NULL,'$2y$10$ZMZBjCDa5jYFOARI/NEVv.1h/oa39922CwrhiEldicMTVY2EYDhQq',NULL,'2020-09-28 10:31:18','2020-09-28 10:31:18'),(1433,'AMIQOH TSANAULAILA','6768',NULL,'$2y$10$U/zq7IJNjAhEE7K/QaZw8e9CJRXeVGEfVVQMgnNir5RPOCXRFIWNK',NULL,'2020-09-28 10:31:18','2020-09-28 10:31:18'),(1434,'AMMAR BAWAZIR','6769',NULL,'$2y$10$ZGlYVX2Ge8THcZOxJBgaOeZ3n71kcZlv6KGLhVaHjkbZpjAUQK6f6',NULL,'2020-09-28 10:31:18','2020-09-28 10:31:18'),(1435,'ANDHINI YUNIARTIKA','6770',NULL,'$2y$10$ehwZMO30ctPJr/gjiFd3suFCWOgw.sUrnpxC.MGLcoJ6YNT9QKipK',NULL,'2020-09-28 10:31:18','2020-09-28 10:31:18'),(1436,'AULIA INSANI','6771',NULL,'$2y$10$0PqkyUe5XiOlBTCeuwVHqOK580A4ppfygTzxCQwn8zdOAzjuvPVxa',NULL,'2020-09-28 10:31:18','2020-09-28 10:31:18'),(1437,'DINA NUR ADILLA','6773',NULL,'$2y$10$fq/o1.oBH9Bog2hNFQC00e1iVyAeBdpSSiI/gY8TwWqjAsGQ4alRC',NULL,'2020-09-28 10:31:18','2020-09-28 10:31:18'),(1438,'DYAN WIDJOYANTI','6774',NULL,'$2y$10$QqFH3toEFuLLmUos3n7SeezfCKjPhRrofgtadW77ROtstp34bwAhi',NULL,'2020-09-28 10:31:18','2020-09-28 10:31:18'),(1439,'ISADA IKA NINGRUM','6775',NULL,'$2y$10$KswgtQ5K.NmvDy/UmEjRRu8DzCxAm.SBX3nZ.R9HWn1.zel4jRuIe',NULL,'2020-09-28 10:31:18','2020-09-28 10:31:18'),(1440,'IZUN NAJA NAHAR','6776',NULL,'$2y$10$8LLsg7t0/2XtI/y1zMuQ1OJCeSCpm8cOMpSzEffsK2b/LriHiaqM.',NULL,'2020-09-28 10:31:18','2020-09-28 10:31:18'),(1441,'MAHARDIAN FAJRI','6778',NULL,'$2y$10$nfvePXg/Ge8ezHRbvow3S.HVrI.97rhRoq04VJqlo8GL2LvV8xa0S',NULL,'2020-09-28 10:31:19','2020-09-28 10:31:19'),(1442,'MAR\'I HUSEIN','6779',NULL,'$2y$10$2PL301i4lGkN7MKWYaend.r1hL.I8dm3gRt7DT8YvC4Ja0zVTNEbi',NULL,'2020-09-28 10:31:19','2020-09-28 10:31:19'),(1443,'MAULIDA RAHMA','6780',NULL,'$2y$10$mHS4gjD1F5IUVGiCpFIN9uUbI/AEdgJSg35/1Ca./eSP5JSAuI1Ji',NULL,'2020-09-28 10:31:19','2020-09-28 10:31:19'),(1444,'MU\'AMMAR RAFI','6781',NULL,'$2y$10$ISwX.RRAF7NxLMxVLtFJs.6B4WeP1nrfSQtf4F/hRy7kucqbWquvy',NULL,'2020-09-28 10:31:19','2020-09-28 10:31:19'),(1445,'MUCHAMMAD NABIL','6782',NULL,'$2y$10$Rci8cBkYZzoM6GHxx6zrnO9/88NnoS2K9obbahXQ1Ap6xKa0WJme2',NULL,'2020-09-28 10:31:19','2020-09-28 10:31:19'),(1446,'MUHAMMAD BAGAS FIRMANSYAH','6783',NULL,'$2y$10$RbeoMJyHjJH5D84iBkB6d.W3U9/bYgxE/DB1JXSjiXO9S8CzztWQ6',NULL,'2020-09-28 10:31:19','2020-09-28 10:31:19'),(1447,'MUKHAMMAD RAIHAN','6784',NULL,'$2y$10$WOxE7QYxKinqWNZ0Eftu3u8Y/bsUvfYcdl.FALyDgKUVvIpVmRidG',NULL,'2020-09-28 10:31:19','2020-09-28 10:31:19'),(1448,'NABILATUNISA','6785',NULL,'$2y$10$C3WqEv/8nGffedMHmWPyCedsfkfvLVCjIL2G4NUxwWoN7j6hI7Xf6',NULL,'2020-09-28 10:31:20','2020-09-28 10:31:20'),(1449,'NAJIH AHDA SABILA','6786',NULL,'$2y$10$7GCOSHQdSGBpDBjeoFejAOFPRDGytVrtEg8ZIETgp7PRKm5fmqRzi',NULL,'2020-09-28 10:31:20','2020-09-28 10:31:20'),(1450,'NAJMI','6787',NULL,'$2y$10$IqnfsSB0oRqr/23SQQLS0uy8XsZpK9OqnpRmCJH2cNp2NlLAqh5aC',NULL,'2020-09-28 10:31:20','2020-09-28 10:31:20'),(1451,'NIA KURNIASIH','6788',NULL,'$2y$10$qMYHCjzI3DahaJViCn3ZJuK78ZgPi96SRYp3k0YcRf.N/WLMw77vu',NULL,'2020-09-28 10:31:20','2020-09-28 10:31:20'),(1452,'NOFIA YUNIATI','6789',NULL,'$2y$10$c3lIDlTX7boCjp1RQqIC9eIVA9tn0kcUfh82DVUQCcRWz2abosVii',NULL,'2020-09-28 10:31:20','2020-09-28 10:31:20'),(1453,'NOVIA AYUNINGTYAS','6790',NULL,'$2y$10$uPxGOPkthQiT8pdqbc.GMOT.Fa7TWX09zz/PeLKQD0STPy8RGmh8u',NULL,'2020-09-28 10:31:20','2020-09-28 10:31:20'),(1454,'PRAMESWARI AYUNING KANTI','6791',NULL,'$2y$10$jVVsuXC5Roo2uDCiJSkDIOzFxPvVq0EhQAbccv5OrAtMsJ5DMwTnG',NULL,'2020-09-28 10:31:20','2020-09-28 10:31:20'),(1455,'PUTRI HANA KARLINA','6792',NULL,'$2y$10$1/j5fHB3E46aZ7kcJ1WnhOVub1YNM2ZOb.LBaKFsXo6b61mqcaHKq',NULL,'2020-09-28 10:31:20','2020-09-28 10:31:20'),(1456,'RAUDHOTUL KHABIBAH','6793',NULL,'$2y$10$ZrLpAb/4WTsfVjYZpevPB.ON8DoJeoaicQEv5pqrcUH2P97qQp25W',NULL,'2020-09-28 10:31:21','2020-09-28 10:31:21'),(1457,'SALSABILA AMANDA APRILIANI','6794',NULL,'$2y$10$ermtnPw3D0CQ8Ros0YfwE.TlFpR2YnW/wxU0QsGsBMrQqY4T1Wj.O',NULL,'2020-09-28 10:31:21','2020-09-28 10:31:21'),(1458,'SALSABILA MEILA NAZHIFAH','6795',NULL,'$2y$10$KgVTNlADEQFqKc7ooyJgN.OkS2DUr9K3WluX.K/wMCPUfP0eF9r0C',NULL,'2020-09-28 10:31:21','2020-09-28 10:31:21'),(1459,'STANIA KHOIRI NAFSA','6796',NULL,'$2y$10$mTDGbBUhiAu2pbyIUwkGIeNgAf0ZF4UcsuW3fAXsHeHGZ2bwQ8xOu',NULL,'2020-09-28 10:31:21','2020-09-28 10:31:21'),(1460,'THALLADYIA FAZA','6797',NULL,'$2y$10$b3ypbDKJ4V7vuWDbOPJgyOSaJpQn4uPY7gEx56E49OMIBLExxxVDu',NULL,'2020-09-28 10:31:21','2020-09-28 10:31:21'),(1461,'TIARA SANI','6798',NULL,'$2y$10$28q7cXzohXQCc1qD2FOlPukhayAd7g6U7atFgf1.1oeK6LwAyxoCe',NULL,'2020-09-28 10:31:21','2020-09-28 10:31:21'),(1462,'VINA HANIM NUR AZIZAH','6799',NULL,'$2y$10$WmfX4MzmBcLnEtWIXpiiaOKJQaI3iRtREz2b/tOZWGOh7R1tNsS9S',NULL,'2020-09-28 10:31:21','2020-09-28 10:31:21'),(1463,'Yoga Eka Pramudya','6800',NULL,'$2y$10$CG/pCYVdDyZGoopAw1mzeuXo69B9SvbzvRNnKHfiTzMlz0F9bE/7m',NULL,'2020-09-28 10:31:22','2020-09-28 10:31:22'),(1464,'YUYUN FIKRI HELMIATI','6801',NULL,'$2y$10$kMeD2xtCTau66GxMDeYuJuOQNdoS8SbXcrWxylczpC/I8YVas7Uqu',NULL,'2020-09-28 10:31:22','2020-09-28 10:31:22'),(1465,'ZASRA KURNIA','6802',NULL,'$2y$10$FWE/O6GPO7JKet6vXPWDzuKMc18OJ1qIDn44INWJGeg39TOQfiS/W',NULL,'2020-09-28 10:31:22','2020-09-28 10:31:22'),(1466,'AHMAD SYAFIQ YAHYA','6803',NULL,'$2y$10$JoMfEYgPXV.jWmZHTygPz.H.o70tY2J2g.H6gL2rjMURx2m/1yL8.',NULL,'2020-09-28 10:31:22','2020-09-28 10:31:22'),(1467,'AINASYIFA PUSPITA AZZAHRA','6804',NULL,'$2y$10$L6Io2PXtWyifEGfwpBCaLOXhAk9Db.5LjCCu2gb6vI.6h92.Ogzpu',NULL,'2020-09-28 10:31:22','2020-09-28 10:31:22'),(1468,'AMALIA WIDIANI','6805',NULL,'$2y$10$q/4GVlFXa29dKsx1WzRlEuYIIsTvfeu13shxLOWar.2YOif4QOgn2',NULL,'2020-09-28 10:31:22','2020-09-28 10:31:22'),(1469,'DEO FERDINAND PRATAMA','6806',NULL,'$2y$10$js8.knxHaCudRrEYFceXwO8XrGYeG2U2dbPDHsFCXERVxdMEI.M9O',NULL,'2020-09-28 10:31:23','2020-09-28 10:31:23'),(1470,'DEVI KURNIAWATI','6807',NULL,'$2y$10$cHEeWMD3nA/5GSy1tMcK.ub4lMB.J69Ezoii7Gdakfz.7aiGle2mC',NULL,'2020-09-28 10:31:23','2020-09-28 10:31:23'),(1471,'DIYAN TIFLATUSSOLIHAH','6808',NULL,'$2y$10$97lVctWdsLyiTsoT3Z.irOCvFJgxmbeIr35UgAkUz/kSwffqn6wxi',NULL,'2020-09-28 10:31:23','2020-09-28 10:31:23'),(1472,'FELITYA SYAFIRA CATUR NUGROHENI','6810',NULL,'$2y$10$fy.qYDcypHbm/jNHB8AV1.YOSRKj9QYSeTRW2HbZoFQydCPsXaJQK',NULL,'2020-09-28 10:31:23','2020-09-28 10:31:23'),(1473,'IKROMI ALIFTIAN CAHYA','6811',NULL,'$2y$10$bByEu.m2qu1b74LGIDfIP.zX.GzZHYX64.K3K2EQcL0wafUzgWTt6',NULL,'2020-09-28 10:31:23','2020-09-28 10:31:23'),(1474,'ISMI AISSYAH','6812',NULL,'$2y$10$vtm0Ll6Fwf/xZAs.BbZkjOWaXepLQ2jeeNOW5dP27gdO1nFsYbUpu',NULL,'2020-09-28 10:31:23','2020-09-28 10:31:23'),(1475,'JADID MAULANA PRIAMBODO','6813',NULL,'$2y$10$2eRwuVB7/ZZEv3wFS06cm.EFP6hrF69UUfVdL4o6u8Uajj0puOdXu',NULL,'2020-09-28 10:31:23','2020-09-28 10:31:23'),(1476,'KAMILA','6814',NULL,'$2y$10$dAN/jKdDd0IXcW8oSa2.seapDPJpyBKg.PogxDN2Y3doTsZazbfEa',NULL,'2020-09-28 10:31:23','2020-09-28 10:31:23'),(1477,'KEIVIN EDDY SURYONO','6815',NULL,'$2y$10$4/tDWsr9OYpbIWqVE7HSqOuHG532nOfSUiCWR6qiSkQm5JL2jfc9a',NULL,'2020-09-28 10:31:24','2020-09-28 10:31:24'),(1478,'KHODIJATIL MASTUR AL FATIMIYAH','6816',NULL,'$2y$10$i1dZAcVBLfXaIghVLlRCh.gJeONcafRGu46lathfplQqKtHFwbRmy',NULL,'2020-09-28 10:31:24','2020-09-28 10:31:24'),(1479,'LIDIYA AZRA FILZAH','6817',NULL,'$2y$10$7T9N5nKnwuzyDC8gCY9o8OaAIu6LtbHpUmaVPQafnP65vDKsKxgt2',NULL,'2020-09-28 10:31:24','2020-09-28 10:31:24'),(1480,'MAULYDIA DEWI','6818',NULL,'$2y$10$zcMWDeiOF/aWRi0IeSEeJeBmh2o7g.hDNyon/SAfXAHshd2535J3.',NULL,'2020-09-28 10:31:24','2020-09-28 10:31:24'),(1481,'MUH DAVID RAMADHAN','6819',NULL,'$2y$10$tPwdefbrAXnR.sb2TPzTc.RFBFHCEuOlFUVOs035M3DQBn3ZR79Pa',NULL,'2020-09-28 10:31:24','2020-09-28 10:31:24'),(1482,'MUH. RIZKI HARIZ PRAYITNO','6820',NULL,'$2y$10$hD.LZll3MvdxGT/JdQWU2uVykYCNpaI8U37Jo4aBywRIlEnojVSDK',NULL,'2020-09-28 10:31:24','2020-09-28 10:31:24'),(1483,'MUHAMMAD BINTANG FALIH HUDANI','6821',NULL,'$2y$10$nrAcMkTDGCSKqYYvUMDYK.eznZqXbJlAeAu9IIzKJaS2tQkSPlC4y',NULL,'2020-09-28 10:31:24','2020-09-28 10:31:24'),(1484,'MUHAMMAD GHULAM DANISH','6822',NULL,'$2y$10$btYhC2kxMf1f9BTmWC2pYum2IAYqr5xoisR9QfOa0nVs81teUIZLO',NULL,'2020-09-28 10:31:24','2020-09-28 10:31:24'),(1485,'MUHAMMAD KHOIRURRISQON AZIZI','6823',NULL,'$2y$10$KR4AiCUf.2HpGFiM2Y.cxe.9jfNv2FZ6CGxAHFFZxi/SIBwNEmdfO',NULL,'2020-09-28 10:31:25','2020-09-28 10:31:25'),(1486,'MUHAMMAD RAFI FALAKH AL-BASYAR','6824',NULL,'$2y$10$hOXPRbyGX55DM3LkgIcm1OwEY4hXGJk5A4pZqfxEwItBmXplSg1/2',NULL,'2020-09-28 10:31:25','2020-09-28 10:31:25'),(1487,'MUHAMMAD SYAUQI DZULFAHMI','6825',NULL,'$2y$10$UHsRpXrAYuJBFEXfuwJJouNVYrc5uhHq5NZo7c9kBzT/0ywGGCoHq',NULL,'2020-09-28 10:31:25','2020-09-28 10:31:25'),(1488,'MUHAMMAD ZAHIRUL HAQQI','6826',NULL,'$2y$10$/vZ6gdvmg4gGwRxHufAT2uUxYieWRljqtOV9hWibw4Di83K7HrLEe',NULL,'2020-09-28 10:31:25','2020-09-28 10:31:25'),(1489,'MUQTAB AKMAL MALIK','6827',NULL,'$2y$10$I1EAzGgtm.tZKFY55WqzL.UoBsUQdCTUWa/u5VXTgwGviiXwDMF0m',NULL,'2020-09-28 10:31:25','2020-09-28 10:31:25'),(1490,'NAILA FARADISA','6828',NULL,'$2y$10$MpE5VmCz5R73mNRW6R1WHej/tfAeluNbr9WOFoxabVuLBqaIK7qvy',NULL,'2020-09-28 10:31:25','2020-09-28 10:31:25'),(1491,'NAILATUL KARIMA','6829',NULL,'$2y$10$RXQG06LRWIJAXVVvmLx4w.knwxDnpHA2nYsLfCBR.mzitymJDGDpW',NULL,'2020-09-28 10:31:25','2020-09-28 10:31:25'),(1492,'NATHALIE DEASSY ARDHIA PUTRI','6830',NULL,'$2y$10$AaoBmhPb.3ayomP8Rnp3neaHztRuZp0lMUInDOQl4bhE15JU4iUfG',NULL,'2020-09-28 10:31:25','2020-09-28 10:31:25'),(1493,'NUR HAFIDH RIZQI DESTIAN NUGRAHA','6831',NULL,'$2y$10$NF9DW3kmpWaVKWpTiGs9s.FeoKAy8b5kLeELkt1PGRL4QXab2OOg2',NULL,'2020-09-28 10:31:25','2020-09-28 10:31:25'),(1494,'RIO FIRMANSYAH','6832',NULL,'$2y$10$T5MTkpu04bau1sJVjHVL6OGH9MAgq6fYHcJ/EfBJ5iWLAEZiTqYbK',NULL,'2020-09-28 10:31:26','2020-09-28 10:31:26'),(1495,'RIZKY AULIA JASMINE','6833',NULL,'$2y$10$TuLTZSmo2m8WT0ZNcpCM/OaAiF0e747pWTrwV2r4txaA9tlL0PZou',NULL,'2020-09-28 10:31:26','2020-09-28 10:31:26'),(1496,'SITI SETIASIH','6834',NULL,'$2y$10$BKYigB8jlKBKPzQ3OdcEjOpvmQkZGFQyfmHeyjp6HdvN3wmRcPQ/S',NULL,'2020-09-28 10:31:26','2020-09-28 10:31:26'),(1497,'SYAFRINA LATIFAH HANUM','6835',NULL,'$2y$10$mDnHnqzRaXSNBC3KgaNz0.qmtArpjqhMgC0J1T1oied4I1Pv3Y3u.',NULL,'2020-09-28 10:31:26','2020-09-28 10:31:26'),(1498,'YANUAR ADI NUGROHO','6836',NULL,'$2y$10$3noVVPcY1EXJhQlhrSCWreY6nxh41J9a0ZM1nvz8ARVweDaYeyAK6',NULL,'2020-09-28 10:31:26','2020-09-28 10:31:26'),(1499,'YUVA RAJA NAYAKA WICK','6837',NULL,'$2y$10$W0HtIBHTGchvvyaxk/kvKOCj8TCvD12/ry8GBtcLZ0mwEQzY2sjqe',NULL,'2020-09-28 10:31:26','2020-09-28 10:31:26'),(1500,'ZAHIRA GIFANI SUPARDI','6838',NULL,'$2y$10$WKFlq4p1B4P38.uQCkZLcOAhnEXpnBpqWGxG6ydYW4TmgqalqhCEi',NULL,'2020-09-28 10:31:26','2020-09-28 10:31:26'),(1501,'ACHMAD ADI NUGROHO','6332',NULL,'$2y$10$D.xCtvyysUUn8SghDMriN.pLFvq6bROSZq4KKWm23So/iwn8wYlB2',NULL,'2020-09-28 10:31:26','2020-09-28 10:31:26'),(1502,'AGATHA PUTRI PERMATASARI S.','6478',NULL,'$2y$10$H16Pebvp3KXkpTjSEiz1ZOoJgLo3y7aW6nUGi3Wz4k27Kp7bFPa8O',NULL,'2020-09-28 10:31:27','2020-09-28 10:31:27'),(1503,'AKHMAD ABDURROSYID','6481',NULL,'$2y$10$4xmxiUld/Id9q6fLoj8Lk.xetM3mQXfvNqfBKSEoQ7ObR0pU0tqz2',NULL,'2020-09-28 10:37:13','2020-09-28 10:37:13'),(1504,'ALIYAH SIDQIYAH','6334',NULL,'$2y$10$UMBga8xqxJmdekAnx6B7k.5AKxw.3PLudSU0S5t5d493rTuD/WUg2',NULL,'2020-09-28 10:37:13','2020-09-28 10:37:13'),(1505,'CHALISUN FIRIFQAH','6485',NULL,'$2y$10$dYN4GKG.QqG5kJoh0EYi7.8nVkQWpQtGrkgMVcSSHDeBASMtIF68q',NULL,'2020-09-28 10:37:13','2020-09-28 10:37:13'),(1506,'DAVID ALVIAN','6486',NULL,'$2y$10$jjzTntDf5s3tQs6KEEQzJ.vqYdIYCoqW2w1LTFm5aPRa7OMHIz1vS',NULL,'2020-09-28 10:37:13','2020-09-28 10:37:13'),(1507,'DINA FUDHLATINA','6374',NULL,'$2y$10$4b3olG6699ElqnM2NwQxQOisEWtP6OW.rTEOfdtgxFhrtP8cAFGNa',NULL,'2020-09-28 10:37:13','2020-09-28 10:37:13'),(1508,'EKO CAHYO BIMANTORO','6490',NULL,'$2y$10$xO3YhnBnRYNPcB6fbh6jHeE6lI9W2RV.j4Xe6Ao5l/8VxZ.STitFa',NULL,'2020-09-28 10:37:14','2020-09-28 10:37:14'),(1509,'ERDIN RYAN ANDREANTO','6448',NULL,'$2y$10$rbD8Alj4LWE1cZyO5ggFRutlCNjc6dmgAD32jDPoPdzKTe6D8q9Xq',NULL,'2020-09-28 10:37:14','2020-09-28 10:37:14'),(1510,'FUTICHATUR ROKHMATUL UMAMI','6378',NULL,'$2y$10$A.KzoFRNOXBN6J5LTR5Upew16wCOtzmwNLSXRSq2ZgEYp6vJXhTTK',NULL,'2020-09-28 10:37:14','2020-09-28 10:37:14'),(1511,'HAFIZ WIRA ADYATMA','6494',NULL,'$2y$10$4qn0U0YzvjvJQJp8nq5MXe8H2Vl4SuyIxSO78alyire9tY6JSA7.m',NULL,'2020-09-28 10:37:14','2020-09-28 10:37:14'),(1512,'HAIKAL NAFIS ISHFAHANI WIBAWA','6495',NULL,'$2y$10$u27Vd/rHWkjK24Yv598ZwuraaDmq2pOkQIcSJTk1T69H70zeua2Tq',NULL,'2020-09-28 10:37:14','2020-09-28 10:37:14'),(1513,'HASNA PUTRI DHENIA','6496',NULL,'$2y$10$12Ui4JeNNklTycxwLrxuT.uwwXcT600L/0aYFSEv8DiUVkiJfb7I2',NULL,'2020-09-28 10:37:14','2020-09-28 10:37:14'),(1514,'KHANSA NAFIRA JASMINE','6499',NULL,'$2y$10$GO2Shxm2YEO8oayFNcZxpOw8rv4l3fVDGo0q02wk4ywlwMrplnlmu',NULL,'2020-09-28 10:37:14','2020-09-28 10:37:14'),(1515,'LAURA GRESIA AGUSTINA NAPITUPULU','6425',NULL,'$2y$10$0xsU4yNl8FL2Fq4WiUzUu.8siTlnqgyij3.S0ku8emn2RmMVyhiPW',NULL,'2020-09-28 10:37:14','2020-09-28 10:37:14'),(1516,'LAURA ROSE SAHARA','6500',NULL,'$2y$10$Kz6ypznccETPgX.DRyZHNOsjGhpJlWyOER0PD36vJK/AQxDaDaDMm',NULL,'2020-09-28 10:37:15','2020-09-28 10:37:15'),(1517,'MAHARDINA FITRI AULIA','6382',NULL,'$2y$10$UILCgMcu5.2oxJXdqqjPyeD4wtLe0xAv1urOumYXBMZvwL/rpExv.',NULL,'2020-09-28 10:37:15','2020-09-28 10:37:15'),(1518,'MARSYA NADIYYATUL HANI\'AH','6383',NULL,'$2y$10$pegnJqFbbNBDqvr2DAHmYOxty35afCpnhJR6FkchgE1KUqIF3wRYi',NULL,'2020-09-28 10:37:15','2020-09-28 10:37:15'),(1519,'MUHAMMAD FAIQ AKMAL','6457',NULL,'$2y$10$fj8ujJbbrlTj9AcEU4Mtoumv5bbri6XWJpb0JRJkDGtvaNuCbVI3y',NULL,'2020-09-28 10:37:15','2020-09-28 10:37:15'),(1520,'MUHAMMAD HISYAM ASADUL HAQ','6504',NULL,'$2y$10$OAwzkOXnlrEm/TlMYXVRCOm4HXmDzndu1EZyvHAcoD2kzg.sjO7Zy',NULL,'2020-09-28 10:37:15','2020-09-28 10:37:15'),(1521,'MUHAMMAD ILHAM','6430',NULL,'$2y$10$yoOzBLNyPC1HvHEWAmyloud4ZHetnYfUdozB942pqF20mfTjPjFHe',NULL,'2020-09-28 10:37:15','2020-09-28 10:37:15'),(1522,'MUHAMMAD ZIDAN ARRIF BILLAH','6391',NULL,'$2y$10$DMInoWzXgbNE0LhWYSeP1Of8/oSp7J1Vwlhl4Tmw9blGaiy4q.1Eq',NULL,'2020-09-28 10:37:15','2020-09-28 10:37:15'),(1523,'NABILA AZ ZAHRA','6357',NULL,'$2y$10$yjoN44EVw3K3dz0Lj7vd4OzL678JIyGSPjUVPmWedM2dWuXMuhOJC',NULL,'2020-09-28 10:37:15','2020-09-28 10:37:15'),(1524,'NAURA FIRDAUS','6505',NULL,'$2y$10$QsFVMjj.qme3BxV1LQeQnOqQgIfQq6u4Mz8CbO/wjXWPk9UhU.GF6',NULL,'2020-09-28 10:37:16','2020-09-28 10:37:16'),(1525,'NUR INES YULIANTI','6434',NULL,'$2y$10$pfzYcxwFLNF.A1FzwJchGeiTxQ1Zcx1tfYw0.tW/pp/5RQHstR4tC',NULL,'2020-09-28 10:37:16','2020-09-28 10:37:16'),(1526,'PUTRI EMBUN AULIANI','6394',NULL,'$2y$10$KTJFZ66TnshK3ipDXZepoufp1.iVhN0TCJzEVd3aSV1b2EXscHACG',NULL,'2020-09-28 10:37:16','2020-09-28 10:37:16'),(1527,'PUTRI ZULFA NABIGHAH','6361',NULL,'$2y$10$Tp/6y8QXGmaEFd7R7Cpj1uekoJCJrQgWffbD0usXkBQqFxf6yOmLu',NULL,'2020-09-28 10:37:16','2020-09-28 10:37:16'),(1528,'SABINA YULIA PRABOWO','6396',NULL,'$2y$10$hW2wkh8JGqNpSAlU6eI4yeaJh/uEVcGmI94RrdMPh2NjTTKKPfAXC',NULL,'2020-09-28 10:37:16','2020-09-28 10:37:16'),(1529,'SALMA DEVY ANDINI','6437',NULL,'$2y$10$hnbr9BJjtF6KGuctPzy/7.vCh1AjiEYtFUhdfQt0iqrsbPohZjiJy',NULL,'2020-09-28 10:37:16','2020-09-28 10:37:16'),(1530,'SHAFA NADIA KUSUMAWARDANI','6467',NULL,'$2y$10$Wxqm7Vm4txzJK/j9kCbZ2OoZ1CsuCfpKs8q1a9QLIkiweDL.jBIoy',NULL,'2020-09-28 10:37:16','2020-09-28 10:37:16'),(1531,'SUHAILA HEDRA','6398',NULL,'$2y$10$qhmyeAyunH7pjDR2sx6hJeGQEVBv.P5zuqLZFiFUFcbI/qVo/.obi',NULL,'2020-09-28 10:37:16','2020-09-28 10:37:16'),(1532,'SYAFNI RAHMA MAULIDA','6366',NULL,'$2y$10$quiYpHiydxE64euUYPFKFeDNS7u0GjfkWlvUA13pbdq5MII74643K',NULL,'2020-09-28 10:37:16','2020-09-28 10:37:16'),(1533,'TALITHA RAHMANIA','6367',NULL,'$2y$10$UFQc6uruOpXimgOMvwivdOpUP5yK6Sn2v9LqE4GIojZxjSzjc6a7W',NULL,'2020-09-28 10:37:17','2020-09-28 10:37:17'),(1534,'VIONA AMANDA','6471',NULL,'$2y$10$OlquWCd//2fL7A9eQ/kDi.KJhHQdW3hjVM7oihOU6rcpAvXTGAF3m',NULL,'2020-09-28 10:37:17','2020-09-28 10:37:17'),(1535,'YUNI AYUNING TIYAS','6402',NULL,'$2y$10$cAaZxq6saU7gE43PheX1wuFLlfC45qPXQIg1KFP1x3c.juaydntyS',NULL,'2020-09-28 10:37:17','2020-09-28 10:37:17'),(1536,'ZAHARA JASMINE','6403',NULL,'$2y$10$ZjLTv2t2QxzOocaN.hJVyetTn5aBubj6EchmIAxKQPgMRuw6TbTau',NULL,'2020-09-28 10:37:17','2020-09-28 10:37:17'),(1537,'ADIMAS AULIA MUHAMMAD','6477',NULL,'$2y$10$x5QRdTh0bvsM1CRkLyI3QOqRz0JJgFLk8H1QF.0AwRM7JCWxF2vsO',NULL,'2020-09-28 10:37:17','2020-09-28 10:37:17'),(1538,'AHDA HASAN SUNGKAR','6408',NULL,'$2y$10$8rmHK4pDU9ySWHnRRgFGB.wkHzv6bmg9CHcJqOwEFyjLrUv5f2.kG',NULL,'2020-09-28 10:37:17','2020-09-28 10:37:17'),(1539,'AISHA KIFLAINI','6480',NULL,'$2y$10$Mxk5eN1NaFPHeCpIpAeNkuSkq7Ce.IwujD2ob9l.CUPk.6f.QGDoC',NULL,'2020-09-28 10:37:17','2020-09-28 10:37:17'),(1540,'ANGELA GRACIA SANLIM','6410',NULL,'$2y$10$7vlcAz4/T6evOH5sl5cnpeSErGcILfEE0zQ67pJCTaUVLjYfPh7rW',NULL,'2020-09-28 10:37:17','2020-09-28 10:37:17'),(1541,'ANINDA FAZA','6440',NULL,'$2y$10$MWUQnd9Mq6UBR7oCB3H7c.aGMD3Yb5upBut0t0oX09lTiF0k5wrcW',NULL,'2020-09-28 10:37:18','2020-09-28 10:37:18'),(1542,'ARSYANA OKTAVIA PRAMESWARI','6443',NULL,'$2y$10$MNmtzVHD6nJ4E6fADC3XMOOJGNdFmGKlj77uyEC0yip54nS.VlwsO',NULL,'2020-09-28 10:37:18','2020-09-28 10:37:18'),(1543,'AYU DWI LESTARI PUTRI','6336',NULL,'$2y$10$.H234fV0xXvFfWsUs8VzJuoL3GdCDsKSotU26Fx2807EElurXEa.6',NULL,'2020-09-28 10:37:18','2020-09-28 10:37:18'),(1544,'DEVINA GRACIA','6447',NULL,'$2y$10$AgCGdnLWIxAylgAsFrOBe.dYNqu10YPJTgnifSXQaeEprOyo05tvG',NULL,'2020-09-28 10:37:18','2020-09-28 10:37:18'),(1545,'DEWI ARUM QORIK','6371',NULL,'$2y$10$CrYiX5OoQrZ9dlWZkvwu3O/cbz/7QZmPaO4m.O2nx.QUibwt6mrQy',NULL,'2020-09-28 10:37:18','2020-09-28 10:37:18'),(1546,'DIAN FUADAH','6372',NULL,'$2y$10$MwLWa9q3c6.3gBS69j0Cbeid7IB23vonLewrGXKQBgjZ4dHbGIN06',NULL,'2020-09-28 10:37:18','2020-09-28 10:37:18'),(1547,'DIFFA SALISTYA','6487',NULL,'$2y$10$5G6EZ6BsCiTPxiCmGenttujLEJsGxFhU880OhHeQiYfCcL1SZQKa.',NULL,'2020-09-28 10:37:18','2020-09-28 10:37:18'),(1548,'DIRA RAMADHANI AZ-ZAHRA','6376',NULL,'$2y$10$MqDN8HIGJgzzLH702fKZHuJtwtFzePD4ioEkuwn.yKNMBjyAKqHdK',NULL,'2020-09-28 10:37:18','2020-09-28 10:37:18'),(1549,'EKA ANYDIA PUTRI','6339',NULL,'$2y$10$Nw5x.cAyK90cV4knMKGZDe1lAtxKDZcr0UeaeZtzGFD9kLBxgJXgy',NULL,'2020-09-28 10:37:18','2020-09-28 10:37:18'),(1550,'FELICIA ESTEVAN LIE','6491',NULL,'$2y$10$RDg.YrwKPu3e1wbbimYwfuZhQMkp9v.arZ.G7BXe0S8pipJqsTUIq',NULL,'2020-09-28 10:37:19','2020-09-28 10:37:19'),(1551,'FRISKA DESI SABITA','6423',NULL,'$2y$10$.zN5dnSmsFZttYdrU3xz8eaNRyEFhd41d6cvhS7E0HnKfFw5HLjT2',NULL,'2020-09-28 10:37:19','2020-09-28 10:37:19'),(1552,'GABRILIA SETYOWATI','6493',NULL,'$2y$10$sNi14UJPfWfSiMsiedvP7O01olgPEq468d/HqFIm6Hy7EWyzG6Usm',NULL,'2020-09-28 10:37:19','2020-09-28 10:37:19'),(1553,'Henida Silva Laelly Rosyada','6451',NULL,'$2y$10$Ee1vyLyV5TANyJ.yCLjlpeiXUs8ibw7C/3CbtauL4b4NKn82oYrbS',NULL,'2020-09-28 10:37:19','2020-09-28 10:37:19'),(1554,'INDY KEVIN MIHOPE','6346',NULL,'$2y$10$fdUZa.TSq4X5VQKMXkYNhOZqMDZGdBw2WcKybIGg4LtbOKVJAJDFi',NULL,'2020-09-28 10:37:19','2020-09-28 10:37:19'),(1555,'INTAN NADZIFA','6379',NULL,'$2y$10$btcn5LVteGmsy7/ljxaKgeAgDBsmBQhOC2avYKAYb7Gr6Ea/1Boji',NULL,'2020-09-28 10:37:19','2020-09-28 10:37:19'),(1556,'JUSTICIA KHANSA\' LOVINA SABILILLAH','6498',NULL,'$2y$10$LkxoioOZVUf9WxKs.ycGmO7gUfI3u4plHhyPOatAfT41y/DHVooUO',NULL,'2020-09-28 10:37:19','2020-09-28 10:37:19'),(1557,'M. ISAAC KURNIAWAN','6455',NULL,'$2y$10$I9dF8ZHqNkaJ1Tn3roUZjeZtfxE8ZK6LgmP8IxpMCxAbNq5BHn5Iy',NULL,'2020-09-28 10:37:19','2020-09-28 10:37:19'),(1558,'MOCH FARIS OLDIE','6501',NULL,'$2y$10$gIijMlfDH/b9EnQZvl5AL.tGxvD8T..7qeBX9MZhCXp9lErHBCXja',NULL,'2020-09-28 10:37:19','2020-09-28 10:37:19'),(1559,'MUHAMMAD BAHRUL ILMI','6355',NULL,'$2y$10$ZwYGgq4p//eNxKCoCxOq7eSAVTYhHX7Lre8xypyo1foJZUBO76dze',NULL,'2020-09-28 10:37:20','2020-09-28 10:37:20'),(1560,'MUHAMMAD FAJRI ALVIANDIKA','6458',NULL,'$2y$10$0iq9QXcjyJfR5cjZwCa0hePDEk2LJxJLWRjE69iNntksFxcVgkLIG',NULL,'2020-09-28 10:37:20','2020-09-28 10:37:20'),(1561,'MUHAMMAD FERDYNAN ALI SYAHBANA','6388',NULL,'$2y$10$mqSv230/qP7nPQ2y10/r5Oep/KJP6uezFk1X4fqcuTz1vRmG11QoG',NULL,'2020-09-28 10:37:20','2020-09-28 10:37:20'),(1562,'MUHAMMAD RIKI','6389',NULL,'$2y$10$lz1hdkFES2pKrvjzK28p7eTdT2h2PUphgFI.vKdgbvvOpND4n.TCS',NULL,'2020-09-28 10:37:20','2020-09-28 10:37:20'),(1563,'NAILA FATHINA','6392',NULL,'$2y$10$I5jF2bqVtiXE14a6g2Nmke/s7XdUNhYwjcdazD.kE2aXThvrp/kw2',NULL,'2020-09-28 10:37:20','2020-09-28 10:37:20'),(1564,'NAUFA AFIFAH','6461',NULL,'$2y$10$UrUoraERZKjkhtqdRy8P9uNMrSDx.qT/ZagZLE3KMqWIUB3WD4N2m',NULL,'2020-09-28 10:37:20','2020-09-28 10:37:20'),(1565,'NICKEN MAHARANI BESTARI','6433',NULL,'$2y$10$riXhyC2lTDnZeCsxD7Zhs.F9tWvdWuyUGiQjR5kA7hm6gzFucFuBW',NULL,'2020-09-28 10:37:20','2020-09-28 10:37:20'),(1566,'NOVA ARIANDA AZAHRA','6393',NULL,'$2y$10$LQUUPi8f3paYmtN4k.yPk.uJvdEQWcxI4SrorvOBSOnzO2gH7uaoK',NULL,'2020-09-28 10:37:20','2020-09-28 10:37:20'),(1567,'NUR FITRIANI NIKMATUSSHOLEKHA','6463',NULL,'$2y$10$ySs0uPh46klvxLGwagE5xuRn1PTUZ.4z34SU26d384q3b3m24.dB2',NULL,'2020-09-28 10:37:21','2020-09-28 10:37:21'),(1568,'RAHMA FELIA AINI','6507',NULL,'$2y$10$Rhqgtvh6trJGUFm5YT0xmuwm239yLrpAeKtRQtfD6vN0Yp87QIOoG',NULL,'2020-09-28 10:37:21','2020-09-28 10:37:21'),(1569,'SILVIA QUTROTUN NADA','6468',NULL,'$2y$10$Nsx7AX7EQaEemH8rYr8ChuMV2/L3Nn8XeGs3fx8jl499ECDLZosWu',NULL,'2020-09-28 10:37:21','2020-09-28 10:37:21'),(1570,'TESALONIKA OLIVIA CHRISTINA','6439',NULL,'$2y$10$wedkadS5enJ95/pBF5T.meabnkMriPg2rdRADSVAmiAi8vNOPGDWG',NULL,'2020-09-28 10:37:21','2020-09-28 10:37:21'),(1571,'TITANIA AURELIA SUSETIYO PUTRI','6401',NULL,'$2y$10$lvbfeIBy5aDEJ/74sL0Y4.QYPPRNgYX9/sQZPmrXc2kedhIXx7iFa',NULL,'2020-09-28 10:37:21','2020-09-28 10:37:21'),(1572,'VIONA LAURENTIA SETIAWAN','6472',NULL,'$2y$10$b4f4TIvZGhVseH9yuFtgNO8ICaDsdmEVPk6ymqfJcA2EfPv99oiFu',NULL,'2020-09-28 10:37:21','2020-09-28 10:37:21'),(1573,'ADIBA RAIHANA ADINDA','6404',NULL,'$2y$10$7FniIqnmL1D75DScENibuuzc6L/egDCom9HrjdOKnr1vcWwb//iS6',NULL,'2020-09-28 10:37:21','2020-09-28 10:37:21'),(1574,'AKMALA SAVIRA','6368',NULL,'$2y$10$LFfnTC4ukD4EkW3uYN6oLuwdeoB98FfUF/4aRRokZNWc6cHTotOd2',NULL,'2020-09-28 10:37:21','2020-09-28 10:37:21'),(1575,'ALDINO SENTOT BAGASKARA','6482',NULL,'$2y$10$ZUy6WepY571y6oHF.xEPdeCuPFa3BFToN5f/g/hjZwCbE7jm5J18.',NULL,'2020-09-28 10:37:22','2020-09-28 10:37:22'),(1576,'ANINDA RACHMANIA AZ-ZAHRA','6411',NULL,'$2y$10$.3rlr7Fjg4rtUgcpz4sTMOr.KsM/LlpX5bMSJYc97ZSlTv1QVs8Fq',NULL,'2020-09-28 10:37:22','2020-09-28 10:37:22'),(1577,'ANJAY AYATULLOH FAROH AL-MONIER','6369',NULL,'$2y$10$RBF3.A8hUQvuKehZauc/K.Lb8xda03eVhh1X.hF.X/GN4OpMeFLeC',NULL,'2020-09-28 10:37:22','2020-09-28 10:37:22'),(1578,'ARDELIA RIZKY SURYANING PUTRI','6370',NULL,'$2y$10$q9QWtwwJS8wDprUn73VSv.2D2x4Ewuvlg5GPejzooyHflla.t05Ci',NULL,'2020-09-28 10:37:22','2020-09-28 10:37:22'),(1579,'ARINAL MUNAH','6442',NULL,'$2y$10$hJEi7RkhVjNME0zaeQpWTuSc.oQw5RSkh.UGmSv/zI5Z6c00Hl2my',NULL,'2020-09-28 10:37:22','2020-09-28 10:37:22'),(1580,'AULIA RAHMA DINIYA PUTRI','6414',NULL,'$2y$10$heFXvtOYvbAV31.sf7p9Q.MMv6boIx9a7ibBiYLrocYIsUYig3CTO',NULL,'2020-09-28 10:37:22','2020-09-28 10:37:22'),(1581,'AURA ROSE SAHARA','6444',NULL,'$2y$10$cdNtO26I.Mb7bF5YnB3qu.Vz7haoiKG2W4INcMnbAtEAnYWE8LO1S',NULL,'2020-09-28 10:37:22','2020-09-28 10:37:22'),(1582,'DEA AYU SRI WULANSARI','6417',NULL,'$2y$10$VlhPVTaFjTrV/t3SxhP6Uun1wM0.m5ITyNUI0Fv5tKezDS.yg1ByS',NULL,'2020-09-28 10:37:22','2020-09-28 10:37:22'),(1583,'DIANA ZALFANUR','6373',NULL,'$2y$10$6X/DiSwGy.PrY3rTOd8gzOzSaWo2G/OcFWMcldmU1o1qcfuAP31Ey',NULL,'2020-09-28 10:37:22','2020-09-28 10:37:22'),(1584,'DINDA NETHANIA PRASASYA','6375',NULL,'$2y$10$enKU1HtYpOCbC2Jlkumwx.wpIg4dU3y6a85Fd97NDnTQYWm5gK25.',NULL,'2020-09-28 10:37:23','2020-09-28 10:37:23'),(1585,'DIVA HARDIESTYA FANNY','6488',NULL,'$2y$10$so5LFqjg3MxxWh77cxzKZe2G6/Ko3BHoZ8I7Ya/flW/9xRhjSiJDu',NULL,'2020-09-28 10:37:23','2020-09-28 10:37:23'),(1586,'ENDANG AXTIA PUTRI PRATAMA','6377',NULL,'$2y$10$lMmj1gTwGtc9qXSqO1osp.4/q8kn8D2vygPM9veah8EPwfqJnJjLK',NULL,'2020-09-28 10:37:23','2020-09-28 10:37:23'),(1587,'FARADILLA AULIARAHMA','6449',NULL,'$2y$10$m61YVrXznngSLKUKaagGcuLkNZhFeEfAYPymUNpSMIRPi6lWFncJy',NULL,'2020-09-28 10:37:23','2020-09-28 10:37:23'),(1588,'FATY PUSPA NEGARA','6422',NULL,'$2y$10$tL0NXYoUQj6JcyX92ygbT./rDtlZE603x5ee9t6sEUy5oQsPgFoOe',NULL,'2020-09-28 10:37:23','2020-09-28 10:37:23'),(1589,'FIKA NURUL ALIM','6342',NULL,'$2y$10$5CZ.5UTSrBmfLFjN9b.ZGumHFVpxVZAJ9FU3V.C.Uxs3Nu4Hg2UI6',NULL,'2020-09-28 10:37:23','2020-09-28 10:37:23'),(1590,'ISHIKA NUR AISYAH ERDIANI','6380',NULL,'$2y$10$tOmKxNQSeYfNcbrMX4oum..CJ8uPMSgOVAO0fKqyz2kpc2AtW/kNG',NULL,'2020-09-28 10:37:23','2020-09-28 10:37:23'),(1591,'KAYLA ARSHINTA','6452',NULL,'$2y$10$XR/pM2PK2P8SOFrbDfRPc.ayVI.bf5XnPNi6o2Xw0KgtJIRg4dD6q',NULL,'2020-09-28 10:37:23','2020-09-28 10:37:23'),(1592,'KURNIA LINGGA ANDINI','6347',NULL,'$2y$10$mBayq00.US8Ijt7NE./6kOYz/kxTVNFXhWNRwP/QkBjrvCxonuYSa',NULL,'2020-09-28 10:37:23','2020-09-28 10:37:23'),(1593,'M. IRZA RAMADHANI','6454',NULL,'$2y$10$CR.qJPVnv1rb0Hf4P1xG..nK12TcW2ZelzB1K4.8jBTTU/RfFIHi6',NULL,'2020-09-28 10:37:24','2020-09-28 10:37:24'),(1594,'MARITZA SALWA NABILA','6426',NULL,'$2y$10$52Tq4bpK8gZq6tv.KCf//uDBt6wInYWmy8erobLBd0/TZNR6Try8q',NULL,'2020-09-28 10:37:24','2020-09-28 10:37:24'),(1595,'MARSANDA BERLIAN','6351',NULL,'$2y$10$NjXaeMHdrvfsX.BhLF/FO.i0efJY1enyyrV0nDvuXuEw2PPMHSRMa',NULL,'2020-09-28 10:37:24','2020-09-28 10:37:24'),(1596,'MOCHAMMAD REYHAND BACHIS','6384',NULL,'$2y$10$WwwDrrdmOxaLPzTalgUoNeQg5dFt97xkvUo9MM/zbREpKHN9puMMq',NULL,'2020-09-28 10:37:24','2020-09-28 10:37:24'),(1597,'MOHAMMAD ADI HARTOYO','6385',NULL,'$2y$10$4MAGqk181YlJMrp2QNJVtOtsK.c0ArOkzOLQksuc/14eO9OkB2P.q',NULL,'2020-09-28 10:37:24','2020-09-28 10:37:24'),(1598,'MUHAMMAD\' AMRUDIEN','6387',NULL,'$2y$10$MtqEZK2xjrEB.pPY6bwJy.WH.sTD3UwUZhGGfucjjGbiX0wEHI7yS',NULL,'2020-09-28 10:37:24','2020-09-28 10:37:24'),(1599,'MUHAMMAD YAFI DHIYAULHAQ','6390',NULL,'$2y$10$dq3pvjctOTK7pyFGN8Csq.5Y3xfkLJx/iwenK35tWr3qJMBmkqifu',NULL,'2020-09-28 10:37:24','2020-09-28 10:37:24'),(1600,'NOVREZA MAHADIPUTRA','6462',NULL,'$2y$10$lEb6dQhNMcXcROeuq86Cp.l4jhnl2gVuB86mi2lHKj56EeUn4EDCC',NULL,'2020-09-28 10:37:24','2020-09-28 10:37:24'),(1601,'SALMA NAILATU SYIFA','6397',NULL,'$2y$10$j6D2Ru2nkl3b8GzEVl8nyubtyqXfhyptRa7WS7VRFIA0xGYx21ec.',NULL,'2020-09-28 10:37:25','2020-09-28 10:37:25'),(1602,'TALITA RAMADHANTYA TANDO','6470',NULL,'$2y$10$DnOan/KsLLHg/WebI3vgQ.ItxUtFmJR3aRuPWwybpXJc58MitcgT6',NULL,'2020-09-28 10:37:25','2020-09-28 10:37:25'),(1603,'TAUFIQUL HAKIM TSABIT','6400',NULL,'$2y$10$euLLUOOHUS0JpXGElhP2nuy8VUYW4ppGCo6ITOnqbb19yBX8XON2G',NULL,'2020-09-28 10:37:25','2020-09-28 10:37:25'),(1604,'VANIA SETIANI WIBOWO','6509',NULL,'$2y$10$SV5UDUPSDMyV2WZXqN/YlemreEn9G0BwVWgz5sKTZo2t3ddYoB.Hy',NULL,'2020-09-28 10:37:25','2020-09-28 10:37:25'),(1605,'VIRADITA','6473',NULL,'$2y$10$ArgaZrZhnj9wZ6N00/rhsOyE.dFIjC0/r0/7yHXgAxv0GnYXbbJEK',NULL,'2020-09-28 10:37:25','2020-09-28 10:37:25'),(1606,'WANDA AGSELA DURBA','6474',NULL,'$2y$10$5caoq3S14HtE.rQ2x4dgJOKz4OAL3oMQv5d8rX9zIsAJnG0WwG/Ou',NULL,'2020-09-28 10:37:25','2020-09-28 10:37:25'),(1607,'YUNI DANUWATI','6510',NULL,'$2y$10$povU7H.NRxTcwFynp6HUH.zVFpjDOfiaE5A68gBFIAeqtYCYpRLGi',NULL,'2020-09-28 10:37:25','2020-09-28 10:37:25'),(1608,'ZAHRA HUWAIDA','6511',NULL,'$2y$10$meOpHVvePfELU3X1pU3Ff.nTDMXfwr2xleOd3vzfrn1vAAimSQbEy',NULL,'2020-09-28 10:37:25','2020-09-28 10:37:25'),(1609,'ADRIA FARHAN ARNALDA','6405',NULL,'$2y$10$hgQTgaTL0Z3kZfe469VJVOjBNLe6Bff7rFiXB0jhT71gjx2gpfmCm',NULL,'2020-09-28 10:37:26','2020-09-28 10:37:26'),(1610,'AGILIA NURUL UTAMI','6479',NULL,'$2y$10$QB13/.SbhanEYLrLnyrJnOnRyVrKZ8jzGddo2hJGV8Pe6gAVURZ7m',NULL,'2020-09-28 10:37:26','2020-09-28 10:37:26'),(1611,'AMANDA PUTRI MEIRANI','6409',NULL,'$2y$10$i5Yt/wFOaljvWlVtdYY3cOmSwBM2UOTERHnS9jOcA6CTxEQoGGJua',NULL,'2020-09-28 10:37:26','2020-09-28 10:37:26'),(1612,'ARGA RAFA NAGATA ALFARABI','6412',NULL,'$2y$10$y84Wa73h7nKe3vaRTSS9I.eIsBlObT4NxNedtJfaAaAuK3dFp0hKm',NULL,'2020-09-28 10:37:26','2020-09-28 10:37:26'),(1613,'BAGUS SETYA PRAMANA','6445',NULL,'$2y$10$Dc0UlD/DyNJsYQiknHEi9Od7PNGc1wUVZWJ9Pa.m7d/Ux460IVNja',NULL,'2020-09-28 10:37:26','2020-09-28 10:37:26'),(1614,'CANA TABITA DE LAKSA ARTA','6415',NULL,'$2y$10$0wlIVk0aliwDhEnLQRR3Oe2FSS85SJcfW37RV61b9gEfqGHy7Jzyy',NULL,'2020-09-28 10:37:26','2020-09-28 10:37:26'),(1615,'CHUSNUL NANDA APRILLYANI','6416',NULL,'$2y$10$Z8tB6WigZ1UA8vRQK9QJsON5VC1n/rKblE7DIrOL6NT0iFlXMbEeC',NULL,'2020-09-28 10:37:26','2020-09-28 10:37:26'),(1616,'DIMAS WISNU HANGGITA','6418',NULL,'$2y$10$o5cE0aLQmQ7fy5IpOeUAq.vrWipwnMUchxd/wxRuRb7PxUNtUNm66',NULL,'2020-09-28 10:37:26','2020-09-28 10:37:26'),(1617,'ELSA SYAHPUTRI','6420',NULL,'$2y$10$qd6BZbheSvGfMOHotk8UL.beGTXVqMF.8Mb8E1UZwr31yeddeEUbi',NULL,'2020-09-28 10:37:26','2020-09-28 10:37:26'),(1618,'FARDA AZKIYA BILLAH','6421',NULL,'$2y$10$flp92twhuCsjHQsANRgPR.o5qUOOcwqvvIWDGFHfh5rUaUxThOCGS',NULL,'2020-09-28 10:37:27','2020-09-28 10:37:27'),(1619,'FARHAN','6450',NULL,'$2y$10$edcRq5b7NN5yZWljYNFcxuLFodu0Ax0hqkyzjAtBEmWD2HaeBNM7C',NULL,'2020-09-28 10:37:27','2020-09-28 10:37:27'),(1620,'FERDANI VETO WIJAYA','6341',NULL,'$2y$10$V3.9L2dqnzgo72jT6WI./.iMxuk9BidLCwydAN6dSlB2s/AXseCM6',NULL,'2020-09-28 10:37:27','2020-09-28 10:37:27'),(1621,'FIRDA SALMAH ATIATUL MAULA','6492',NULL,'$2y$10$zCXGn0FA9KrvLLPBL4u6aeu5SpGfBJ1q9Z2B2ncGs1uFIMCxwKM7W',NULL,'2020-09-28 10:37:27','2020-09-28 10:37:27'),(1622,'IKRIMAH','6497',NULL,'$2y$10$0Epq0EGoNGyBqyLneyYBmut7mth3QYXuJzQIXf7wCtdKiroxwo9GC',NULL,'2020-09-28 10:37:27','2020-09-28 10:37:27'),(1623,'KANANA ANTANA IRAWAN','6381',NULL,'$2y$10$16dQyP7uVq161htGdBWUqe60vmSydYCjWf1ICirUPkq3lsW7/3Kb6',NULL,'2020-09-28 10:37:27','2020-09-28 10:37:27'),(1624,'LIVIA FARDAH PERMATASARI','6348',NULL,'$2y$10$ELgJ6Kydbhbnshtmi/6xkOAXeDNxfn4/qAPSWTO7TIEjouNxMupje',NULL,'2020-09-28 10:37:27','2020-09-28 10:37:27'),(1625,'LIYANI AGUSTIN','6349',NULL,'$2y$10$FcO7wbPzaocif1HmSmPnZurLwlGc4D4.EAtUNmRTg6OsQUSe1m7fu',NULL,'2020-09-28 10:37:27','2020-09-28 10:37:27'),(1626,'M. FAZAL FIRDAUS','6453',NULL,'$2y$10$tPhdRyG3Ba.bx8vgx9shbuagsADTeVIHF5fkFKKVk2gFWTzJH3IY.',NULL,'2020-09-28 10:37:28','2020-09-28 10:37:28'),(1627,'MAISA NABILA AZZAHRA','6350',NULL,'$2y$10$QLBdsn6Mhp0y/HOBwmbsUOsHZCqaD/bXR2D2.79uBzuAqLxQPM.RK',NULL,'2020-09-28 10:37:28','2020-09-28 10:37:28'),(1628,'MUCHAMAD FIRDAUS','6427',NULL,'$2y$10$0PIXtSnIC50zVmg.fenUP.so3K4xjUbehbvG0OTiqSsfxI9ZEDeU2',NULL,'2020-09-28 10:37:28','2020-09-28 10:37:28'),(1629,'MUCHAMMAD IQBAL MUSYAFAK','6428',NULL,'$2y$10$mFd4mfJ2mCNshDauiCCf/OR7/atTzm9m66kODTdjXdUHYEnBchmQW',NULL,'2020-09-28 10:37:28','2020-09-28 10:37:28'),(1630,'MUHAMMAD AIFA SAPUTRA','6456',NULL,'$2y$10$oKGoWBzTEOU0cq3M/7/cwekh1sdZWpaCeZUD4gVvz0HFhVsn42pgK',NULL,'2020-09-28 10:37:28','2020-09-28 10:37:28'),(1631,'MUHAMMAD ARIF TIRTANA ARADHEA','6354',NULL,'$2y$10$bOxegBECpYFqyk4VsRKDRueKvce8wpUHa/odvJlTSrrdB.DL7gbgu',NULL,'2020-09-28 10:37:28','2020-09-28 10:37:28'),(1632,'MUHAMMAD NAUFAL ARKAN','6459',NULL,'$2y$10$6GQxjAZz8LYpqEonAYECNe5tYJLFjDOFq6Ia0RCguJf/I9UU6Czii',NULL,'2020-09-28 10:37:28','2020-09-28 10:37:28'),(1633,'MUHAMMAD NUGRAHANING MEYDI','6460',NULL,'$2y$10$DYeIj1YZ02Kx2Q/Y2HS4cOiM7whUWidk06QZZDfOAuVluIyPtD3.i',NULL,'2020-09-28 10:37:28','2020-09-28 10:37:28'),(1634,'MUHAMMAD SYAMSUL ULUM','6431',NULL,'$2y$10$IP8O5VcnC2RPuni7QxumUujqpZ0KDkSFjHdNJAJsItT2MNlkeB73.',NULL,'2020-09-28 10:37:29','2020-09-28 10:37:29'),(1635,'NIDA HUWAIDA','6506',NULL,'$2y$10$H/ewbxbnZu63MTo7SG/kTeTg6E3XG.Wl5kSkoKPR/HQR4/17A.MQW',NULL,'2020-09-28 10:37:29','2020-09-28 10:37:29'),(1636,'NUR HANAFI','6464',NULL,'$2y$10$bxIaCMKRA3SLrPG.aZpRmOMZ/uCpUMpPWwbS1AH/LmWtnYBnB6JmG',NULL,'2020-09-28 10:37:29','2020-09-28 10:37:29'),(1637,'NUR ROHMANIA','6360',NULL,'$2y$10$0mvBNDQj9weX8FfHylJXSu2TfSQtOOBvXAb4aO3YTM3mwTDmOFnCm',NULL,'2020-09-28 10:37:29','2020-09-28 10:37:29'),(1638,'RAHMAT AFAN ANDANO','6395',NULL,'$2y$10$SDCKP0JFQbdg3RLVxU/O8e/PiM/OyU0S3JEzYHDFkwRAKvOn4oABS',NULL,'2020-09-28 10:37:29','2020-09-28 10:37:29'),(1639,'RIZQON MAULANA','6466',NULL,'$2y$10$hT4VDMcPEE.P1um9XLTPee50l6soCb8hXL.AcB0nbb0MgfneMpr8m',NULL,'2020-09-28 10:37:29','2020-09-28 10:37:29'),(1640,'SAFIRA VIVI RAMADANTI','6362',NULL,'$2y$10$LOM4R1o2iinI9LMYnXS8ROYz1JVtFSVCrpkf/w1PWSREPTxIoaCcC',NULL,'2020-09-28 10:37:29','2020-09-28 10:37:29'),(1641,'SAHILA HIKMATUL MAULA','6363',NULL,'$2y$10$KUvNqWAcFTFFat99dMQXi.rBHVPEq2Dx.YgFQzHEnxM03fMsbIsRa',NULL,'2020-09-28 10:37:29','2020-09-28 10:37:29'),(1642,'SITI MULYATI','6469',NULL,'$2y$10$R3Tox9d4.7aDMrm6xnsVWOoM6b5tYvDFoDbzMi030SYkGsVXqkfJ.',NULL,'2020-09-28 10:37:29','2020-09-28 10:37:29'),(1643,'SULTHAN AHMAD ROYYAN','6586',NULL,'$2y$10$XgYgZLF5kTcSo1xK9gQBwOezqshepgpL2uK5LlptI07BHgdhCvZU.',NULL,'2020-09-28 10:37:30','2020-09-28 10:37:30'),(1644,'YULYANDA DWI PANGESTIKA','6475',NULL,'$2y$10$ahRbPRin5/g7JKIk0CWaEOhb1ZIg3HTEPuV7wmhcOa2uPNnatAMma',NULL,'2020-09-28 10:37:30','2020-09-28 10:37:30'),(1645,'A. LATHIF MUKTI KUSUMO','6476',NULL,'$2y$10$FAKCTd/.0TwU8f5sHC1Douu7mXMFJgJ3La09f2x9js3x9F6Vc5SaO',NULL,'2020-09-28 10:37:30','2020-09-28 10:37:30'),(1646,'ADRIAN HARTANTO SETIONO','6406',NULL,'$2y$10$PquMeOkWf2S/MImg.HvUT.MTcZKTTSW4dXus/AlsFozydc0F9GKei',NULL,'2020-09-28 10:37:30','2020-09-28 10:37:30'),(1647,'ADYATMA FAKHRI','6407',NULL,'$2y$10$WQBwYHcllEmCq7/d.kxyxelYEGhTZZZdbkUjRZsRpJ6rGxzpZ11kS',NULL,'2020-09-28 10:37:30','2020-09-28 10:37:30'),(1648,'ALFINA MARTHA','6333',NULL,'$2y$10$N.FZ/ZcRSAQw2kcOKUuz2eyB.8Y4FmKtJID0emmxpoivxpDShocrW',NULL,'2020-09-28 10:37:30','2020-09-28 10:37:30'),(1649,'ANIKE AGUSTINA PUTRI ANGKAWIJAYA','6483',NULL,'$2y$10$HtrF1.K3/XkdIC2q.HoP1ehSQiFRlWaV5i0a1Lq6E6Pqczm/NwJoa',NULL,'2020-09-28 10:37:30','2020-09-28 10:37:30'),(1650,'ARCHELINO IVANDRA','6441',NULL,'$2y$10$Yb2sEIQtUNo5jcyo9EoLKOQNCuJjgVQ71JSO/z/48HXvvQQOFNwh.',NULL,'2020-09-28 10:37:30','2020-09-28 10:37:30'),(1651,'ARIESTO AZEL KRISNANDHA','6413',NULL,'$2y$10$ZUXdDBvppRejTl8MA8rYcefY2iIpPIS6x1biZ8cyjD5hyo4JZB/Q.',NULL,'2020-09-28 10:37:31','2020-09-28 10:37:31'),(1652,'ASEP ADHAM FAKHRUDDIN','6335',NULL,'$2y$10$WCy/L0KdlynuciYipgS.ZuG81kchO3h2nuvhQIqJ3Z7n9e8XuJ0se',NULL,'2020-09-28 10:37:31','2020-09-28 10:37:31'),(1653,'AUDRIA WAFFIQ AZIZAH','6484',NULL,'$2y$10$wd.AHlxU1djq20P8DWGPvu4dbMOPkW808X2Ix4VAW78J0.3wJnjw2',NULL,'2020-09-28 10:37:31','2020-09-28 10:37:31'),(1654,'BAGUS NUR ALAM','6337',NULL,'$2y$10$YUFEcGuBdLo6IkJm0GbYc.sePuOJlyXum21m/vOB51ssKXAO..MPa',NULL,'2020-09-28 10:37:31','2020-09-28 10:37:31'),(1655,'BELA PUTRI JUNITA','6338',NULL,'$2y$10$09SpcgFTHwLuXx6M25tW2efP9gc5Ol6oVH7z5XNBeEsdq98cZ2wGu',NULL,'2020-09-28 10:37:31','2020-09-28 10:37:31'),(1656,'CINTA AUREL FARADHIKA','6446',NULL,'$2y$10$gLX5AzoDNnnQz9WM.vEUl.k6ZjpfFl7h3tHIPs5uoND1/8Vwv7DbO',NULL,'2020-09-28 10:37:31','2020-09-28 10:37:31'),(1657,'EKA DEWI SURYANI','6489',NULL,'$2y$10$eNyWLfTp.Y39tkZ4A5w8oeUhi.4q9DYAHesRAnh4k7wPXTXN26T9m',NULL,'2020-09-28 10:37:31','2020-09-28 10:37:31'),(1658,'EKA MUMTAZA','6419',NULL,'$2y$10$pzjd7At2UZjN.9jQ4UtT.eDvIYOr94IVNNMxM7HKJS2l2Dcx4D45K',NULL,'2020-09-28 10:37:31','2020-09-28 10:37:31'),(1659,'FARREL ARDRA MUHAMMAD','6340',NULL,'$2y$10$mtSDGJZSBC7Y7qPyNJACR.6ZbYWK8D1eZsXSgvoWSers7hctFzriu',NULL,'2020-09-28 10:37:31','2020-09-28 10:37:31'),(1660,'GHANI HUSNI FATA','6343',NULL,'$2y$10$jK8NgI9TS3dSLx6QARiy1u8JbvylV1TdpuHepbDwPRB5h7hkQ170e',NULL,'2020-09-28 10:37:32','2020-09-28 10:37:32'),(1661,'HANIF PRASETYO HERLAMBANG','6344',NULL,'$2y$10$3p/PFxXKpVu3pgzcf5JBqOuTowAqhbHfQ219dRaPlu2LCSmDPGu.K',NULL,'2020-09-28 10:37:32','2020-09-28 10:37:32'),(1662,'IISTIANA AISYAH','6345',NULL,'$2y$10$m45bhyDysDH31IIZHw0Nb.FthYFFBz5.WDfhWBf05HmZ2IqiUdEm2',NULL,'2020-09-28 10:37:32','2020-09-28 10:37:32'),(1663,'INTAN MONICA ATIKASARI','6424',NULL,'$2y$10$gnn2SCuusL/u1Adnp7dfY.M/DHQ5pZVm2NYMKI8lBetFo7//1qJES',NULL,'2020-09-28 10:37:32','2020-09-28 10:37:32'),(1664,'MOHAMMAD MIRZAM MAULANA','6502',NULL,'$2y$10$aI3aXZnf9NIKzZEt78ellu1v.CtmE/BwklisQJd96TiFBfEEDzWnG',NULL,'2020-09-28 10:37:32','2020-09-28 10:37:32'),(1665,'MUCHAMAD ILHAM FIRMANA','6352',NULL,'$2y$10$fg51biIljJ1Cpu2KphVzlOay2XGoswRHmsYUbzQxVfQnGV2SXd7oG',NULL,'2020-09-28 10:37:32','2020-09-28 10:37:32'),(1666,'MUHAMMAD ALHADI MUNTAHAR','6386',NULL,'$2y$10$7Z8gAd4Gks/16tWwXWp3pOk5law.bYtWzS3e0LLkiypMx7RWcKNka',NULL,'2020-09-28 10:37:32','2020-09-28 10:37:32'),(1667,'MUHAMMAD DINAS ALMUFARRID','6429',NULL,'$2y$10$NbOU/hNF0c3RL3J9csj6Q.hsQPRq1wNgSHxtp23Ofgwo.t7XyhVxm',NULL,'2020-09-28 10:37:32','2020-09-28 10:37:32'),(1668,'MUHAMMAD HAEKAL AKBAR','6356',NULL,'$2y$10$205GrgHQXq40RrTY3RvFUOPI46.tN6AwT7OJi6PeLzJh3h8mXKHn6',NULL,'2020-09-28 10:37:33','2020-09-28 10:37:33'),(1669,'MUHAMMAD HAIDAR RUSLI','6503',NULL,'$2y$10$K2ZtCV6G.XItR9KEXdl9fuZ3yctQTeIYIwnC/lwsnPnpwxyv0PpWm',NULL,'2020-09-28 10:37:33','2020-09-28 10:37:33'),(1670,'NAUFAL HARITS','6358',NULL,'$2y$10$dEYd3fTeGIPcGoWB96pWWuUkaI/jbjTaYVwBpKKphWujFphGuruCW',NULL,'2020-09-28 10:37:33','2020-09-28 10:37:33'),(1671,'NAUFAL RAYHAN ALI RAHMAN','6359',NULL,'$2y$10$w9gPahT8ZcWXYf99d/olwOkX8pJE2txGr4L0x2ja2xC1MOGiKNmre',NULL,'2020-09-28 10:37:33','2020-09-28 10:37:33'),(1672,'NAZARINA AULIA','6432',NULL,'$2y$10$PWQ46xuhJRW0MuF85XoPgea97fSVxovuzqqrxy65X7iXfX1zFnSPq',NULL,'2020-09-28 10:37:33','2020-09-28 10:37:33'),(1673,'RAYNOR JAN SULISTIAN APTAVEDA','6508',NULL,'$2y$10$AEPLBmEa5k99ayi1Jo9g5uZb2yERRqsyU1o3L3glEmOgJXz0WOhJW',NULL,'2020-09-28 10:37:33','2020-09-28 10:37:33'),(1674,'RIFDA QORRI DZIKRIANA','6435',NULL,'$2y$10$4Z9ZIpGDGt69e6sExLI01eR/a85qA/9Ku/QVi6Ldn8PWmrNnhOBIi',NULL,'2020-09-28 10:37:33','2020-09-28 10:37:33'),(1675,'RIZKI FITRIANA','6465',NULL,'$2y$10$nPm/MBG8LFTumg6GTJoWQeqrsPofPmLuUYxaxY6VdPxltKDyECQwS',NULL,'2020-09-28 10:37:33','2020-09-28 10:37:33'),(1676,'RIZKY MEIRIANTO HALIM','6436',NULL,'$2y$10$w2FZMCOWeQqPfpZ.1F0OqOH9lLnAHDBSPdKwsvMI9cXtMf/ZgDwJS',NULL,'2020-09-28 10:37:33','2020-09-28 10:37:33'),(1677,'SALWA GHAISANI SYARIIFAH ARIFINNIA','6364',NULL,'$2y$10$/ZXUBQn68d1u9jTijYq//e3PrMtU9EVJvBA5KzHIwJ74nGI88vFhK',NULL,'2020-09-28 10:37:34','2020-09-28 10:37:34'),(1678,'SHAYLLA ADINDA YUSTICIA','6365',NULL,'$2y$10$6aCEUeOfc7y6uHNV7AZii.YW8l2OUIep81..QXY4tZsu2.g1L0UyC',NULL,'2020-09-28 10:37:34','2020-09-28 10:37:34'),(1679,'STEPHEN ABEDNEGO PHILEMON','6438',NULL,'$2y$10$q95kOifHPzy91547w2GWN.DLOweW11zvbU5Fqnt1/A2iw4fsH.eSG',NULL,'2020-09-28 10:37:34','2020-09-28 10:37:34'),(1680,'TABRIZ','6399',NULL,'$2y$10$PSVzYJsIHQ33iR7jG77.iuhpN6MYhjnZICp0MMzXYF/Rtaj/uIUfO',NULL,'2020-09-28 10:37:34','2020-09-28 10:37:34'),(1681,'ACHMAD ADI DZIKRON','6548',NULL,'$2y$10$ZBA11ggPL1YmXpMr0xMnN.C4LrYU2xpzDDDsnuwO32p.3o3/Bvz/.',NULL,'2020-09-28 10:37:34','2020-09-28 10:37:34'),(1682,'AFFAN TAQIY EFFENDY','6549',NULL,'$2y$10$IkdrAsEDpLudb8WR0o0W2ujjghVWShCgWRGxiuwU6Q.gekh1yDuMC',NULL,'2020-09-28 10:37:34','2020-09-28 10:37:34'),(1683,'ALI RIDHO','6550',NULL,'$2y$10$1MjlU8TGMBEqxMCCT2hCUu7NXZWB7OPiYBYoh.F/RW01FPz3CLqQi',NULL,'2020-09-28 10:37:34','2020-09-28 10:37:34'),(1684,'AMALIA RACHMAWATI','6551',NULL,'$2y$10$8Bp49FfCZhpsxIWQ54.pm.tRkdCRKEDLV9/n7OFY0FqvBXGJOl08G',NULL,'2020-09-28 10:37:34','2020-09-28 10:37:34'),(1685,'ARDHINI WAHYU WULAN','6552',NULL,'$2y$10$NvAtJSnnyoJLuQKQGnL4LexjcrBLDVNxWaUTJJrDzaU2IU0ol5JZK',NULL,'2020-09-28 10:37:34','2020-09-28 10:37:34'),(1686,'ASTI ANINDYA','6553',NULL,'$2y$10$AjT2W.54S9nsD4cE9a.53uhXvljJLwhlZHinn0Edc5opU/TOh1jzm',NULL,'2020-09-28 10:37:35','2020-09-28 10:37:35'),(1687,'Citra Wardani Visi Santosa','6554',NULL,'$2y$10$EvC2kjWD30d/mw3S/uhY7uiOAbMB0qhLzpjY.ak.d.PSH0LjfBF9.',NULL,'2020-09-28 10:37:35','2020-09-28 10:37:35'),(1688,'EDITYA ANISSA SYAHBANI','6555',NULL,'$2y$10$qIhb3aVnE5bGYA7lPTuYO.BVTckgMnR25MzWaTu9l99xYqz6rqUMm',NULL,'2020-09-28 10:37:35','2020-09-28 10:37:35'),(1689,'FATHIA ADELLIA','6556',NULL,'$2y$10$b4AiZyRMJSBX2URFwkS7fO/xBFd9g2Qg2ZJjlkQJt4bXjbrmveuFm',NULL,'2020-09-28 10:37:35','2020-09-28 10:37:35'),(1690,'FRANS MAULANA','6557',NULL,'$2y$10$ifOMMHzpG9wzZjlKqAoxjOjntEjNQ.QMzcM9vvqCglUGRRdBkENbO',NULL,'2020-09-28 10:37:35','2020-09-28 10:37:35'),(1691,'GANANG MEIDI PUTRANDITO','6558',NULL,'$2y$10$was84vV5aHt7YKyhYYMAPuIJyU1jx4y1SLX/gxM93X4.LJ70GV0du',NULL,'2020-09-28 10:37:35','2020-09-28 10:37:35'),(1692,'GHAISANI RATNA AGUSTINE','6559',NULL,'$2y$10$UdvuRiVKVxpp0hyWP3VaqONSZE/uo2OJUy41kXLyg5iJS/psGi.oy',NULL,'2020-09-28 10:37:35','2020-09-28 10:37:35'),(1693,'GUSTI MOHAMMAD RASYA','6587',NULL,'$2y$10$RbbfTrJeikiwDd61.7t2z.n1ObdXYOQ4.O7C3CYJlNL/82Izn/y1C',NULL,'2020-09-28 10:37:35','2020-09-28 10:37:35'),(1694,'IFFAH SISKAMAYA','6560',NULL,'$2y$10$LXv3RN01ZovIdWuKKFoG4O.kXYYJDPITmnoh4.zyYkyyZvicnE2.u',NULL,'2020-09-28 10:37:36','2020-09-28 10:37:36'),(1695,'KURNIA ADHITIA RAHMA','6561',NULL,'$2y$10$Q63oXWAU8AWDzZ2IkCaQbOCznRfUQrNl/i8faPPmFNFE.Hh3e.jqq',NULL,'2020-09-28 10:37:36','2020-09-28 10:37:36'),(1696,'LUKMAN ABDUL AZIZ','6562',NULL,'$2y$10$aoUe7ljcpOTkBezvdkD.0O/Nonf5hYz3XTmKAXR3njppB/z0ut1pq',NULL,'2020-09-28 10:37:36','2020-09-28 10:37:36'),(1697,'M. Firman Fadly Adriansyah','6563',NULL,'$2y$10$TvDRhJAidPKVUw1DGy.v2eQoa2yg8MBXLIVMq3WOkbYSolboxS1sO',NULL,'2020-09-28 10:37:36','2020-09-28 10:37:36'),(1698,'M. WISNU DARMAWAN','6564',NULL,'$2y$10$8/JVqwbw5zX5bi4QhpIiw.lBpUCif8PNxuilJGybSOAoPuJqi./Km',NULL,'2020-09-28 10:37:36','2020-09-28 10:37:36'),(1699,'MUHAMMAD BIN HUSEIN AL KETIRI','6565',NULL,'$2y$10$zGTdPp8bf2JhyyMStzjmTubW1qlAn1fdgfkxU1jKLS2/0k7ptxLSK',NULL,'2020-09-28 10:37:36','2020-09-28 10:37:36'),(1700,'MUHAMMAD IN\'AAMUN CHASAN','6566',NULL,'$2y$10$BueQAiWrPtpI/hDgJGptlecrt0o3AoYzGx9Qjg85SdOVBRdhIhgTq',NULL,'2020-09-28 10:37:36','2020-09-28 10:37:36'),(1701,'MUHAMMAD ZAKI REVANO','6567',NULL,'$2y$10$4JK10RzSJ5NUca9BhatnoO0Eq9puZ2H6x3NQDmu/DK2kgtj47tJiq',NULL,'2020-09-28 10:37:36','2020-09-28 10:37:36'),(1702,'MUHAMMAD ZIYAN ADEN','6568',NULL,'$2y$10$aBDL5A2DezWN1MwkJLcd6.0t3NlTP9Tp5irv8.Bv8qvadsuOvRRTO',NULL,'2020-09-28 10:37:37','2020-09-28 10:37:37'),(1703,'NADIA NABILA','6569',NULL,'$2y$10$ZvMaruWoX8eK3j5SP26QGeyolEkcJr4NZ3gRAtozbC5Smv6WSe5k6',NULL,'2020-09-28 10:37:37','2020-09-28 10:37:37'),(1704,'NAILAH RIZQIA AZHAR','6570',NULL,'$2y$10$lPBYViJgLr0cGwkdjpj9de12Q0WXalOerKUOfQQgThsk3sHu3GZzK',NULL,'2020-09-28 10:37:37','2020-09-28 10:37:37'),(1705,'NANDA ARTA WIJAYA','6571',NULL,'$2y$10$tMj8NthNStGUirG.T1ezheU2C7vStq7D8eTvCqQrUoviwpvkeDZ3O',NULL,'2020-09-28 10:37:37','2020-09-28 10:37:37'),(1706,'NAUFAL MUFID FEBRIAN','6572',NULL,'$2y$10$PnpxKdv5N5lAWeDqWbXRDOs8zYBPCIqbEjrPL7ECV5kWD15Y9xMFu',NULL,'2020-09-28 10:37:37','2020-09-28 10:37:37'),(1707,'NISRIN NADIAH PUTRI','6573',NULL,'$2y$10$eZsI3zlxtwO5cwWhurfcb.eT1UZxeTMCA5TzO8AWb0HJnMA2sDgFS',NULL,'2020-09-28 10:37:37','2020-09-28 10:37:37'),(1708,'NOVITA AJENG RAHMARULIA','6574',NULL,'$2y$10$ic10sMTqM0Hw2Bb5FvkSnejMRa4rHrvbVwAnidmcp9x/NVzHnOrLu',NULL,'2020-09-28 10:37:37','2020-09-28 10:37:37'),(1709,'PUTRI RAMADANI','6575',NULL,'$2y$10$8FHUfSRydQlelVe104.7lenearuUsEhjZMqVrdKnJVzKs6WkQTJk2',NULL,'2020-09-28 10:37:37','2020-09-28 10:37:37'),(1710,'Rahma Mahalia Ladaina ','6576',NULL,'$2y$10$prFU6PX8.XsBeWLjdrRUKe5aaHqgiyfAiG0uwvxt7v7WJAGyf7bfy',NULL,'2020-09-28 10:37:37','2020-09-28 10:37:37'),(1711,'RENDY DWI PERMANA','6577',NULL,'$2y$10$UZ8SCXCjyFnudzjCpxz2Ue3i2ahqPHSWsNL4ZjV2mHrx7unKleKki',NULL,'2020-09-28 10:37:38','2020-09-28 10:37:38'),(1712,'RICHARDO GILBERT RUDY YANTO','6578',NULL,'$2y$10$5r27/5ZDeygm4uhwgFxYyeNHyES47jI4Bmi/e11dDgy4RgQ63JAni',NULL,'2020-09-28 10:37:38','2020-09-28 10:37:38'),(1713,'ROY WILDAN NOVANTO','6579',NULL,'$2y$10$ZEiTH6XR4G58gqYHlVs6fOmJ.cYVkfFWAeuSLqUW8IKuN.mZtVglm',NULL,'2020-09-28 10:37:38','2020-09-28 10:37:38'),(1714,'SHAFA BERLIANA DHAMAYANTIE','6580',NULL,'$2y$10$MB2xKDj.pnJzB6WQiCiOA.6r2O/x6IJczplYTvujVwEDPK7Hzqatq',NULL,'2020-09-28 10:37:38','2020-09-28 10:37:38'),(1715,'SITI NUR HALIZA','6581',NULL,'$2y$10$pt688pt28KDRyVJl5ixuru.rZznpI50BODBKa8xPkXZXhpxC3q9dm',NULL,'2020-09-28 10:37:38','2020-09-28 10:37:38'),(1716,'YULAN ANDINI','6582',NULL,'$2y$10$oO6Yy6qiPxNiGRGuonlSfeeZG4hza6pMt25fAkTqWeqnYpO5pHY6y',NULL,'2020-09-28 10:37:38','2020-09-28 10:37:38'),(1717,'ADIBA AMALIA ELSHIVA','6512',NULL,'$2y$10$DkZjk99i0hlXY3nCtdT7/uE7MbHjUW2XTyKpTE.63SbBOjoBtjR1a',NULL,'2020-09-28 10:37:38','2020-09-28 10:37:38'),(1718,'AHMAD FADLIL ASY-SYAROFI','6513',NULL,'$2y$10$e0ApAJBBsAweqAIxlst9HeP3/VVXAkxmE8nOZ1F5HEl15brhzaOuG',NULL,'2020-09-28 10:37:38','2020-09-28 10:37:38'),(1719,'AHMAD RAFI ATHOILLAH','6514',NULL,'$2y$10$Uf4m3CtZAiN0F8QMdR5d..EUF92cfLhY/OeI5gQsZhKWakw3A0iZO',NULL,'2020-09-28 10:37:39','2020-09-28 10:37:39'),(1720,'ANDRE AJI SETYANTO','6515',NULL,'$2y$10$EuvQQQ80zaP5o9lXLb.i4ekeTS.Mj5MkSSASMHjN43nrCrFnp3B3K',NULL,'2020-09-28 10:37:39','2020-09-28 10:37:39'),(1721,'ARYA SULTAN ZAKY','6516',NULL,'$2y$10$OWgBKm91scgwEC0AZH6rTuRrRLz1PnTz5GmntplffCPQsMp8Ris02',NULL,'2020-09-28 10:37:39','2020-09-28 10:37:39'),(1722,'ASNINA. AS','6517',NULL,'$2y$10$DRGRBgqoUSZoWvcUBS1ep.QTEK67kpxxIc0BhA9RTMNlI1aDWVt3W',NULL,'2020-09-28 10:37:39','2020-09-28 10:37:39'),(1723,'AULIA SALWA','6518',NULL,'$2y$10$hbpLp6hRV0OMWVZInkte7.xNrXZp.juFioUSMwL7SEuLy1qQHw6Ry',NULL,'2020-09-28 10:37:39','2020-09-28 10:37:39'),(1724,'AYU TRISNA SETYANDINI','6584',NULL,'$2y$10$.qFArx/H/2JIsYyp2yxOS.Ptubybml.sjCLUKFQd.oYLrhzojBMmi',NULL,'2020-09-28 10:37:39','2020-09-28 10:37:39'),(1725,'BAGUS MUHAMMAD ARGI PRIHANTORO','6519',NULL,'$2y$10$AwmfEtlUGblIIY8HM.gigemFyklcHJcb1N6M37ywq1mP25y/MxOdu',NULL,'2020-09-28 10:37:39','2020-09-28 10:37:39'),(1726,'BELLA AULIA FADILLA','6520',NULL,'$2y$10$tK9Qvhpmbj/J6Du1LNXp6OfahNIB1yGFD7dM8plXkw9UKBfdkH4Ma',NULL,'2020-09-28 10:37:39','2020-09-28 10:37:39'),(1727,'BELVA AURELIA SHANA','6521',NULL,'$2y$10$caKQiTJhppTU/UKrm2V6xuk7opTriusrn0QVYVTTUu4UOeLKmUyGi',NULL,'2020-09-28 10:37:39','2020-09-28 10:37:39'),(1728,'DHEA AULIA','6522',NULL,'$2y$10$mzEJ/K9wng3jGLT53OCauO8Go9lLbu7148ui/g1IrY3vA5hlHhJjK',NULL,'2020-09-28 10:37:40','2020-09-28 10:37:40'),(1729,'HANA KIREI SASMITA','6523',NULL,'$2y$10$RtEr2KFGelzAYgqyacCg2e4DZ2wikF7r/sNHxCQ8lW94aQk97kQuG',NULL,'2020-09-28 10:37:40','2020-09-28 10:37:40'),(1730,'HASAN AL MUJTABA ALATAS','6524',NULL,'$2y$10$KENGjhsFWwQryNyb0HIeoevFziJTVrtAjiLEBlv9S0VZS85hItACq',NULL,'2020-09-28 10:37:40','2020-09-28 10:37:40'),(1731,'ILHAM WINANTYA PUTRA','6525',NULL,'$2y$10$tPTnFYiqzg4yfaXbFU/aSuKfAIuBK/Ti7MHv14Rk3zHAv7zfAZKsO',NULL,'2020-09-28 10:37:40','2020-09-28 10:37:40'),(1732,'INDANA LAZULFA','6526',NULL,'$2y$10$BG8kTB0hi6HXx8RN8Fo6WO334BXQlWCJ1NhX2kZ6bJYQ7Ukqhi0P6',NULL,'2020-09-28 10:37:40','2020-09-28 10:37:40'),(1733,'LAISLA BONITA','6527',NULL,'$2y$10$FclzAFhJpkj1XmaKg43y2eLoxsiegMP40CXTzY7mVzg.SmYr8sBmi',NULL,'2020-09-28 10:37:40','2020-09-28 10:37:40'),(1734,'M. Amrullah Setia Bella','6528',NULL,'$2y$10$BsZ8rPuhz56rpTfN2NVWquyFz8v7uE8nn.IH6UClxQksDvag9tb82',NULL,'2020-09-28 10:37:40','2020-09-28 10:37:40'),(1735,'MICHELLE PATRICIA','6529',NULL,'$2y$10$1AYLPi5myXypCeO9RzJLvOZiJWWWXIo6aIPvqhFggyQ/pFGeXChHW',NULL,'2020-09-28 10:37:40','2020-09-28 10:37:40'),(1736,'MUHAMMAD BINTANG NAVARRO','6530',NULL,'$2y$10$EvtS10NWXWPRKaLkhN6mjuq32nhV.EHuDEJwYo50BvIHP7Qj9WBHW',NULL,'2020-09-28 10:37:41','2020-09-28 10:37:41'),(1737,'MUHAMMAD HANIF AZHAHIR','6531',NULL,'$2y$10$lx9B0e7khZ5iDVfVGkfUCuJwPqqpTnTGe7rkwnPnkXSpsJaw4oo8.',NULL,'2020-09-28 10:37:41','2020-09-28 10:37:41'),(1738,'MUSLIMATUL AMINAH','6532',NULL,'$2y$10$5Kvi.2oOKlaxMlRbo5dr6eOk9X6yp7wzuWyldLgopZ4M0NeWQl3H.',NULL,'2020-09-28 10:37:41','2020-09-28 10:37:41'),(1739,'MUTIARA DWI NURANI','6533',NULL,'$2y$10$ebdtbtWNP3kUjwzlsgY/I.KdFnn6I3lwoIUSStPQk3t6Lxj9/1yv2',NULL,'2020-09-28 10:37:41','2020-09-28 10:37:41'),(1740,'NICOLAS ADRIANUS BUDIYANTO','6534',NULL,'$2y$10$BguQhDE98z5bbN8.d7hrq.U.G7KogntAW.I7M4eAIpyLUoyM.lIM6',NULL,'2020-09-28 10:37:41','2020-09-28 10:37:41'),(1741,'NONI AMALIA FITRI','6535',NULL,'$2y$10$gc9HrFveLEwxJf8OqnSAmOIgm46n/8FJuF78ktrQlDLDTZFaBWjRG',NULL,'2020-09-28 10:37:41','2020-09-28 10:37:41'),(1742,'RANI SORAYA','6536',NULL,'$2y$10$bzNsxoiCUNCk44Py6u9z5OyVUw/RNCGO2KStFFhAGorV5xd8UtdYG',NULL,'2020-09-28 10:37:41','2020-09-28 10:37:41'),(1743,'RAYA MAGHFIROTUNNISA','6537',NULL,'$2y$10$4Kqwu7YY3BxSRLf3zPxoTe.8ICQH0xfIk2Pqi/MYZVdXZ.imE7VlS',NULL,'2020-09-28 10:37:41','2020-09-28 10:37:41'),(1744,'RONAA NABIILAH','6539',NULL,'$2y$10$GvDhwwny6J4fQke7z.B9WuZgrrUpEjBZQ5XCYx.eQJgP2fkdVROs.',NULL,'2020-09-28 10:37:41','2020-09-28 10:37:41'),(1745,'SALMA NURUL BAIDHO','6540',NULL,'$2y$10$5FcL6zxcUuFnNUTVxpsrmuOAGW4Tb4X5KLspqo0Z8iAakXRdcYhl.',NULL,'2020-09-28 10:37:42','2020-09-28 10:37:42'),(1746,'SHAFIRA MAULIDYA','6541',NULL,'$2y$10$//vJK2oj/yVXsaJoT/kcKufV0EV6OgQuAAT2BFCPjobMwqWJ3WQ1y',NULL,'2020-09-28 10:37:42','2020-09-28 10:37:42'),(1747,'TARISA OKTAVIA','6542',NULL,'$2y$10$8jxWOnGtw7nEvH3ed7eVYuNqEMuG44X1ffrAVmKGUL2iQJrsqpvpK',NULL,'2020-09-28 10:37:42','2020-09-28 10:37:42'),(1748,'TISNA YULIANA','6543',NULL,'$2y$10$mJCmfxiGdqMHqiYJxuo0IeP0mXjCaux8N.WHb1uTfqC3/WTBaA.fi',NULL,'2020-09-28 10:37:42','2020-09-28 10:37:42'),(1749,'UMI SALAMAH','6544',NULL,'$2y$10$jDrJ.jz5QzKuO2zsvzEXnedxvu1hSlDN23QwVTNjPljqL.ANJ1dVC',NULL,'2020-09-28 10:37:42','2020-09-28 10:37:42'),(1750,'VALENCIA REGINA RENATA','6545',NULL,'$2y$10$9bHDhVmQFvIboH2yVtL2XOdA7sixQiVNL3a3CTNXsc9uVRDifVjRS',NULL,'2020-09-28 10:37:42','2020-09-28 10:37:42'),(1751,'WIDYA ANGGRAENI','6546',NULL,'$2y$10$QXVX/NI33C8LdHp3TQM5geJk4nGSrLsgt0xv8vosAHc5pPhX9atve',NULL,'2020-09-28 10:37:42','2020-09-28 10:37:42'),(1752,'YULIHANNA MAULIDYA','6547',NULL,'$2y$10$yWKEHi35PrgErPqz.jFCeuuXEJkbCG/i0b2g1zpLvgIhV7lOqm7Oe',NULL,'2020-09-28 10:37:42','2020-09-28 10:37:42');
/*!40000 ALTER TABLE `users` ENABLE KEYS */;
UNLOCK TABLES;
/*!40103 SET TIME_ZONE=@OLD_TIME_ZONE */;

/*!40101 SET SQL_MODE=@OLD_SQL_MODE */;
/*!40014 SET FOREIGN_KEY_CHECKS=@OLD_FOREIGN_KEY_CHECKS */;
/*!40014 SET UNIQUE_CHECKS=@OLD_UNIQUE_CHECKS */;
/*!40101 SET CHARACTER_SET_CLIENT=@OLD_CHARACTER_SET_CLIENT */;
/*!40101 SET CHARACTER_SET_RESULTS=@OLD_CHARACTER_SET_RESULTS */;
/*!40101 SET COLLATION_CONNECTION=@OLD_COLLATION_CONNECTION */;
/*!40111 SET SQL_NOTES=@OLD_SQL_NOTES */;

